card-link--3ssYv href,heading--2eONR,details--1GUIn,premium-member--3Qd1D,price--3SnqI,updated-time--1DbCk
https://ikman.lk/en/ad/katubadda-junction-luxury-house-for-sale-for-sale-colombo-2,Katubadda Junction Luxury House for Sale,Bedrooms: 4 | Bathrooms: 3,MEMBER,"Rs 68,500,000",2 minutes
https://ikman.lk/en/ad/beautiful-brand-new-house-for-sale-in-piliyandala-for-sale-colombo-14,Beautiful Brand New House for Sale in Piliyandala,Bedrooms: 5 | Bathrooms: 3,MEMBER,"Rs 45,000,000",10 minutes
https://ikman.lk/en/ad/fully-complete-new-house-for-sale-in-kottawa-mattegoda-for-sale-colombo-1,Fully Complete New House for Sale in Kottawa Mattegoda,Bedrooms: 3 | Bathrooms: 2,MEMBER,"Rs 17,000,000",11 minutes
https://ikman.lk/en/ad/superb-luxury-two-story-house-for-sale-in-piliyandala-for-sale-colombo-1,Superb Luxury Two Story House for Sale in Piliyandala,Bedrooms: 4 | Bathrooms: 3,MEMBER,"Rs 42,000,000",11 minutes
https://ikman.lk/en/ad/house-for-sale-nugegoda-dabare-place-for-sale-colombo,"HOUSE FOR SALE – NUGE​​GODA, DABARE PLACE",Bedrooms: 5 | Bathrooms: 2,MEMBER,"Rs 49,500,000",14 minutes
https://ikman.lk/en/ad/house-for-sale-malabe-kahanthota-road-for-sale-colombo-2,HOUSE FOR SALE – MALABE | KAHANTHOTA ROAD,Bedrooms: 3 | Bathrooms: 3,MEMBER,"Rs 60,000,000",19 minutes
https://ikman.lk/en/ad/stunning-specious-luxury-two-story-house-for-sale-in-pitakotte-kotte-for-sale-colombo,"Stunning, specious, luxury two story house for sale in Pitakotte - Kotte",Bedrooms: 5 | Bathrooms: 5,MEMBER,"Rs 79,500,000",36 minutes
https://ikman.lk/en/ad/house-for-sale-in-gated-community-dampe-piliyadnala-near-tnl-for-sale-colombo,House For Sale in Gated Community Dampe Piliyadnala Near TNL,Bedrooms: 4 | Bathrooms: 2,MEMBER,"Rs 29,500,000",40 minutes
https://ikman.lk/en/ad/single-story-modern-brand-new-house-homagama-diyagama-for-sale-colombo,Single Story Modern Brand-New House Homagama Diyagama,Bedrooms: 3 | Bathrooms: 2,MEMBER,"Rs 23,000,000",42 minutes
https://ikman.lk/en/ad/eye-catching-house-for-sale-in-meegoda-for-sale-colombo-2,Eye catching |House for sale in Meegoda,Bedrooms: 3 | Bathrooms: 2,MEMBER,"Rs 31,000,000",
https://ikman.lk/en/ad/brand-new-2-storied-house-for-sale-piliyandala-for-sale-colombo-86,Brand New 2 Storied House for Sale – Piliyandala,Bedrooms: 4 | Bathrooms: 3,MEMBER,"Rs 39,000,000",
https://ikman.lk/en/ad/brand-new-2-storied-house-for-sale-malabe-arangala-for-sale-colombo-1,"Brand New 2 Storied House for Sale – Malabe, Arangala",Bedrooms: 4 | Bathrooms: 3,MEMBER,"Rs 44,000,000",
https://ikman.lk/en/ad/brand-new-2-storied-house-for-sale-piliyandala-for-sale-colombo-87,Brand New 2 Storied House for Sale – Piliyandala,Bedrooms: 4 | Bathrooms: 3,MEMBER,"Rs 44,000,000",
https://ikman.lk/en/ad/modern-slab-roof-single-storey-2-bedroom-house-for-sale-in-dehiwala-for-sale-colombo,Modern Slab Roof Single Storey 2 Bedroom House For Sale In Dehiwala,Bedrooms: 2 | Bathrooms: 2,,"Rs 33,000,000",
https://ikman.lk/en/ad/moderntwo-storey-house-for-sale-in-piliyandala-for-sale-colombo,ModernTwo Storey House for Sale in Piliyandala,Bedrooms: 3 | Bathrooms: 2,,"Rs 27,500,000",
https://ikman.lk/en/ad/vttinaa-temhl-nivsk-kottttaavenvikiniimtthw78268-for-sale-colombo,වටිනා තෙමහල් නිවසක් කොට්ටාවෙන්විකිනීමට(hw78268),Bedrooms: 4 | Bathrooms: 5,MEMBER,"Rs 31,000,000",1 hour
https://ikman.lk/en/ad/brand-new-single-storey-luxury-house-for-sale-in-diyagamai9826-for-sale-colombo,Brand New Single Storey Luxury House for Sale In Diyagama(i9826),Bedrooms: 3 | Bathrooms: 2,MEMBER,"Rs 21,500,000",1 hour
https://ikman.lk/en/ad/brand-new-single-storey-luxury-house-for-sale-in-diyagamau766-for-sale-colombo,Brand New Single Storey Luxury House for Sale In Diyagama(u766),Bedrooms: 3 | Bathrooms: 2,MEMBER,"Rs 21,500,000",1 hour
https://ikman.lk/en/ad/brand-new-single-storey-house-for-sale-in-kottawa-polgasowita-io9k-for-sale-colombo,Brand New Single Storey House for Sale in Kottawa Polgasowita (io9k),Bedrooms: 3 | Bathrooms: 2,MEMBER,"Rs 25,000,000",1 hour
https://ikman.lk/en/ad/brand-new-single-storey-house-for-sale-in-kottawa-polgasowita-pii81008-for-sale-colombo,Brand New Single Storey House for Sale in Kottawa Polgasowita (pii81008),Bedrooms: 3 | Bathrooms: 2,MEMBER,"Rs 25,000,000",2 hours
https://ikman.lk/en/ad/grand-luxury-residence-for-sale-at-kotte-em054ac-for-sale-colombo,Grand Luxury Residence for sale at Kotte (EM054AC),Bedrooms: 6 | Bathrooms: 7,MEMBER,"Rs 360,000,000",2 hours
https://ikman.lk/en/ad/brand-new-single-two-storey-house-for-sale-inn-mattegodag729o1-for-sale-colombo,Brand New Single two storey house for sale inn Mattegoda(g729o1,Bedrooms: 4 | Bathrooms: 4,MEMBER,"Rs 46,500,000",2 hours
https://ikman.lk/en/ad/brand-new-single-two-storey-house-for-sale-inn-mattegodai7o1-for-sale-colombo,Brand New Single two storey house for sale inn Mattegoda((i7o1,Bedrooms: 4 | Bathrooms: 4,MEMBER,"Rs 46,500,000",2 hours
https://ikman.lk/en/ad/house-for-sale-in-mount-lavinia-im800-for-sale-colombo,House For Sale In Mount Lavinia (IM800),Bedrooms: 2 | Bathrooms: 1,,"Rs 15,500,000",2 hours
https://ikman.lk/en/ad/alutinm-idikrn-ld-atisukhoopboogii-tnimhl-nivs-mttegoddin-vikiniimttap928o-for-sale-colombo,අලුතින්ම ඉදිකරන ලද අතිසුඛෝපබෝගී තනිමහල් නිවස මත්තෙගොඩින් විකිනීමට(AP928o,Bedrooms: 3 | Bathrooms: 2,MEMBER,"Rs 30,500,000",2 hours
https://ikman.lk/en/ad/16-p-with-luxury-house-for-sale-for-sale-colombo,16 P With Luxury House For Sale,Bedrooms: 4 | Bathrooms: 4,MEMBER,"Rs 53,000,000",
https://ikman.lk/en/ad/two-storied-house-for-sale-in-colombo-06-for-sale-colombo-19,Two Storied House For Sale In Colombo 06,Bedrooms: 5 | Bathrooms: 4,MEMBER,"Rs 260,000,000",33 minutes
https://ikman.lk/en/ad/luxury-architect-designed-house-for-sale-in-jayanthipura-battaramulla-for-sale-colombo,Luxury Architect Designed House for Sale in Jayanthipura Battaramulla,Bedrooms: 6 | Bathrooms: 7,,"Rs 450,000,000",
https://ikman.lk/en/ad/brand-new-house-sale-malabe-for-sale-colombo-84,Brand New House Sale Malabe,Bedrooms: 3 | Bathrooms: 3,MEMBER,"Rs 32,500,000",38 minutes
https://ikman.lk/en/ad/brand-new-house-for-sale-piliyandala-polgasowita-for-sale-colombo-3,BRAND NEW HOUSE FOR SALE PILIYANDALA POLGASOWITA,Bedrooms: 3 | Bathrooms: 2,MEMBER,"Rs 22,500,000",38 minutes
https://ikman.lk/en/ad/two-storied-house-for-sale-in-kohuwala-for-sale-colombo,Two Storied House For Sale In Kohuwala,Bedrooms: 4 | Bathrooms: 3,MEMBER,"Rs 125,000,000",39 minutes
https://ikman.lk/en/ad/beautiful-brand-new-house-for-sale-in-piliyandala-for-sale-colombo-20,BEAUTIFUL BRAND NEW HOUSE FOR SALE IN PILIYANDALA,Bedrooms: 3 | Bathrooms: 2,MEMBER,"Rs 24,500,000",39 minutes
https://ikman.lk/en/ad/two-storied-house-for-sale-in-dehiwala-for-sale-colombo-75,Two Storied House For Sale In Dehiwala,Bedrooms: 4 | Bathrooms: 2,MEMBER,"Rs 53,000,000",43 minutes
https://ikman.lk/en/ad/thalawathugoda-new-house-for-sale-for-sale-colombo-1,thalawathugoda new house for sale,Bedrooms: 4 | Bathrooms: 3,MEMBER,"Rs 53,500,000",43 minutes
https://ikman.lk/en/ad/new-single-storey-quality-house-for-sale-in-piliyandala-for-sale-colombo,New Single Storey Quality House For Sale in Piliyandala,Bedrooms: 3 | Bathrooms: 3,MEMBER,"Rs 24,500,000",43 minutes
https://ikman.lk/en/ad/beautiful-brand-new-house-for-sale-in-piliyandala-for-sale-colombo-19,BEAUTIFUL BRAND NEW HOUSE FOR SALE IN PILIYANDALA,Bedrooms: 3 | Bathrooms: 2,MEMBER,"Rs 22,500,000",44 minutes
https://ikman.lk/en/ad/luxury-4-bedrooms-new-house-for-sale-in-piliyandala-kesbawa-for-sale-colombo,LUXURY 4 BEDROOMS NEW HOUSE FOR SALE IN PILIYANDALA KESBAWA,Bedrooms: 4 | Bathrooms: 3,MEMBER,"Rs 46,500,000",
https://ikman.lk/en/ad/house-for-sale-in-nawinna-maharagama-for-sale-colombo,"House for Sale in Nawinna, Maharagama",Bedrooms: 5 | Bathrooms: 3,,"Rs 140,000,000",
https://ikman.lk/en/ad/super-single-story-house-for-sale-nugegoda-for-sale-colombo-2,Super Single Story House for Sale Nugegoda,Bedrooms: 3 | Bathrooms: 2,MEMBER,"Rs 32,500,000",1 hour
https://ikman.lk/en/ad/hyilevl-paartt-300m-hoomaagm-goddgmin-addk-nimkl-demhl-nivs-km-13871-for-sale-colombo,හයිලෙවල් පාරට 300m හෝමාගම ගොඩගමින් අඩක් නිමකල දෙමහල් නිවස / KM 13871,Bedrooms: 2 | Bathrooms: 1,MEMBER,"Rs 9,500,000",1 hour
https://ikman.lk/en/ad/battaramulla-luxury-property-for-sale-for-sale-colombo-7,battaramulla luxury property for sale,Bedrooms: 4 | Bathrooms: 3,MEMBER,"Rs 160,000,000",1 hour
https://ikman.lk/en/ad/few-left-b-new-4-3br-house-for-sale-canterbury-golf-piliyandala-for-sale-colombo,FEW LEFT: B/New 4/3BR House For Sale Canterbury Golf Piliyandala,Bedrooms: 4 | Bathrooms: 3,MEMBER,"Rs 29,500,000",
https://ikman.lk/en/ad/all-facility-with-brand-new-house-in-malabe-for-sale-colombo-17,All Facility With Brand New House In Malabe,Bedrooms: 3 | Bathrooms: 3,MEMBER,"Rs 29,000,000",1 hour
https://ikman.lk/en/ad/house-for-sale-in-athurugiriya-for-sale-colombo-2804,House for Sale in Athurugiriya,Bedrooms: 4 | Bathrooms: 3,,"Rs 25,000,000",
https://ikman.lk/en/ad/house-for-sale-in-colombo-05-for-sale-colombo-514,House for Sale in Colombo 05,Bedrooms: 3 | Bathrooms: 2,MEMBER,"Rs 140,000,000",1 hour
https://ikman.lk/en/ad/house-for-sale-athurugiriya-for-sale-colombo-1301,House for Sale Athurugiriya,Bedrooms: 3 | Bathrooms: 2,,"Rs 22,500,000",
https://ikman.lk/en/ad/brand-new-3-bedrooms-house-for-sale-in-homagama-pitipana-for-sale-colombo-17,BRAND NEW 3 BEDROOMS HOUSE FOR SALE IN HOMAGAMA PITIPANA,Bedrooms: 3 | Bathrooms: 2,MEMBER,"Rs 16,500,000",1 hour
https://ikman.lk/en/ad/brand-new-4-bedrooms-house-for-sale-in-piliyandala-madapatha-road-for-sale-colombo-9,Brand new 4 Bedrooms House for sale in Piliyandala Madapatha Road,Bedrooms: 4 | Bathrooms: 3,MEMBER,"Rs 32,000,000",1 hour
https://ikman.lk/en/ad/10p-land-with-old-house-for-sale-in-boralla-for-sale-colombo-17,10p Land With Old House for Sale in Boralla,Bedrooms: 4 | Bathrooms: 4,MEMBER,"Rs 100,000,000",1 hour
https://ikman.lk/en/ad/thalawathugoda-city-luxury-house-for-sale-for-sale-colombo-1,thalawathugoda city luxury house for sale,Bedrooms: 9 | Bathrooms: 8,MEMBER,"Rs 200,000,000",1 hour
https://ikman.lk/en/ad/borlsgmuv-supiri-nivsk-vkinimtt-for-sale-colombo,බොරලස්ගමුව සුපිරි නිවසක් ව්කිනිමට,Bedrooms: 4 | Bathrooms: 3,MEMBER,"Rs 109,000,000",1 hour
https://ikman.lk/en/ad/beautiful-brand-new-house-for-sale-in-piliyandala-for-sale-colombo-18,BEAUTIFUL BRAND NEW HOUSE FOR SALE IN PILIYANDALA,Bedrooms: 3 | Bathrooms: 2,MEMBER,"Rs 23,500,000",1 hour
https://ikman.lk/en/ad/two-storey-house-for-sale-in-kottawa-for-sale-colombo-203,Two Storey House for Sale in Kottawa,Bedrooms: 4 | Bathrooms: 2,,"Rs 31,000,000",
https://ikman.lk/en/ad/95p-2-storied-newly-built-house-for-sale-in-dehiwala-for-sale-colombo,9.5P 2 Storied Newly Built House for Sale in Dehiwala,Bedrooms: 7 | Bathrooms: 5,,"Rs 95,000,000",
https://ikman.lk/en/ad/house-for-sale-at-kindelpitiya-for-sale-colombo,House for Sale at Kindelpitiya,Bedrooms: 3 | Bathrooms: 2,,"Rs 12,500,000",1 hour
https://ikman.lk/en/ad/brand-new-modern-single-story-house-for-sale-kasbawa-for-sale-colombo-10,Brand New Modern Single-Story House for Sale – Kasbawa,Bedrooms: 3 | Bathrooms: 2,MEMBER,"Rs 24,500,000",1 hour
https://ikman.lk/en/ad/homagama-godagama-near-highlevel-road-brand-new-house-for-sale-for-sale-colombo,Homagama - Godagama near highlevel road brand new house for sale .,Bedrooms: 3 | Bathrooms: 2,MEMBER,"Rs 17,500,000",
https://ikman.lk/en/ad/525p-3-storied-unit-house-for-sale-in-wellawatte-for-sale-colombo,5.25P 3 Storied Unit House for Sale in Wellawatte,Bedrooms: 8 | Bathrooms: 5,,"Rs 100,000,000",
https://ikman.lk/en/ad/house-for-sale-in-pita-kotte-for-sale-colombo-192,House for Sale in Pita Kotte,Bedrooms: 3 | Bathrooms: 2,MEMBER,"Rs 40,000,000",1 hour
https://ikman.lk/en/ad/brand-new-house-for-sale-in-battaramulla-for-sale-colombo-739,brand new house for sale in Battaramulla,Bedrooms: 3 | Bathrooms: 2,MEMBER,"Rs 29,000,000",1 hour
https://ikman.lk/en/ad/3-story-house-for-sale-in-moratuwa-ch1766-for-sale-colombo-6,3 Story House For Sale In Moratuwa - CH1766,Bedrooms: 6 | Bathrooms: 4,MEMBER,"Rs 75,000,000",1 hour
https://ikman.lk/en/ad/house-for-sale-in-colombo-05-for-sale-colombo-513,House For Sale in Colombo 05,Bedrooms: 9 | Bathrooms: 9,MEMBER,"Rs 300,000,000",1 hour
https://ikman.lk/en/ad/luxury-house-for-sale-in-pelawatta-for-sale-colombo-63,Luxury House for Sale in Pelawatta,Bedrooms: 4 | Bathrooms: 3,MEMBER,"Rs 69,500,000",1 hour
https://ikman.lk/en/ad/brand-new-house-for-sale-in-battaramulla-for-sale-colombo-730,brand new house for sale in battaramulla,Bedrooms: 3 | Bathrooms: 2,MEMBER,"Rs 29,500,000",1 hour
https://ikman.lk/en/ad/20-p-super-luxury-house-for-sale-in-pitakotte-for-sale-colombo,20 P super luxury house for sale in pitakotte,Bedrooms: 5 | Bathrooms: 5,MEMBER,"Rs 220,000,000",1 hour
https://ikman.lk/en/ad/165-p-2-storied-house-for-sale-in-dehiwala-close-to-galle-road-for-sale-colombo,16.5 P 2 STORIED HOUSE FOR SALE IN DEHIWALA CLOSE TO GALLE ROAD,Bedrooms: 3 | Bathrooms: 2,,"Rs 85,000,000",1 hour
https://ikman.lk/en/ad/97-perch-brand-new-6br-3-storey-house-for-sale-in-polgasowita-for-sale-colombo,9.7 Perch Brand-New 6BR 3-Storey House for Sale in Polgasowita,Bedrooms: 6 | Bathrooms: 5,MEMBER,"Rs 85,000,000",
https://ikman.lk/en/ad/architect-designed-3br-house-for-sale-in-kohuwala-hs4766-for-sale-colombo,Architect-Designed 3BR House for Sale in Kohuwala (HS4766),Bedrooms: 3 | Bathrooms: 3,MEMBER,"Rs 125,000,000",
https://ikman.lk/en/ad/85-p-2-storied-architect-design-luxury-house-for-sale-in-dehiwala-for-sale-colombo-2,8.5 P 2 STORIED ARCHITECT DESIGN LUXURY HOUSE FOR SALE IN DEHIWALA,Bedrooms: 5 | Bathrooms: 4,,"Rs 95,000,000",1 hour
https://ikman.lk/en/ad/2316-p-colonial-type-2-units-house-for-sale-in-nugegoda-for-sale-colombo,23.16 P COLONIAL TYPE 2 UNITS HOUSE FOR SALE IN NUGEGODA,Bedrooms: 6 | Bathrooms: 4,,"Rs 162,500,000",1 hour
https://ikman.lk/en/ad/3-bedrooms-new-house-for-sale-in-homagama-godagama-for-sale-colombo-6,3 BEDROOMS NEW HOUSE FOR SALE IN HOMAGAMA GODAGAMA,Bedrooms: 3 | Bathrooms: 2,MEMBER,"Rs 19,500,000",
https://ikman.lk/en/ad/two-storey-4-bedrooms-house-for-sale-in-piliyandala-kesbawa-for-sale-colombo-8,Two Storey 4 Bedrooms House for Sale in Piliyandala Kesbawa,Bedrooms: 4 | Bathrooms: 2,MEMBER,"Rs 34,500,000",2 hours
https://ikman.lk/en/ad/dh1169-brand-new-modern-luxury-house-for-sale-in-kottawa-for-sale-colombo-15,(DH1169) Brand New Modern Luxury House for Sale in Kottawa,Bedrooms: 3 | Bathrooms: 2,MEMBER,"Rs 39,000,000",2 hours
https://ikman.lk/en/ad/ph726-luxury-three-storey-house-for-sale-in-thalapathpitiya-for-sale-colombo-81,(PH726) Luxury Three Storey House for Sale in Thalapathpitiya,Bedrooms: 4 | Bathrooms: 5,MEMBER,"Rs 115,000,000",2 hours
https://ikman.lk/en/ad/ph570-house-for-sale-in-nugegoda-for-sale-colombo-78,(PH570) House for sale in Nugegoda,Bedrooms: 4 | Bathrooms: 2,MEMBER,"Rs 79,000,000",2 hours
https://ikman.lk/en/ad/ph894-brand-new-house-with-swimming-pool-for-sale-in-piliyandala-for-sale-colombo-44,(PH894) Brand New House with Swimming Pool for Sale in Piliyandala,Bedrooms: 5 | Bathrooms: 3,MEMBER,"Rs 65,000,000",2 hours
https://ikman.lk/en/ad/ph946-brand-new-modern-luxury-2-storey-house-for-sale-in-piliyandala-for-sale-colombo-34,(PH946) Brand New Modern Luxury 2 Storey House for Sale in Piliyandala,Bedrooms: 4 | Bathrooms: 3,MEMBER,"Rs 44,000,000",2 hours
https://ikman.lk/en/ad/ph979-brand-new-luxury-house-for-sale-in-boralesgamuwa-for-sale-colombo-19,(PH979) Brand New Luxury House for Sale in Boralesgamuwa,Bedrooms: 4 | Bathrooms: 4,MEMBER,"Rs 109,000,000",2 hours
https://ikman.lk/en/ad/maalbee-ngryen-vttinaa-alutm-nivsk-vikinniimtt-for-sale-colombo-2,මාලබේ නගරයෙන් වටිනා අලුත්ම නිවසක් විකිණීමට,Bedrooms: 3 | Bathrooms: 3,MEMBER,"Rs 28,500,000",2 hours
https://ikman.lk/en/ad/brand-new-box-type-house-in-malabe-for-sale-colombo,Brand New Box Type House In Malabe,Bedrooms: 3 | Bathrooms: 2,MEMBER,"Rs 26,500,000",2 hours
https://ikman.lk/en/ad/furnished-house-in-weera-mawatha-pannipitiya-for-sale-for-sale-colombo-15,"Furnished house in Weera Mawatha, Pannipitiya for Sale",Bedrooms: 3 | Bathrooms: 2,MEMBER,"Rs 52,000,000",2 hours
https://ikman.lk/en/ad/well-build-good-house-for-sale-athurugiriya-for-sale-colombo,Well Build Good House For Sale Athurugiriya,Bedrooms: 4 | Bathrooms: 3,MEMBER,"Rs 35,500,000",2 hours
https://ikman.lk/en/ad/newly-built-single-storey-house-for-sale-in-piliyandala-madapatha-for-sale-colombo-2,Newly Built Single Storey House for Sale in Piliyandala Madapatha,Bedrooms: 3 | Bathrooms: 2,MEMBER,"Rs 23,500,000",2 hours
https://ikman.lk/en/ad/modern-architecture-design-house-for-sale-maharagama-for-sale-colombo-1,Modern Architecture Design House for Sale Maharagama,Bedrooms: 4 | Bathrooms: 3,MEMBER,"Rs 55,000,000",
https://ikman.lk/en/ad/brand-new-modern-house-for-sale-close-to-nugegoda-town-for-sale-colombo,Brand New Modern House for Sale – Close to Nugegoda Town,Bedrooms: 5 | Bathrooms: 4,MEMBER,"Rs 75,000,000",2 hours
https://ikman.lk/en/ad/house-for-sale-in-battramulla-c7-10091-for-sale-colombo,House for Sale in Battramulla (C7-10091),Bedrooms: 6 | Bathrooms: 7,MEMBER,"Rs 450,000,000",2 hours
https://ikman.lk/en/ad/house-for-sale-in-dehiwala-c7-10044-for-sale-colombo,House for Sale in Dehiwala (C7-10044),Bedrooms: 7 | Bathrooms: 7,MEMBER,"Rs 90,000,000",2 hours
https://ikman.lk/en/ad/luxury-three-storey-house-for-sale-in-piliyandala-town-for-sale-colombo,Luxury Three Storey House for Sale in Piliyandala Town,Bedrooms: 5 | Bathrooms: 4,,"Rs 49,500,000",
https://ikman.lk/en/ad/dehiwala-04-story-house-for-sale-rhs-717-for-sale-colombo-1,☆ Dehiwala 04 Story House for Sale ( RHS - 717 ),Bedrooms: 7 | Bathrooms: 4,MEMBER,"Rs 57,500,000",2 hours
https://ikman.lk/en/ad/maharagama-modern-2-story-house-for-sale-rs-521-for-sale-colombo-2,☆ Maharagama Modern 2 Story House for Sale ( RS - 521),Bedrooms: 6 | Bathrooms: 4,MEMBER,"Rs 65,000,000",2 hours
https://ikman.lk/en/ad/dh1170-brand-new-single-storey-house-for-sale-in-mattegoda-for-sale-colombo-32,(DH1170) Brand New Single Storey House for Sale in Mattegoda,Bedrooms: 3 | Bathrooms: 2,MEMBER,"Rs 25,000,000",2 hours
https://ikman.lk/en/ad/dh1089-newly-built-two-storey-house-for-sale-in-piliyandala-for-sale-colombo-5,(DH1089) Newly Built Two Storey House for Sale in Piliyandala,Bedrooms: 5 | Bathrooms: 4,MEMBER,"Rs 40,000,000",2 hours
https://ikman.lk/en/ad/dh1202-newly-built-three-storey-house-for-sale-in-kahathuduwa-for-sale-colombo-6,(DH1202) Newly Built Three Storey House for Sale in Kahathuduwa,Bedrooms: 4 | Bathrooms: 2,MEMBER,"Rs 30,000,000",2 hours
https://ikman.lk/en/ad/dh1322-modern-2-storey-fully-furnished-house-for-sale-in-ratmalana-for-sale-colombo-2,(DH1322) Modern 2 Storey Fully Furnished House for Sale in Ratmalana,Bedrooms: 3 | Bathrooms: 3,MEMBER,"Rs 38,000,000",2 hours
https://ikman.lk/en/ad/house-for-sale-piliyandala-for-sale-colombo-3599,house for sale piliyandala,Bedrooms: 3 | Bathrooms: 1,,"Rs 6,200,000",2 hours
https://ikman.lk/en/ad/ah193-house-for-sale-in-mattegoda-for-sale-colombo,(AH193) House for Sale in Mattegoda,Bedrooms: 2 | Bathrooms: 1,MEMBER,"Rs 18,000,000",2 hours
https://ikman.lk/en/ad/luxury-2-storey-house-with-rooftop-for-sale-pannipitiya-solar-power-for-sale-colombo,Luxury 2-Storey House with Rooftop for Sale – Pannipitiya - SOLAR Power,Bedrooms: 5 | Bathrooms: 3,MEMBER,"Rs 49,000,000",2 hours
https://ikman.lk/en/ad/luxury-house-for-sale-in-kottawa-wr02500-for-sale-colombo,Luxury House for sale in Kottawa #WR02500,Bedrooms: 4 | Bathrooms: 4,,"Rs 47,000,000",
https://ikman.lk/en/ad/unlock-the-door-to-your-dream-home-for-sale-colombo-1,🔑 Unlock the Door to Your Dream Home,Bedrooms: 5 | Bathrooms: 3,MEMBER,"Rs 65,000,000",3 hours
https://ikman.lk/en/ad/katubadda-junction-luxury-house-for-sale-for-sale-colombo-2,Katubadda Junction Luxury House for Sale,Bedrooms: 4 | Bathrooms: 3,MEMBER,"Rs 68,500,000",3 hours
https://ikman.lk/en/ad/beautiful-brand-new-house-for-sale-in-piliyandala-for-sale-colombo-14,Beautiful Brand New House for Sale in Piliyandala,Bedrooms: 5 | Bathrooms: 3,MEMBER,"Rs 45,000,000",3 hours
https://ikman.lk/en/ad/fully-complete-new-house-for-sale-in-kottawa-mattegoda-for-sale-colombo-1,Fully Complete New House for Sale in Kottawa Mattegoda,Bedrooms: 3 | Bathrooms: 2,MEMBER,"Rs 17,000,000",3 hours
https://ikman.lk/en/ad/superb-luxury-two-story-house-for-sale-in-piliyandala-for-sale-colombo-1,Superb Luxury Two Story House for Sale in Piliyandala,Bedrooms: 4 | Bathrooms: 3,MEMBER,"Rs 42,000,000",3 hours
https://ikman.lk/en/ad/house-for-sale-nugegoda-dabare-place-for-sale-colombo,"HOUSE FOR SALE – NUGE​​GODA, DABARE PLACE",Bedrooms: 5 | Bathrooms: 2,MEMBER,"Rs 49,500,000",3 hours
https://ikman.lk/en/ad/house-for-sale-malabe-kahanthota-road-for-sale-colombo-2,HOUSE FOR SALE – MALABE | KAHANTHOTA ROAD,Bedrooms: 3 | Bathrooms: 3,MEMBER,"Rs 60,000,000",3 hours
https://ikman.lk/en/ad/stunning-specious-luxury-two-story-house-for-sale-in-pitakotte-kotte-for-sale-colombo,"Stunning, specious, luxury two story house for sale in Pitakotte - Kotte",Bedrooms: 5 | Bathrooms: 5,MEMBER,"Rs 79,500,000",3 hours
https://ikman.lk/en/ad/house-for-sale-in-gated-community-dampe-piliyadnala-near-tnl-for-sale-colombo,House For Sale in Gated Community Dampe Piliyadnala Near TNL,Bedrooms: 4 | Bathrooms: 2,MEMBER,"Rs 29,500,000",3 hours
https://ikman.lk/en/ad/single-story-modern-brand-new-house-homagama-diyagama-for-sale-colombo,Single Story Modern Brand-New House Homagama Diyagama,Bedrooms: 3 | Bathrooms: 2,MEMBER,"Rs 23,000,000",3 hours
https://ikman.lk/en/ad/eye-catching-house-for-sale-in-meegoda-for-sale-colombo-2,Eye catching |House for sale in Meegoda,Bedrooms: 3 | Bathrooms: 2,MEMBER,"Rs 31,000,000",
https://ikman.lk/en/ad/brand-new-2-storied-house-for-sale-piliyandala-for-sale-colombo-86,Brand New 2 Storied House for Sale – Piliyandala,Bedrooms: 4 | Bathrooms: 3,MEMBER,"Rs 39,000,000",
https://ikman.lk/en/ad/brand-new-2-storied-house-for-sale-malabe-arangala-for-sale-colombo-1,"Brand New 2 Storied House for Sale – Malabe, Arangala",Bedrooms: 4 | Bathrooms: 3,MEMBER,"Rs 44,000,000",
https://ikman.lk/en/ad/brand-new-2-storied-house-for-sale-piliyandala-for-sale-colombo-87,Brand New 2 Storied House for Sale – Piliyandala,Bedrooms: 4 | Bathrooms: 3,MEMBER,"Rs 44,000,000",
https://ikman.lk/en/ad/modern-slab-roof-single-storey-2-bedroom-house-for-sale-in-dehiwala-for-sale-colombo,Modern Slab Roof Single Storey 2 Bedroom House For Sale In Dehiwala,Bedrooms: 2 | Bathrooms: 2,,"Rs 33,000,000",
https://ikman.lk/en/ad/moderntwo-storey-house-for-sale-in-piliyandala-for-sale-colombo,ModernTwo Storey House for Sale in Piliyandala,Bedrooms: 3 | Bathrooms: 2,,"Rs 27,500,000",
https://ikman.lk/en/ad/vttinaa-temhl-nivsk-kottttaavenvikiniimtthw78268-for-sale-colombo,වටිනා තෙමහල් නිවසක් කොට්ටාවෙන්විකිනීමට(hw78268),Bedrooms: 4 | Bathrooms: 5,MEMBER,"Rs 31,000,000",4 hours
https://ikman.lk/en/ad/brand-new-single-storey-luxury-house-for-sale-in-diyagamai9826-for-sale-colombo,Brand New Single Storey Luxury House for Sale In Diyagama(i9826),Bedrooms: 3 | Bathrooms: 2,MEMBER,"Rs 21,500,000",4 hours
https://ikman.lk/en/ad/brand-new-single-storey-luxury-house-for-sale-in-diyagamau766-for-sale-colombo,Brand New Single Storey Luxury House for Sale In Diyagama(u766),Bedrooms: 3 | Bathrooms: 2,MEMBER,"Rs 21,500,000",4 hours
https://ikman.lk/en/ad/brand-new-single-storey-house-for-sale-in-kottawa-polgasowita-io9k-for-sale-colombo,Brand New Single Storey House for Sale in Kottawa Polgasowita (io9k),Bedrooms: 3 | Bathrooms: 2,MEMBER,"Rs 25,000,000",4 hours
https://ikman.lk/en/ad/brand-new-single-storey-house-for-sale-in-kottawa-polgasowita-pii81008-for-sale-colombo,Brand New Single Storey House for Sale in Kottawa Polgasowita (pii81008),Bedrooms: 3 | Bathrooms: 2,MEMBER,"Rs 25,000,000",4 hours
https://ikman.lk/en/ad/grand-luxury-residence-for-sale-at-kotte-em054ac-for-sale-colombo,Grand Luxury Residence for sale at Kotte (EM054AC),Bedrooms: 6 | Bathrooms: 7,MEMBER,"Rs 360,000,000",4 hours
https://ikman.lk/en/ad/brand-new-single-two-storey-house-for-sale-inn-mattegodag729o1-for-sale-colombo,Brand New Single two storey house for sale inn Mattegoda(g729o1,Bedrooms: 4 | Bathrooms: 4,MEMBER,"Rs 46,500,000",4 hours
https://ikman.lk/en/ad/brand-new-single-two-storey-house-for-sale-inn-mattegodai7o1-for-sale-colombo,Brand New Single two storey house for sale inn Mattegoda((i7o1,Bedrooms: 4 | Bathrooms: 4,MEMBER,"Rs 46,500,000",4 hours
https://ikman.lk/en/ad/house-for-sale-in-mount-lavinia-im800-for-sale-colombo,House For Sale In Mount Lavinia (IM800),Bedrooms: 2 | Bathrooms: 1,,"Rs 15,500,000",4 hours
https://ikman.lk/en/ad/alutinm-idikrn-ld-atisukhoopboogii-tnimhl-nivs-mttegoddin-vikiniimttap928o-for-sale-colombo,අලුතින්ම ඉදිකරන ලද අතිසුඛෝපබෝගී තනිමහල් නිවස මත්තෙගොඩින් විකිනීමට(AP928o,Bedrooms: 3 | Bathrooms: 2,MEMBER,"Rs 30,500,000",4 hours
https://ikman.lk/en/ad/alutinm-idikrn-ld-atisukhoopboogii-tnimhl-nivs-mttegoddin-vikiniimttap8-for-sale-colombo,අලුතින්ම ඉදිකරන ලද අතිසුඛෝපබෝගී තනිමහල් නිවස මත්තෙගොඩින් විකිනීමට(AP8),Bedrooms: 3 | Bathrooms: 2,MEMBER,"Rs 30,500,000",4 hours
https://ikman.lk/en/ad/velyaayktt-muhunlaa-pihitti-alutinm-idikrn-ld-demhl-nivs-vikiniimttkk-and-8-for-sale-colombo,වෙල්‍යායකට මුහුන්ලා පිහිටි අලුතින්ම ඉදිකරන ලද දෙමහල් නිවස විකිනීමට(kk&8),Bedrooms: 4 | Bathrooms: 3,MEMBER,"Rs 49,500,000",4 hours
https://ikman.lk/en/ad/velyaayktt-muhunlaa-pihitti-alutinm-idikrn-ld-demhl-nivs-vikiniimtt-68-for-sale-colombo,වෙල්‍යායකට මුහුන්ලා පිහිටි අලුතින්ම ඉදිකරන ලද දෙමහල් නිවස විකිනීමට(-#68),Bedrooms: 4 | Bathrooms: 3,MEMBER,"Rs 49,500,000",4 hours
https://ikman.lk/en/ad/brand-new-two-storey-luxury-house-for-sale-in-kottawajjwop208-for-sale-colombo,Brand New Two Storey Luxury House for Sale In Kottawa(jjwop208),Bedrooms: 4 | Bathrooms: 3,MEMBER,"Rs 42,500,000",4 hours
https://ikman.lk/en/ad/3-unit-house-for-sale-in-rajagiriya-em235rn-for-sale-colombo,3-Unit House for Sale in Rajagiriya (EM235RN),Bedrooms: 10+ | Bathrooms: 10+,MEMBER,"Rs 200,000,000",4 hours
https://ikman.lk/en/ad/vttinaa-temhl-nivsk-mhrgm-ngryen-vikiniimtti99890-for-sale-colombo,වටිනා තෙමහල් නිවසක් මහරගම නගරයෙන් විකිනීමට(i99890),Bedrooms: 4 | Bathrooms: 3,MEMBER,"Rs 49,500,000",4 hours
https://ikman.lk/en/ad/brand-new-two-storey-luxury-house-for-sale-in-kottawajai728-for-sale-colombo,Brand New Two Storey Luxury House for Sale In Kottawa(jai728),Bedrooms: 4 | Bathrooms: 3,MEMBER,"Rs 42,500,000",5 hours
https://ikman.lk/en/ad/500m-to-maharagama-brand-new-three-storey-luxury-house-for-saleji98mrii-for-sale-colombo,500m to Maharagama Brand New Three Storey Luxury House for Sale(ji98Mrii,Bedrooms: 4 | Bathrooms: 3,MEMBER,"Rs 69,500,000",5 hours
https://ikman.lk/en/ad/two-storey-house-for-sale-in-rajagiriya-for-sale-colombo-21,Two Storey House for Sale in Rajagiriya,Bedrooms: 4 | Bathrooms: 4,MEMBER,"Rs 150,000,000",5 hours
https://ikman.lk/en/ad/500m-to-maharagama-brand-new-three-storey-luxury-house-for-salekk7rii-for-sale-colombo,500m to Maharagama Brand New Three Storey Luxury House for Sale(kk7rii,Bedrooms: 4 | Bathrooms: 3,MEMBER,"Rs 69,500,000",5 hours
https://ikman.lk/en/ad/house-for-sale-in-boralesgamuwa65000000-for-sale-colombo-4,"House for sale in Boralesgamuwa|65,000,000",Bedrooms: 4 | Bathrooms: 4,MEMBER,"Rs 65,000,000",5 hours
https://ikman.lk/en/ad/500m-to-maharagama-brand-new-three-storey-luxury-house-for-salejwk9rii-for-sale-colombo,500m to Maharagama Brand New Three Storey Luxury House for Sale(jwk9rii,Bedrooms: 4 | Bathrooms: 3,MEMBER,"Rs 69,500,000",5 hours
https://ikman.lk/en/ad/six-bedroom-fully-furnished-house-for-sale-mount-lavinia-for-sale-colombo-20,Six Bedroom Fully Furnished House for Sale - Mount Lavinia,Bedrooms: 6 | Bathrooms: 6,MEMBER,"Rs 135,000,000",5 hours
https://ikman.lk/en/ad/two-houses-with-bare-land-for-sale-in-moratuwa120000000-for-sale-colombo-5,"Two Houses with Bare Land for Sale in Moratuwa|120,000,000",Bedrooms: 7 | Bathrooms: 5,MEMBER,"Rs 120,000,000",5 hours
https://ikman.lk/en/ad/three-storied-brand-new-house-for-sale-in-colombo-5-for-sale-colombo-17,Three Storied Brand-new House for Sale in Colombo 5,Bedrooms: 5 | Bathrooms: 4,MEMBER,"Rs 45,000,000",5 hours
https://ikman.lk/en/ad/house-for-sale-in-meegoda90000000-for-sale-colombo-3,"HOUSE FOR SALE IN MEEGODA|90,000,000",Bedrooms: 3 | Bathrooms: 3,MEMBER,"Rs 90,000,000",5 hours
https://ikman.lk/en/ad/two-storey-house-for-sale-in-colombo-5-for-sale-colombo-1,Two Storey House for Sale in Colombo 5,Bedrooms: 4 | Bathrooms: 4,MEMBER,"Rs 150,000,000",6 hours
https://ikman.lk/en/ad/super-luxury-brand-new-modern-2-story-house-piliyandala-for-sale-colombo-147,super luxury Brand New Modern 2 Story House-piliyandala,Bedrooms: 5 | Bathrooms: 4,MEMBER,"Rs 57,500,000",
https://ikman.lk/en/ad/new-solid-super-luxury-1-story-house-piliyandala-kottawa-rd-for-sale-colombo,New solid super luxury 1 Story House-piliyandala kottawa rd,Bedrooms: 3 | Bathrooms: 2,MEMBER,"Rs 30,250,000",
https://ikman.lk/en/ad/brand-new-modern-super-luxury-piliyandala-for-sale-colombo-226,Brand New Modern super luxury piliyandala,Bedrooms: 3 | Bathrooms: 3,MEMBER,"Rs 27,000,000",
https://ikman.lk/en/ad/house-for-sale-wellawatte-colombo-06-hs114-for-sale-colombo-1,"House for Sale – Wellawatte, Colombo 06 (HS114)",Bedrooms: 7 | Bathrooms: 4,MEMBER,"Rs 264,000,000",8 hours
https://ikman.lk/en/ad/6-bedrooms-house-for-sale-in-dehiwala-robert-road-p-111-for-sale-colombo-5,6 Bedrooms House for Sale in Dehiwala Robert Road (p-111),Bedrooms: 6 | Bathrooms: 5,MEMBER,"Rs 60,000,000",9 hours
https://ikman.lk/en/ad/house-for-sale-in-kohuwala-for-sale-colombo-228,House for sale in Kohuwala,Bedrooms: 4 | Bathrooms: 3,,"Rs 88,500,000",9 hours
https://ikman.lk/en/ad/single-story-house-with-land-for-sale-in-kolonnawa-for-sale-colombo-1,Single Story House with Land for Sale in Kolonnawa,Bedrooms: 4 | Bathrooms: 4,,"Rs 48,000,000",9 hours
https://ikman.lk/en/ad/modern-luxury-house-for-sale-pannipitiya-for-sale-colombo-3,Modern Luxury House for Sale Pannipitiya,Bedrooms: 5 | Bathrooms: 5,,"Rs 56,500,000",
https://ikman.lk/en/ad/2-storey-luxury-villa-for-sale-canterbury-villas-kahathuduwa-for-sale-colombo-1,"2-Storey Luxury Villa for Sale – Canterbury Villas, Kahathuduwa",Bedrooms: 3 | Bathrooms: 3,,"Rs 52,000,000",9 hours
https://ikman.lk/en/ad/8-perch-singal-story-3-bedroom-house-sale-in-attidiya-for-sale-colombo,"8 Perch, Singal Story 3 Bedroom House Sale In Attidiya",Bedrooms: 3 | Bathrooms: 2,,"Rs 36,000,000",
https://ikman.lk/en/ad/piliyandala-brand-new-luxury-house-for-sale-for-sale-colombo-6,Piliyandala - Brand New Luxury House for sale,Bedrooms: 6 | Bathrooms: 2,MEMBER,"Rs 150,000,000",12 hours
https://ikman.lk/en/ad/house-for-sale-in-kolonawa-p-86-for-sale-colombo-3,House for Sale in Kolonawa (p-86),Bedrooms: 5 | Bathrooms: 4,MEMBER,"Rs 65,000,000",12 hours
https://ikman.lk/en/ad/house-for-sale-in-prime-villas-thalawathugoda-for-sale-colombo,"House for Sale in Prime Villas, Thalawathugoda",Bedrooms: 4 | Bathrooms: 3,,"Rs 60,000,000",12 hours
https://ikman.lk/en/ad/kahathuduwa-newly-built-house-for-sale-for-sale-colombo,Kahathuduwa - Newly Built House for sale,Bedrooms: 3 | Bathrooms: 2,MEMBER,"Rs 35,000,000",13 hours
https://ikman.lk/en/ad/house-for-sale-in-malabe-for-sale-colombo-3856,House for Sale in Malabe,Bedrooms: 4 | Bathrooms: 3,,"Rs 46,000,000",13 hours
https://ikman.lk/en/ad/homagama-brand-new-modern-three-storied-house-for-sale-for-sale-colombo,Homagama - Brand New Modern Three Storied House for sale,Bedrooms: 5 | Bathrooms: 4,MEMBER,"Rs 45,000,000",13 hours
https://ikman.lk/en/ad/modern-4-bedroom-luxury-home-nugegoda-for-sale-colombo,Modern 4 Bedroom Luxury Home – Nugegoda,Bedrooms: 4 | Bathrooms: 3,MEMBER,"Rs 160,000,000",13 hours
https://ikman.lk/en/ad/house-for-sale-in-kohuwala-c7-10473-for-sale-colombo,House for Sale in Kohuwala (C7-10473),Bedrooms: 4 | Bathrooms: 4,MEMBER,"Rs 125,000,000",13 hours
https://ikman.lk/en/ad/house-for-sale-in-kohuwala-c7-10471-for-sale-colombo,House for Sale in Kohuwala (C7-10471),Bedrooms: 3 | Bathrooms: 3,MEMBER,"Rs 125,000,000",13 hours
https://ikman.lk/en/ad/05br-luxury-three-story-house-for-sale-in-pannipitiya-for-sale-colombo-1,05BR Luxury Three Story House For Sale In Pannipitiya,Bedrooms: 5 | Bathrooms: 3,MEMBER,"Rs 42,500,000",13 hours
https://ikman.lk/en/ad/house-for-sale-in-nugegoda-c7-10470-for-sale-colombo,House for Sale in Nugegoda (C7-10470),Bedrooms: 3 | Bathrooms: 3,MEMBER,"Rs 85,000,000",13 hours
https://ikman.lk/en/ad/house-for-sale-3-br-64-perches-for-sale-colombo,House For Sale | 3 BR 6.4 Perches,Bedrooms: 3 | Bathrooms: 1,,"Rs 11,000,000",13 hours
https://ikman.lk/en/ad/nugegoda-luxury-spacious-house-for-sale-for-sale-colombo,Nugegoda - Luxury Spacious House for sale,Bedrooms: 6 | Bathrooms: 6,MEMBER,"Rs 155,000,000",14 hours
https://ikman.lk/en/ad/boralesgmuwa-spacious-house-for-sale-for-sale-colombo,Boralesgmuwa - Spacious House for sale,Bedrooms: 5 | Bathrooms: 4,MEMBER,"Rs 90,000,000",14 hours
https://ikman.lk/en/ad/sh1536-two-storey-house-for-sale-in-kumara-mawatha-angoda-for-sale-colombo-3,(SH1536) Two Storey House for Sale in kumara mawatha Angoda,Bedrooms: 3 | Bathrooms: 2,MEMBER,"Rs 29,000,000",14 hours
https://ikman.lk/en/ad/kotte-house-for-sale-for-sale-colombo-34,Kotte - House for sale,Bedrooms: 3 | Bathrooms: 2,MEMBER,"Rs 42,000,000",14 hours
https://ikman.lk/en/ad/kalubowila-house-for-sale-for-sale-colombo-2,Kalubowila - House for sale,Bedrooms: 4 | Bathrooms: 3,MEMBER,"Rs 60,000,000",14 hours
https://ikman.lk/en/ad/modern-single-story-house-for-sale-kesbewa-for-sale-colombo-1,Modern Single Story House for Sale Kesbewa,Bedrooms: 4 | Bathrooms: 2,MEMBER,"Rs 33,000,000",15 hours
https://ikman.lk/en/ad/kdduvel-nvgmuv-demhl-nivs-vikinniimtt-for-sale-colombo,"කඩුවෙල, නවගමුව දෙමහල් නිවස විකිණීමට",Bedrooms: 3 | Bathrooms: 1,,"Rs 9,500,000",15 hours
https://ikman.lk/en/ad/top-house-for-sale-borelesgamuwa-for-sale-colombo-1,Top House for Sale Borelesgamuwa,Bedrooms: 4 | Bathrooms: 3,MEMBER,"Rs 55,000,000",15 hours
https://ikman.lk/en/ad/3-storey-luxury-house-for-sale-in-baddagana-kotte-for-sale-colombo-1,3-Storey Luxury House for Sale in Baddagana – Kotte,Bedrooms: 5 | Bathrooms: 3,MEMBER,"Rs 99,000,000",15 hours
https://ikman.lk/en/ad/fantastic-brand-new-house-for-sale-kottawa-for-sale-colombo-1,Fantastic Brand New House for Sale Kottawa,Bedrooms: 4 | Bathrooms: 3,MEMBER,"Rs 85,000,000",15 hours
https://ikman.lk/en/ad/valuable-single-story-house-for-sale-maharagama-for-sale-colombo,Valuable Single Story House for Sale Maharagama,Bedrooms: 3 | Bathrooms: 1,MEMBER,"Rs 36,000,000",16 hours
https://ikman.lk/en/ad/kottawa-valuable-two-storey-house-for-sale-for-sale-colombo-3,Kottawa Valuable Two Storey House for Sale,Bedrooms: 3 | Bathrooms: 3,MEMBER,"Rs 26,000,000",16 hours
https://ikman.lk/en/ad/colombo-07-luxurious-house-for-sale-in-prime-location-for-sale-colombo-2,Colombo 07 Luxurious House For Sale In Prime Location,Bedrooms: 4 | Bathrooms: 4,MEMBER,"Rs 285,000,000",16 hours
https://ikman.lk/en/ad/197-perch-luxury-house-for-sale-thalawathugoda-for-sale-colombo,19.7 Perch Luxury House for Sale – Thalawathugoda,Bedrooms: 5 | Bathrooms: 4,MEMBER,"Rs 110,000,000",16 hours
https://ikman.lk/en/ad/brand-new-modern-4-bedroom-house-for-sale-pannipitiya-for-sale-colombo-5,Brand New Modern 4-Bedroom House for Sale – Pannipitiya,Bedrooms: 4 | Bathrooms: 3,MEMBER,"Rs 34,000,000",16 hours
https://ikman.lk/en/ad/super-luxury-5br-house-for-sale-battaramulla-for-sale-colombo,Super Luxury 5BR House for Sale – Battaramulla,Bedrooms: 5 | Bathrooms: 4,MEMBER,"Rs 300,000,000",16 hours
https://ikman.lk/en/ad/house-for-sale-athurugiriya-for-sale-colombo-1307,House for Sale Athurugiriya,Bedrooms: 3 | Bathrooms: 1,MEMBER,"Rs 40,000,000",17 hours
https://ikman.lk/en/ad/home-for-sale-in-piliyandala-for-sale-colombo,Home for Sale in Piliyandala,Bedrooms: 4 | Bathrooms: 3,MEMBER,"Rs 46,500,000",
https://ikman.lk/en/ad/kaduwela-malabe-modern-luxury-house-for-sale-for-sale-colombo-5,Kaduwela Malabe Modern Luxury House For sale,Bedrooms: 2 | Bathrooms: 3,MEMBER,"Rs 35,000,000",17 hours
https://ikman.lk/en/ad/your-dream-house-is-officially-on-the-market-for-sale-colombo,Single Storey House for Sale in Kahathuduwa,Bedrooms: 3 | Bathrooms: 2,,"Rs 14,500,000",17 hours
https://ikman.lk/en/ad/loxwood-house-luxurious-independent-residence-in-colombo-7-for-sale-colombo-68,Loxwood House – Luxurious Independent Residence in Colombo 7,Bedrooms: 3 | Bathrooms: 4,MEMBER,"Rs 225,000,000",
https://ikman.lk/en/ad/brand-new-two-storey-luxury-house-for-sale-gorakapitiya-pannipitiya-for-sale-colombo-4,"Brand New Two Storey Luxury House for Sale – Gorakapitiya, Pannipitiya",Bedrooms: 4 | Bathrooms: 3,MEMBER,"Rs 42,500,000",
https://ikman.lk/en/ad/06-bedroom-unfurnished-03-storied-house-for-sale-in-nawala-a6477-for-sale-colombo,06 Bedroom Unfurnished 03 Storied House for Sale in Nawala (A6477),Bedrooms: 6 | Bathrooms: 6,MEMBER,"Rs 250,000,000",17 hours
https://ikman.lk/en/ad/dh1330-brand-new-two-storey-house-with-rooftop-for-sale-in-kottawa-for-sale-colombo,(DH1330) Brand New Two Storey House with Rooftop for Sale in Kottawa,Bedrooms: 4 | Bathrooms: 3,MEMBER,"Rs 39,000,000",17 hours
https://ikman.lk/en/ad/lake-view-6-bedroom-house-for-sale-moratuwa-for-sale-colombo,Lake View 6-Bedroom House for Sale – Moratuwa,Bedrooms: 6 | Bathrooms: 4,,"Rs 75,000,000",
https://ikman.lk/en/ad/ah189-house-for-sale-in-madulawa-homagama-for-sale-colombo,"(AH189) House for Sale in Madulawa, Homagama",Bedrooms: 3 | Bathrooms: 1,MEMBER,"Rs 14,000,000",18 hours
https://ikman.lk/en/ad/house-for-sale-in-nugegoda-for-sale-colombo-2112,House for Sale in Nugegoda,Bedrooms: 4 | Bathrooms: 4,MEMBER,"Rs 95,000,000",18 hours
https://ikman.lk/en/ad/ultra-mordern-luxury-3-storied-house-in-kahatuduwa-for-sale-colombo,Ultra Mordern Luxury 3 Storied House in Kahatuduwa,Bedrooms: 4 | Bathrooms: 3,MEMBER,"Rs 36,000,000",18 hours
https://ikman.lk/en/ad/brand-new-3-storey-house-for-sale-in-boralesgamuwa-for-sale-colombo-36,Brand New 3-Storey House for Sale in Boralesgamuwa,Bedrooms: 4 | Bathrooms: 4,MEMBER,"Rs 109,000,000",18 hours
https://ikman.lk/en/ad/luxury-4br-house-with-pool-talawatugoda-for-sale-colombo,Luxury 4BR House with Pool – Talawatugoda,Bedrooms: 4 | Bathrooms: 4,MEMBER,"Rs 90,000,000",18 hours
https://ikman.lk/en/ad/brand-new-modern-two-storey-house-for-sale-pannipitiya-for-sale-colombo,Brand New Modern Two-Storey House for Sale – Pannipitiya,Bedrooms: 4 | Bathrooms: 3,,"Rs 34,000,000",
https://ikman.lk/en/ad/3-storeyed-house-for-sale-in-colombo-06-for-sale-colombo,3 Storeyed House for Sale in Colombo 06.,Bedrooms: 5 | Bathrooms: 4,MEMBER,"Rs 257,000,000",18 hours
https://ikman.lk/en/ad/single-storeyed-house-for-sale-in-homagama-for-sale-colombo,Single Storeyed House for Sale in Homagama,Bedrooms: 4 | Bathrooms: 2,MEMBER,"Rs 65,000,000",18 hours
https://ikman.lk/en/ad/best-house-for-sale-piliyandala-for-sale-colombo-11,Best House for Sale Piliyandala,Bedrooms: 6 | Bathrooms: 5,MEMBER,"Rs 55,000,000",18 hours
https://ikman.lk/en/ad/4-bed-3-bathrooms-house-for-sale-in-maharagama-for-sale-colombo,4 Bed 3 Bathrooms House for Sale in Maharagama,Bedrooms: 4 | Bathrooms: 3,MEMBER,"Rs 45,000,000",18 hours
https://ikman.lk/en/ad/nugegoda-brand-new-apartment-style-house-for-sale-abuldeniya-for-sale-colombo-1,Nugegoda Brand New Apartment-Style House for Sale Abuldeniya,Bedrooms: 5 | Bathrooms: 4,MEMBER,"Rs 53,000,000",18 hours
https://ikman.lk/en/ad/kottawa-architect-design-brand-new-modern-house-for-sale-for-sale-colombo-5,Kottawa Architect Design Brand new Modern House for sale,Bedrooms: 4 | Bathrooms: 4,MEMBER,"Rs 46,000,000",
https://ikman.lk/en/ad/modern-house-for-sale-in-pannipitiya-for-sale-colombo-38,Modern House for Sale in Pannipitiya,Bedrooms: 4 | Bathrooms: 2,MEMBER,"Rs 37,000,000",18 hours
https://ikman.lk/en/ad/three-storey-house-for-sale-in-wellampitiya-for-sale-colombo-127,Three-Storey House for Sale in Wellampitiya,Bedrooms: 5 | Bathrooms: 3,MEMBER,"Rs 13,500,000",18 hours
https://ikman.lk/en/ad/brand-new-house-for-sale-homagama-for-sale-colombo-131,Brand New House for Sale - Homagama,Bedrooms: 5 | Bathrooms: 4,,"Rs 45,000,000",
https://ikman.lk/en/ad/two-storied-good-condition-house-for-sale-malabe-for-sale-colombo,Two Storied Good Condition House For Sale Malabe,Bedrooms: 4 | Bathrooms: 3,MEMBER,"Rs 35,000,000",19 hours
https://ikman.lk/en/ad/195-p-with-house-sale-malabe-for-sale-colombo,19.5 P With House Sale Malabe,Bedrooms: 3 | Bathrooms: 2,MEMBER,"Rs 35,000,000",19 hours
https://ikman.lk/en/ad/brand-new-house-with-slab-for-sale-in-gothatuwa-for-sale-colombo-12,Brand New House with Slab for Sale in Gothatuwa,Bedrooms: 3 | Bathrooms: 3,MEMBER,"Rs 35,000,000",
https://ikman.lk/en/ad/house-for-sale-for-sale-colombo-27333,House for Sale in Kolonnawa,Bedrooms: 3 | Bathrooms: 2,,"Rs 20,000,000",19 hours
https://ikman.lk/en/ad/superb-house-for-sale-hokandara-for-sale-colombo,Superb House For Sale Hokandara,Bedrooms: 4 | Bathrooms: 4,MEMBER,"Rs 100,000,000",19 hours
https://ikman.lk/en/ad/house-for-sale-colombo-3764,House for Sale - Pannipitiya,Bedrooms: 4 | Bathrooms: 2,,"Rs 30,000,000",20 hours
https://ikman.lk/en/ad/house-with-shop-for-sale-in-colombo-15-for-sale-colombo-2,House with Shop for Sale in Colombo 15,Bedrooms: 4 | Bathrooms: 4,MEMBER,"Rs 55,000,000",20 hours
https://ikman.lk/en/ad/house-for-sale-in-batharamulla-for-sale-colombo-13,House for Sale in Batharamulla,Bedrooms: 4 | Bathrooms: 3,,"Rs 36,500,000",
https://ikman.lk/en/ad/dh1169-brand-new-modern-luxury-house-for-sale-in-kottawa-for-sale-colombo-14,(DH1169) Brand New Modern Luxury House for Sale in Kottawa,Bedrooms: 3 | Bathrooms: 2,MEMBER,"Rs 39,000,000",20 hours
https://ikman.lk/en/ad/sh1409-brand-new-single-storey-house-for-sale-in-kesbewa-for-sale-colombo-12,(SH1409) Brand New Single Storey House for Sale in Kesbewa,Bedrooms: 3 | Bathrooms: 2,MEMBER,"Rs 25,000,000",20 hours
https://ikman.lk/en/ad/brand-new-modern-house-for-sale-in-homagama-for-sale-colombo-5,Brand New Modern House for Sale in Homagama,Bedrooms: 5 | Bathrooms: 4,MEMBER,"Rs 45,000,000",20 hours
https://ikman.lk/en/ad/modern-luxury-house-for-sale-in-pannipitiya-for-sale-colombo-10,Modern Luxury House for Sale in Pannipitiya,Bedrooms: 5 | Bathrooms: 3,MEMBER,"Rs 45,000,000",20 hours
https://ikman.lk/en/ad/luxury-house-for-sale-battaramulla-the050h-for-sale-colombo,Luxury House for Sale – Battaramulla THE050H,Bedrooms: 5 | Bathrooms: 4,MEMBER,"Rs 300,000,000",20 hours
https://ikman.lk/en/ad/for-sale-for-sale-colombo-20898,House for Sale - Boralesgamuwa,Bedrooms: 3 | Bathrooms: 3,,"Rs 47,500,000",
https://ikman.lk/en/ad/ultra-luxury-mansion-for-sale-in-jayanthipura-battaramulla-for-sale-colombo-100,"Ultra-Luxury Mansion for Sale in Jayanthipura, Battaramulla",Bedrooms: 6 | Bathrooms: 6,MEMBER,"Rs 450,000,000",20 hours
https://ikman.lk/en/ad/super-luxury-7br-house-for-sale-in-battaramulla-koswatta-for-sale-colombo-11,Super Luxury 7BR House For Sale In Battaramulla Koswatta,Bedrooms: 7 | Bathrooms: 7,MEMBER,"Rs 105,000,000",20 hours
https://ikman.lk/en/ad/house-for-sale-in-godagama-for-sale-colombo-169,House for Sale in Godagama,Bedrooms: 2 | Bathrooms: 1,,"Rs 6,000,000",
https://ikman.lk/en/ad/house-for-sale-in-thalawatagoda-p-170-for-sale-colombo,House for sale in thalawatagoda (P-170),Bedrooms: 5 | Bathrooms: 5,MEMBER,"Rs 110,000,000",20 hours
https://ikman.lk/en/ad/almost-new-4-bedrooms-house-for-sale-in-kahathuduwa-gonapola-for-sale-colombo-10,Almost new 4 Bedrooms House for Sale in Kahathuduwa Gonapola,Bedrooms: 4 | Bathrooms: 2,MEMBER,"Rs 17,500,000",20 hours
https://ikman.lk/en/ad/luxury-family-home-for-sale-in-kotte-115-perches-for-sale-colombo,Luxury Family Home for Sale in Kotte – 11.5 Perches,Bedrooms: 5 | Bathrooms: 3,MEMBER,"Rs 99,000,000",20 hours
https://ikman.lk/en/ad/5-bedroom-house-for-sale-malabe-for-sale-colombo,5 Bedroom House for Sale – Malabe,Bedrooms: 5 | Bathrooms: 3,MEMBER,"Rs 70,000,000",20 hours
https://ikman.lk/en/ad/sds-484-valuable-single-storey-house-for-sale-in-nugegoda-for-sale-colombo-6,(SDS - 484) Valuable Single storey house for sale in Nugegoda,Bedrooms: 2 | Bathrooms: 2,MEMBER,"Rs 87,500,000",20 hours
https://ikman.lk/en/ad/house-for-sale-in-gothatuwa-for-sale-colombo-423,House for Sale in Gothatuwa,Bedrooms: 4 | Bathrooms: 4,MEMBER,"Rs 190,000,000",20 hours
https://ikman.lk/en/ad/new-luxury-house-for-sale-in-thalawathugoda-for-sale-colombo-30,New Luxury House for Sale in Thalawathugoda,Bedrooms: 4 | Bathrooms: 4,MEMBER,"Rs 63,000,000",20 hours
https://ikman.lk/en/ad/house-for-sale-baththaramulla-for-sale-colombo-21,House For Sale Baththaramulla,Bedrooms: 4 | Bathrooms: 4,MEMBER,"Rs 255,000,000",20 hours
https://ikman.lk/en/ad/house-3br-near-galle-road-for-sale-in-rawathawatta-moratuwa-for-sale-colombo-1,House 3BR near Galle Road for Sale in Rawathawatta Moratuwa,Bedrooms: 3 | Bathrooms: 2,,"Rs 43,000,000",
https://ikman.lk/en/ad/architectural-designed-house-for-sale-piliyandala-for-sale-colombo-3,ARCHITECTURAL DESIGNED HOUSE FOR SALE - PILIYANDALA,Bedrooms: 3 | Bathrooms: 2,MEMBER,"Rs 22,500,000",20 hours
https://ikman.lk/en/ad/beautiful-5-bedroom-house-for-sale-thalawathugoda-for-sale-colombo,Beautiful 5 Bedroom House for Sale – Thalawathugoda,Bedrooms: 5 | Bathrooms: 3,MEMBER,"Rs 54,000,000",20 hours
https://ikman.lk/en/ad/sp40-luxury-02-story-house-for-sale-in-kohuwala-for-sale-colombo,(SP40) Luxury 02 story house for sale in Kohuwala,Bedrooms: 4 | Bathrooms: 3,MEMBER,"Rs 120,000,000",20 hours
https://ikman.lk/en/ad/5br-luxury-house-for-sale-piliyandala-town-for-sale-colombo,5BR Luxury House for Sale – Piliyandala Town,Bedrooms: 5 | Bathrooms: 3,MEMBER,"Rs 62,500,000",20 hours
https://ikman.lk/en/ad/brand-new-modern-valuable-house-sale-in-homagama-for-sale-colombo-113,Brand New Modern Valuable House Sale in Homagama,Bedrooms: 3 | Bathrooms: 2,,"Rs 17,500,000",20 hours
https://ikman.lk/en/ad/spacious-luxury-home-for-sale-kalalgoda-for-sale-colombo,Spacious Luxury Home for Sale – Kalalgoda,Bedrooms: 5 | Bathrooms: 5,MEMBER,"Rs 78,000,000",20 hours
https://ikman.lk/en/ad/brand-new-10-perch-house-for-sale-piliyandala-for-sale-colombo,Brand New 10 Perch House for Sale – Piliyandala,Bedrooms: 3 | Bathrooms: 2,MEMBER,"Rs 26,000,000",20 hours
https://ikman.lk/en/ad/architect-designed-house-for-sale-hokandara-for-sale-colombo,Architect-Designed House for Sale – Hokandara,Bedrooms: 4 | Bathrooms: 4,MEMBER,"Rs 69,000,000",20 hours
https://ikman.lk/en/ad/brand-new-modern-valuable-house-sale-in-homagama-for-sale-colombo-112,Brand New Modern Valuable House Sale in Homagama,Bedrooms: 3 | Bathrooms: 2,,"Rs 17,500,000",20 hours
https://ikman.lk/en/ad/luxury-family-home-for-sale-pelawatte-lake-road-for-sale-colombo-34,Luxury Family Home for Sale – Pelawatte Lake Road,Bedrooms: 3 | Bathrooms: 3,MEMBER,"Rs 37,500,000",20 hours
https://ikman.lk/en/ad/4br-family-home-with-gardens-garage-rajagiriya-for-sale-colombo,4BR Family Home with Gardens Garage – Rajagiriya,Bedrooms: 4 | Bathrooms: 2,MEMBER,"Rs 55,000,000",20 hours
https://ikman.lk/en/ad/super-luxury-house-for-sale-battaramulla-koswaththa-for-sale-colombo-3,"Super Luxury House for Sale – Battaramulla, Koswaththa",Bedrooms: 5 | Bathrooms: 3,MEMBER,"Rs 160,000,000",20 hours
https://ikman.lk/en/ad/luxury-fully-furnished-3-storey-house-for-sale-in-battaramulla-for-sale-colombo-6,Luxury Fully Furnished 3-Storey House for Sale in Battaramulla,Bedrooms: 5 | Bathrooms: 5,MEMBER,"Rs 175,000,000",20 hours
https://ikman.lk/en/ad/2-bedroom-house-for-sale-nugegoda-udahamulla-em979-for-sale-colombo,"2 Bedroom House for Sale - Nugegoda, Udahamulla (EM979)",Bedrooms: 2 | Bathrooms: 1,MEMBER,"Rs 28,500,000",20 hours
https://ikman.lk/en/ad/luxury-5br-5ba-family-home-ambawatta-road-boralesgamuwa-for-sale-colombo-72,"Luxury 5BR/5BA Family Home – Ambawatta Road, Boralesgamuwa",Bedrooms: 5 | Bathrooms: 5,MEMBER,"Rs 51,000,000",20 hours
https://ikman.lk/en/ad/live-the-golf-life-modern-villa-for-sale-at-canterbury-piliyandala-for-sale-colombo-18,Live the Golf Life: Modern Villa for Sale at Canterbury Piliyandala,Bedrooms: 3 | Bathrooms: 2,MEMBER,"Rs 44,000,000",20 hours
https://ikman.lk/en/ad/2-story-luxury-house-for-sale-in-piliyandala-for-sale-colombo-59,2 STORY LUXURY HOUSE FOR SALE IN PILIYANDALA,Bedrooms: 3 | Bathrooms: 2,MEMBER,"Rs 33,000,000",20 hours
https://ikman.lk/en/ad/3-bedroom-house-for-sale-malabe-kahanthota-road-em978-for-sale-colombo,"3 Bedroom House for Sale - Malabe, Kahanthota Road (EM978)",Bedrooms: 3 | Bathrooms: 2,MEMBER,"Rs 35,000,000",21 hours
https://ikman.lk/en/ad/5-bedrooms-house-for-sale-in-nugegoda-p-133-for-sale-colombo-4,5 Bedrooms House for Sale in Nugegoda (P-133),Bedrooms: 5 | Bathrooms: 3,MEMBER,"Rs 75,000,000",21 hours
https://ikman.lk/en/ad/sds-522-brand-new-modern-three-storey-house-sale-in-maharagama-for-sale-colombo-5,(SDS-522) Brand New Modern Three Storey House Sale in Maharagama,Bedrooms: 4 | Bathrooms: 4,MEMBER,"Rs 73,000,000",21 hours
https://ikman.lk/en/ad/house-for-sale-piliyandala-for-sale-colombo-3598,House for sale Piliyandala,Bedrooms: 4 | Bathrooms: 2,,"Rs 30,000,000",21 hours
https://ikman.lk/en/ad/sp39-03-story-luxury-house-with-22-p-sale-in-koswatha-nawala-for-sale-colombo,(SP39) 03 Story Luxury House With 22 P Sale in koswatha Nawala,Bedrooms: 4 | Bathrooms: 4,MEMBER,"Rs 200,000,000",21 hours
https://ikman.lk/en/ad/peaceful-family-residence-surrounded-by-greenery-in-kelaniya-for-sale-colombo,Peaceful Family Residence Surrounded by Greenery in Kelaniya,Bedrooms: 2 | Bathrooms: 1,,"Rs 35,000,000",
https://ikman.lk/en/ad/tnimhl-nivsk-vikinniimtt-piliyandala-for-sale-colombo-24,තනිමහල් නිවසක් විකිණීමට - PILIYANDALA,Bedrooms: 3 | Bathrooms: 2,MEMBER,"Rs 25,500,000",21 hours
https://ikman.lk/en/ad/nviin-tnimhl-nivs-vikinniimtt-piliyandala-kesbawa-for-sale-colombo-25,නවීන තනිමහල් නිවස විකිණීමට Piliyandala Kesbawa,Bedrooms: 3 | Bathrooms: 2,MEMBER,"Rs 25,000,000",21 hours
https://ikman.lk/en/ad/house-for-sale-in-battaramulla-for-sale-colombo-1744,House for Sale in Battaramulla,Bedrooms: 5 | Bathrooms: 3,,"Rs 56,000,000",21 hours
https://ikman.lk/en/ad/2-story-house-for-sale-in-boralasgamuwa-ch1761-for-sale-colombo-6,2 Story House For Sale In Boralasgamuwa - CH1761,Bedrooms: 4 | Bathrooms: 5,MEMBER,"Rs 109,000,000",21 hours
https://ikman.lk/en/ad/house-for-sale-gonapola-the049h-for-sale-colombo,House for Sale – Gonapola THE049H,Bedrooms: 3 | Bathrooms: 2,MEMBER,"Rs 10,000,000",21 hours
https://ikman.lk/en/ad/house-for-sale-in-piliyandala-for-sale-colombo-8332,House for sale in Piliyandala,Bedrooms: 2 | Bathrooms: 1,,"Rs 20,500,000",
https://ikman.lk/en/ad/4br-luxurious-nugegoda-award-winning-architect-designed-house-for-sale-for-sale-colombo-2,4BR Luxurious Nugegoda Award-Winning Architect Designed House for Sale.,Bedrooms: 4 | Bathrooms: 3,MEMBER,"Rs 160,000,000",21 hours
https://ikman.lk/en/ad/5-br-mount-lavinia-brand-new-house-for-sale-for-sale-colombo,5 BR Mount Lavinia Brand New House for Sale,Bedrooms: 5 | Bathrooms: 6,MEMBER,"Rs 85,000,000",21 hours
https://ikman.lk/en/ad/battaramulla-thalahena-5-br-house-for-sale-for-sale-colombo-1,Battaramulla Thalahena 5 BR House For Sale,Bedrooms: 5 | Bathrooms: 3,MEMBER,"Rs 71,000,000",21 hours
https://ikman.lk/en/ad/luxurious-rajagirya-gated-community-house-for-sale-for-sale-colombo-1,Luxurious Rajagirya Gated Community House For Sale,Bedrooms: 4 | Bathrooms: 3,MEMBER,"Rs 93,000,000",21 hours
https://ikman.lk/en/ad/luxurious-battaramulla-5-br-house-for-sale-for-sale-colombo-3,Luxurious Battaramulla 5 BR House For Sale,Bedrooms: 5 | Bathrooms: 5,MEMBER,"Rs 105,000,000",21 hours
https://ikman.lk/en/ad/battaramulla-koswaththa-brand-new-house-for-sale-for-sale-colombo,Battaramulla Koswaththa Brand New House For Sale,Bedrooms: 5 | Bathrooms: 3,MEMBER,"Rs 160,000,000",21 hours
https://ikman.lk/en/ad/lake-road-battaramulla-luxury-furnished-house-for-sale-for-sale-colombo,"Lake Road, Battaramulla Luxury Furnished House for Sale",Bedrooms: 3 | Bathrooms: 3,MEMBER,"Rs 93,000,000",21 hours
https://ikman.lk/en/ad/park-road-colombo-05-house-for-sale-for-sale-colombo,Park Road Colombo 05 House For Sale,Bedrooms: 4 | Bathrooms: 3,MEMBER,"Rs 120,000,000",21 hours
https://ikman.lk/en/ad/modern-house-for-sale-in-malabe-for-sale-colombo-207,Modern House for Sale in Malabe 🛑,Bedrooms: 3 | Bathrooms: 1,MEMBER,"Rs 29,000,000",21 hours
https://ikman.lk/en/ad/pita-kotte-architecture-designed-super-luxurious-house-for-sale-for-sale-colombo-2,Pita Kotte Architecture Designed Super Luxurious House For Sale,Bedrooms: 5 | Bathrooms: 5,MEMBER,"Rs 220,000,000",21 hours
https://ikman.lk/en/ad/piliyandala-20-perch-luxury-house-for-sale-for-sale-colombo,Piliyandala 20 perch luxury house for sale .,Bedrooms: 6 | Bathrooms: 4,,"Rs 42,500,000",
https://ikman.lk/en/ad/exclusive-luxurious-modern-house-for-sale-nugegoda-for-sale-colombo-1,Exclusive Luxurious Modern House for Sale Nugegoda,Bedrooms: 6 | Bathrooms: 6,MEMBER,"Rs 146,000,000",
https://ikman.lk/en/ad/nugegoda-architectural-design-super-luxury-house-for-sale-for-sale-colombo-17,Nugegoda Architectural Design Super Luxury House for Sale,Bedrooms: 8 | Bathrooms: 6,MEMBER,"Rs 200,000,000",21 hours
https://ikman.lk/en/ad/house-for-sale-in-pitakotte-file-number-3191-b-duwa-road-baddagana-for-sale-colombo-9,"House for Sale in Pitakotte (file Number 3191 B) Duwa Road ,baddagana",Bedrooms: 5 | Bathrooms: 3,MEMBER,"Rs 99,000,000",21 hours
https://ikman.lk/en/ad/super-luxury-property-for-sale-in-nugegoda-for-sale-colombo,super luxury property for sale in nugegoda,Bedrooms: 6 | Bathrooms: 5,MEMBER,"Rs 270,000,000",21 hours
https://ikman.lk/en/ad/ratmalana-attidiya-road-21-perches-land-with-4-bed-rooms-house-for-sale-for-sale-colombo,Ratmalana Attidiya Road 21 Perches Land With 4 Bed Rooms House For Sale,Bedrooms: 4 | Bathrooms: 2,MEMBER,"Rs 57,500,000",1 day
https://ikman.lk/en/ad/maharagama-architect-design-brand-new-modern-house-for-sale-for-sale-colombo,Maharagama Architect Design Brand new Modern House for sale,Bedrooms: 4 | Bathrooms: 4,MEMBER,"Rs 69,500,000",
https://ikman.lk/en/ad/pelawatta-newly-build-fully-furnished-3-story-house-for-sale-for-sale-colombo-25,Pelawatta Newly Build Fully Furnished 3 Story House For Sale,Bedrooms: 4 | Bathrooms: 4,MEMBER,"Rs 255,000,000",1 day
https://ikman.lk/en/ad/sds-480-semi-luxury-modern-three-storey-house-for-sale-in-arawwala-for-sale-colombo-7,(SDS-480) Semi Luxury Modern Three storey House for Sale in Arawwala,Bedrooms: 3 | Bathrooms: 2,MEMBER,"Rs 48,000,000",1 day
https://ikman.lk/en/ad/new-modern-design-quality-single-storey-house-in-kahathuduwa-for-sale-colombo,New Modern Design Quality Single Storey House in Kahathuduwa,Bedrooms: 3 | Bathrooms: 2,MEMBER,"Rs 26,000,000",1 day
https://ikman.lk/en/ad/house-for-sale-piliyandala-the048h-for-sale-colombo,House for Sale – Piliyandala THE048H,Bedrooms: 3 | Bathrooms: 2,MEMBER,"Rs 15,000,000",1 day
https://ikman.lk/en/ad/maharagama-3-storey-6br-solar-a-c-super-luxury-house-for-sale-for-sale-colombo,Maharagama 3 Storey 6BR Solar A/C Super Luxury House For Sale,Bedrooms: 6 | Bathrooms: 3,MEMBER,"Rs 59,900,000",
https://ikman.lk/en/ad/sds-568-valuable-three-storey-house-sale-in-nawala-nugegoda-for-sale-colombo-1,(SDS-568) Valuable Three Storey House Sale In Nawala Nugegoda,Bedrooms: 7 | Bathrooms: 4,MEMBER,"Rs 65,000,000",1 day
https://ikman.lk/en/ad/thalawatugoda-gated-community-105-perch-5br-a-c-luxury-house-for-sale-for-sale-colombo-5,Thalawatugoda Gated Community 10.5 Perch 5BR A/C Luxury House For Sale,Bedrooms: 5 | Bathrooms: 4,MEMBER,"Rs 47,000,000",
https://ikman.lk/en/ad/sds-569-brand-new-modern-two-storey-house-sale-in-pannipitiya-for-sale-colombo-1,(SDS-569) Brand New Modern Two Storey House Sale In Pannipitiya,Bedrooms: 4 | Bathrooms: 4,MEMBER,"Rs 46,000,000",1 day
https://ikman.lk/en/ad/newly-built-luxury-single-story-3br-house-for-sale-in-piliyandala-for-sale-colombo,Newly Built Luxury Single-Story 3BR House For Sale In Piliyandala,Bedrooms: 3 | Bathrooms: 2,MEMBER,"Rs 21,500,000",1 day
https://ikman.lk/en/ad/sukhoopbhoogii-demhl-nivs-vikinniimtt-piliyandala-kesbewa-for-sale-colombo-21,සුඛෝපභෝගී දෙමහල් නිවස විකිණීමට Piliyandala Kesbewa,Bedrooms: 5 | Bathrooms: 4,MEMBER,"Rs 39,500,000",1 day
https://ikman.lk/en/ad/athurugiriya-brand-new-2-storey-modern-luxury-box-type-house-for-sale-for-sale-colombo-1,Athurugiriya Brand New 2 Storey Modern Luxury Box Type House For Sale,Bedrooms: 3 | Bathrooms: 2,MEMBER,"Rs 29,500,000",
https://ikman.lk/en/ad/ihll-prmitiykin-vaastuvidyaanuukuulv-idikl-sukhoopbhoogii-nivsk-piliyndl-for-sale-colombo,ඉහළ ප්‍රමිතියකින් වාස්තුවිද්‍යානූකූලව ඉදිකල සුඛෝපභෝගී නිවසක් පිලියන්දල,Bedrooms: 4 | Bathrooms: 4,MEMBER,"Rs 44,000,000",1 day
https://ikman.lk/en/ad/10-perch-brand-new-house-for-sale-in-athurugiriya-for-sale-colombo-2,10 Perch Brand New House for Sale in Athurugiriya,Bedrooms: 3 | Bathrooms: 2,MEMBER,"Rs 28,500,000",1 day
https://ikman.lk/en/ad/modern-furnished-house-for-sale-in-malabe-725-perches-for-sale-colombo,Modern Furnished House for Sale in Malabe – 7.25 Perches,Bedrooms: 4 | Bathrooms: 3,MEMBER,"Rs 44,000,000",1 day
https://ikman.lk/en/ad/sds-538-high-valuable-two-storey-house-sale-in-udahamulla-nugegoda-for-sale-colombo-1,(SDS-538) High Valuable Two Storey House Sale In Udahamulla Nugegoda,Bedrooms: 3 | Bathrooms: 3,MEMBER,"Rs 42,000,000",1 day
https://ikman.lk/en/ad/beautiful-family-home-for-sale-athurugiriya-for-sale-colombo-6,Beautiful Family Home for Sale – Athurugiriya,Bedrooms: 4 | Bathrooms: 2,MEMBER,"Rs 24,000,000",1 day
https://ikman.lk/en/ad/luxury-3-bedroom-house-for-sale-athurugiriya-for-sale-colombo,Luxury 3 Bedroom House for Sale – Athurugiriya,Bedrooms: 3 | Bathrooms: 2,MEMBER,"Rs 38,500,000",1 day
https://ikman.lk/en/ad/house-for-sale-nugegoda-for-sale-colombo-961,House For Sale Nugegoda,Bedrooms: 4 | Bathrooms: 3,MEMBER,"Rs 60,900,000",1 day
https://ikman.lk/en/ad/148-perch-house-for-sale-kahanthota-malabe-for-sale-colombo,"14.8 Perch House for Sale – Kahanthota, Malabe",Bedrooms: 5 | Bathrooms: 4,MEMBER,"Rs 58,000,000",1 day
https://ikman.lk/en/ad/4-bedroom-home-athurugiriya-for-sale-colombo,4 Bedroom Home – Athurugiriya,Bedrooms: 4 | Bathrooms: 4,MEMBER,"Rs 47,500,000",1 day
https://ikman.lk/en/ad/modern-family-home-for-sale-near-thalawathugoda-for-sale-colombo,Modern Family Home for Sale Near Thalawathugoda,Bedrooms: 4 | Bathrooms: 3,MEMBER,"Rs 53,000,000",1 day
https://ikman.lk/en/ad/brand-new-single-story-house-in-malabe-for-sale-colombo-55,Brand New Single Story House in Malabe,Bedrooms: 3 | Bathrooms: 2,MEMBER,"Rs 26,500,000",1 day
https://ikman.lk/en/ad/super-house-for-sale-maharagama-for-sale-colombo-72,Super House for Sale Maharagama,Bedrooms: 4 | Bathrooms: 3,MEMBER,"Rs 55,000,000",1 day
https://ikman.lk/en/ad/colombo-07-house-for-sale-for-sale-colombo-22,Colombo 07 House For Sale.,Bedrooms: 4 | Bathrooms: 3,MEMBER,"Rs 350,000,000",1 day
https://ikman.lk/en/ad/super-luxury-modern-new-house-for-sale-in-mount-lavinia-for-sale-colombo-17,Super Luxury Modern New House For Sale In Mount Lavinia,Bedrooms: 3 | Bathrooms: 4,MEMBER,"Rs 66,000,000",1 day
https://ikman.lk/en/ad/modern-quality-valuable-house-for-sale-in-athurugiriya-for-sale-colombo-8,Modern Quality Valuable House for Sale in Athurugiriya 🏠 - ---,Bedrooms: 3 | Bathrooms: 1,MEMBER,"Rs 19,500,000",1 day
https://ikman.lk/en/ad/thalawathugoda-hokandara-valuable-two-storey-house-for-sale-for-sale-colombo-2,Thalawathugoda Hokandara Valuable Two Storey House for Sale,Bedrooms: 4 | Bathrooms: 2,MEMBER,"Rs 22,500,000",1 day
https://ikman.lk/en/ad/657thalawathugoda-hokandara-valuable-two-storey-house-for-sale-for-sale-colombo,(657)Thalawathugoda Hokandara Valuable Two Storey House for sale,Bedrooms: 4 | Bathrooms: 2,MEMBER,"Rs 22,500,000",1 day
https://ikman.lk/en/ad/31p-super-luxury-5br-ultra-modern-house-for-sale-in-heart-of-nugegoda-for-sale-colombo-36,31P Super Luxury 5BR Ultra Modern House For Sale In Heart Of Nugegoda,Bedrooms: 5 | Bathrooms: 8,MEMBER,"Rs 300,000,000",1 day
https://ikman.lk/en/ad/luxury-brand-new-house-for-sale-malabe-near-athurugiriya-town-for-sale-colombo-13,Luxury Brand New House for Sale – Malabe (Near Athurugiriya Town),Bedrooms: 4 | Bathrooms: 4,MEMBER,"Rs 49,000,000",1 day
https://ikman.lk/en/ad/luxury-brand-new-house-for-sale-in-kottawa-mattegoda-for-sale-colombo-4,Luxury Brand new House for sale in Kottawa Mattegoda,Bedrooms: 4 | Bathrooms: 3,MEMBER,"Rs 46,500,000",1 day
https://ikman.lk/en/ad/brand-new-luxury-upstairs-house-sale-talawatugoda-for-sale-colombo-1,Brand New Luxury Upstairs House sale Talawatugoda,Bedrooms: 4 | Bathrooms: 3,MEMBER,"Rs 53,500,000",1 day
https://ikman.lk/en/ad/brand-new-super-luxury-furnished-house-for-sale-in-battaramulla-for-sale-colombo-6,Brand New Super Luxury Furnished House For Sale In Battaramulla,Bedrooms: 5 | Bathrooms: 5,MEMBER,"Rs 175,000,000",1 day
https://ikman.lk/en/ad/luxury-house-for-sale-in-kalalgoda-thalawathugoda-for-sale-colombo-2,Luxury House for Sale in Kalalgoda-Thalawathugoda,Bedrooms: 4 | Bathrooms: 4,MEMBER,"Rs 78,000,000",1 day
https://ikman.lk/en/ad/strong-structure-brand-new-house-sale-athurugiriya-for-sale-colombo-53,Strong Structure Brand New House sale Athurugiriya,Bedrooms: 3 | Bathrooms: 2,MEMBER,"Rs 31,000,000",1 day
https://ikman.lk/en/ad/aturugiriy-kortottin-alutm-tni-mhl-nivsk-vikinniimtt-aet-for-sale-colombo-81,"අතුරුගිරිය, කොරතොටින් අලුත්ම තනි මහල් නිවසක් විකිණීමට ඇත",Bedrooms: 3 | Bathrooms: 2,MEMBER,"Rs 19,500,000",1 day
https://ikman.lk/en/ad/super-luxury-b-new-house-with-pool-for-sale-in-pelawatta-battaramulla-for-sale-colombo-7,Super Luxury B/New House With Pool For Sale In Pelawatta Battaramulla,Bedrooms: 4 | Bathrooms: 4,MEMBER,"Rs 255,000,000",1 day
https://ikman.lk/en/ad/brand-new-house-for-sale-malabe-for-sale-colombo-545,Brand New House For sale Malabe,Bedrooms: 3 | Bathrooms: 2,MEMBER,"Rs 31,000,000",1 day
https://ikman.lk/en/ad/2-story-house-madivela-for-sale-colombo,2 Story House Madivela,Bedrooms: 3 | Bathrooms: 2,,"Rs 42,000,000",1 day
https://ikman.lk/en/ad/modern-quality-valuable-house-for-sale-in-athurugiriya-for-sale-colombo-7,Modern Quality Valuable House for Sale in Athurugiriya,Bedrooms: 4 | Bathrooms: 4,MEMBER,"Rs 55,000,000",1 day
https://ikman.lk/en/ad/luxury-brand-new-4br-house-for-sale-tranquil-living-in-thalawathugoda-for-sale-colombo-313,Luxury Brand New 4BR House for Sale – Tranquil Living in Thalawathugoda,Bedrooms: 4 | Bathrooms: 4,MEMBER,"Rs 63,000,000",1 day
https://ikman.lk/en/ad/super-house-for-sale-dehiwala-for-sale-colombo-29,Super House for Sale Dehiwala,Bedrooms: 4 | Bathrooms: 3,MEMBER,"Rs 45,000,000",1 day
https://ikman.lk/en/ad/sds-550-high-residential-area-two-storey-house-for-sale-in-nugegoda-for-sale-colombo-2,(SDS-550) High Residential Area Two Storey House for Sale in Nugegoda,Bedrooms: 4 | Bathrooms: 3,MEMBER,"Rs 73,000,000",1 day
https://ikman.lk/en/ad/house-for-sale-in-piliyandala-bokundara-for-sale-colombo-1,House for sale in Piliyandala ( Bokundara ),Bedrooms: 4 | Bathrooms: 2,MEMBER,"Rs 60,000,000",1 day
https://ikman.lk/en/ad/3bed-house-for-sale-in-wellampitiya-sp1140-for-sale-colombo,3BED HOUSE FOR SALE IN WELLAMPITIYA (SP1140),Bedrooms: 3 | Bathrooms: 3,MEMBER,"Rs 55,000,000",1 day
https://ikman.lk/en/ad/well-maintained-luxury-home-for-sale-battaramulla-for-sale-colombo,Well-Maintained Luxury Home for Sale – Battaramulla,Bedrooms: 4 | Bathrooms: 3,MEMBER,"Rs 67,500,000",1 day
https://ikman.lk/en/ad/super-house-for-sale-boralesgamuwa-for-sale-colombo-10,Super House for sale Boralesgamuwa,Bedrooms: 4 | Bathrooms: 3,MEMBER,"Rs 55,000,000",1 day
https://ikman.lk/en/ad/luxurious-house-sale-thalahena-malabe-for-sale-colombo,"Luxurious House Sale Thalahena , Malabe",Bedrooms: 4 | Bathrooms: 3,MEMBER,"Rs 39,800,000",
https://ikman.lk/en/ad/single-storey-house-for-sale-in-wellampitiya-for-sale-colombo-872,Single Storey House for Sale in Wellampitiya,Bedrooms: 3 | Bathrooms: 2,MEMBER,"Rs 18,000,000",1 day
https://ikman.lk/en/ad/sds-570valuable-two-storey-house-sale-in-rathmaldeniya-pannipitiya-for-sale-colombo-1,(SDS-570)Valuable Two Storey House Sale in Rathmaldeniya Pannipitiya,Bedrooms: 4 | Bathrooms: 2,MEMBER,"Rs 27,000,000",1 day
https://ikman.lk/en/ad/two-storey-house-for-sale-in-wellampitiya-for-sale-colombo-1073,Two Storey House for Sale in Wellampitiya,Bedrooms: 5 | Bathrooms: 4,MEMBER,"Rs 17,000,000",1 day
https://ikman.lk/en/ad/house-for-sale-gothatuwa-for-sale-colombo-63,House for Sale – Gothatuwa,Bedrooms: 4 | Bathrooms: 3,MEMBER,"Rs 20,000,000",1 day
https://ikman.lk/en/ad/modern-3-storey-luxury-house-for-sale-athurugiriya-for-sale-colombo,Modern 3-Storey Luxury House for Sale Athurugiriya,Bedrooms: 3 | Bathrooms: 3,MEMBER,"Rs 40,000,000",1 day
https://ikman.lk/en/ad/three-storey-house-for-sale-in-wellampitiya-for-sale-colombo-126,Three-Storey House for Sale in Wellampitiya,Bedrooms: 5 | Bathrooms: 3,MEMBER,"Rs 23,500,000",1 day
https://ikman.lk/en/ad/brand-new-two-story-luxury-house-for-sale-in-moratuwa-piliyandala-for-sale-colombo,BRAND NEW TWO STORY LUXURY HOUSE FOR SALE IN MORATUWA PILIYANDALA .,Bedrooms: 4 | Bathrooms: 2,MEMBER,"Rs 29,500,000",1 day
https://ikman.lk/en/ad/house-for-sale-in-wellampitiya-for-sale-colombo-4910,House for Sale in Wellampitiya,Bedrooms: 3 | Bathrooms: 3,MEMBER,"Rs 28,500,000",1 day
https://ikman.lk/en/ad/nawala-2-storey-unfurnished-house-for-sale-nzms3021-for-sale-colombo,Nawala 2 Storey Unfurnished House for Sale (NZMS3021),Bedrooms: 6 | Bathrooms: 4,MEMBER,"Rs 125,000,000",
https://ikman.lk/en/ad/single-storey-house-for-sale-in-wellampitiya-for-sale-colombo-871,Single Storey House for Sale in Wellampitiya,Bedrooms: 4 | Bathrooms: 3,MEMBER,"Rs 48,500,000",1 day
https://ikman.lk/en/ad/architectural-designed-brand-new-luxury-house-for-sale-in-piliyandala-for-sale-colombo-82,ARCHITECTURAL DESIGNED BRAND NEW LUXURY HOUSE FOR SALE IN PILIYANDALA .,Bedrooms: 4 | Bathrooms: 2,MEMBER,"Rs 34,500,000",1 day
https://ikman.lk/en/ad/modern-two-storey-house-for-sale-in-thalawathugoda-for-sale-colombo-8,Modern Two Storey House for Sale in Thalawathugoda,Bedrooms: 5 | Bathrooms: 2,MEMBER,"Rs 40,000,000",1 day
https://ikman.lk/en/ad/modern-luxury-brand-new-house-sale-talawatugoda-for-sale-colombo,Modern Luxury Brand New House Sale Talawatugoda,Bedrooms: 4 | Bathrooms: 4,MEMBER,"Rs 69,500,000",1 day
https://ikman.lk/en/ad/house-for-sale-for-sale-colombo-27353,HOUSE FOR SALE,Bedrooms: 3 | Bathrooms: 1,,"Rs 7,000,000",1 day
https://ikman.lk/en/ad/two-storey-house-for-sale-in-pannipitiya-for-sale-colombo-85,Two Storey House for Sale in Pannipitiya,Bedrooms: 5 | Bathrooms: 2,MEMBER,"Rs 24,000,000",1 day
https://ikman.lk/en/ad/two-storey-house-for-sale-in-maharagama-for-sale-colombo-94,Two Storey House for Sale in Maharagama,Bedrooms: 4 | Bathrooms: 3,MEMBER,"Rs 60,000,000",1 day
https://ikman.lk/en/ad/two-storied-valuable-house-sale-homagama-for-sale-colombo,Two Storied Valuable House Sale Homagama,Bedrooms: 4 | Bathrooms: 2,MEMBER,"Rs 31,000,000",1 day
https://ikman.lk/en/ad/a-beautifully-designed-two-storey-house-nugegoda-for-sale-for-sale-colombo-2,A Beautifully Designed Two-Storey House – Nugegoda - For Sale,Bedrooms: 5 | Bathrooms: 4,,"Rs 85,000,000",
https://ikman.lk/en/ad/two-storied-house-for-sale-in-ratmalana-for-sale-colombo-19,Two Storied House For Sale In Ratmalana,Bedrooms: 2 | Bathrooms: 1,MEMBER,"Rs 45,000,000",1 day
https://ikman.lk/en/ad/dh1114-brand-new-three-storey-house-for-sale-in-godagama-for-sale-colombo-30,(DH1114) Brand New Three Storey House for sale in Godagama,Bedrooms: 4 | Bathrooms: 2,MEMBER,"Rs 26,000,000",1 day
https://ikman.lk/en/ad/hh164-single-house-for-sale-in-pannipitiya-for-sale-colombo-11,(HH164) Single House for Sale in Pannipitiya,Bedrooms: 3 | Bathrooms: 2,MEMBER,"Rs 13,000,000",1 day
https://ikman.lk/en/ad/three-unit-house-for-sale-in-mount-lavinia-for-sale-colombo-8,Three Unit House For Sale In Mount Lavinia,Bedrooms: 6 | Bathrooms: 4,MEMBER,"Rs 49,500,000",1 day
https://ikman.lk/en/ad/three-storied-house-for-sale-in-kalubowila-dehiwala-for-sale-colombo-5,"Three Storied House For Sale In Kalubowila, Dehiwala",Bedrooms: 6 | Bathrooms: 5,MEMBER,"Rs 110,000,000",1 day
https://ikman.lk/en/ad/house-for-sale-nugegoda-file-no-2637-a-for-sale-colombo-15,House for Sale Nugegoda ( File No 2637 a ),Bedrooms: 6 | Bathrooms: 6,MEMBER,"Rs 180,000,000",1 day
https://ikman.lk/en/ad/house-for-sale-in-pitipana-homagama-for-sale-colombo-6,House for Sale in Pitipana Homagama,Bedrooms: 3 | Bathrooms: 1,,"Rs 13,000,000",
https://ikman.lk/en/ad/brand-new-single-storey-house-for-sale-in-piliyandala-kahathuduwa-for-sale-colombo-2,Brand New Single Storey House for Sale in Piliyandala Kahathuduwa,Bedrooms: 3 | Bathrooms: 2,MEMBER,"Rs 25,000,000",1 day
https://ikman.lk/en/ad/04-br-modern-luxury-house-for-sale-in-malabe-for-sale-colombo,04 BR Modern Luxury House for Sale in Malabe,Bedrooms: 4 | Bathrooms: 3,MEMBER,"Rs 44,000,000",
https://ikman.lk/en/ad/luxury-brand-new-house-for-sale-katubedda-moratuwa-for-sale-colombo-33,"Luxury Brand New House for Sale – Katubedda, Moratuwa",Bedrooms: 4 | Bathrooms: 5,MEMBER,"Rs 68,500,000",1 day
https://ikman.lk/en/ad/brand-new-single-story-house-for-sale-piliyandala-for-sale-colombo-149,BRAND NEW SINGLE STORY HOUSE FOR SALE - PILIYANDALA,Bedrooms: 3 | Bathrooms: 2,MEMBER,"Rs 23,500,000",1 day
https://ikman.lk/en/ad/house-sale-in-piliyandala-dampe-for-sale-colombo,House Sale in Piliyandala Dampe,Bedrooms: 4 | Bathrooms: 1,,"Rs 14,100,000",
https://ikman.lk/en/ad/two-story-house-for-sale-in-kolonnawa-for-sale-colombo-430,Two Story House for Sale in Kolonnawa,Bedrooms: 3 | Bathrooms: 1,MEMBER,"Rs 27,400,000",1 day
https://ikman.lk/en/ad/brand-new-luxury-house-for-sale-in-talawathugoda-hokanadara-for-sale-colombo,Brand new Luxury House for sale in Talawathugoda Hokanadara,Bedrooms: 4 | Bathrooms: 3,,"Rs 67,500,000",
https://ikman.lk/en/ad/house-for-sale-for-sale-colombo-27312,House for Sale Malabe,Bedrooms: 5 | Bathrooms: 4,,"Rs 58,000,000",
https://ikman.lk/en/ad/4-bed-with-two-storied-house-sale-athurugiriaya-for-sale-colombo,4 Bed With Two Storied House Sale Athurugiriaya,Bedrooms: 4 | Bathrooms: 2,MEMBER,"Rs 24,000,000",1 day
https://ikman.lk/en/ad/house-for-sale-in-wellampitiya-for-sale-colombo-4909,House for Sale in Wellampitiya,Bedrooms: 2 | Bathrooms: 2,MEMBER,"Rs 15,500,000",1 day
https://ikman.lk/en/ad/single-story-house-for-sale-in-wellampitiya-for-sale-colombo-866,Single Story House for Sale in Wellampitiya,Bedrooms: 3 | Bathrooms: 1,MEMBER,"Rs 16,000,000",1 day
https://ikman.lk/en/ad/beautiful-luxury-house-for-sale-kahathuduwa-for-sale-colombo-1,Beautiful Luxury House for Sale Kahathuduwa,Bedrooms: 3 | Bathrooms: 2,MEMBER,"Rs 26,000,000",1 day
https://ikman.lk/en/ad/super-single-house-for-sale-athurugiriya-for-sale-colombo-3,Super Single House For Sale Athurugiriya,Bedrooms: 3 | Bathrooms: 2,MEMBER,"Rs 26,000,000",1 day
https://ikman.lk/en/ad/luxury-family-home-for-sale-makandana-for-sale-colombo,Luxury Family Home for Sale – Makandana,Bedrooms: 4 | Bathrooms: 3,MEMBER,"Rs 44,000,000",1 day
https://ikman.lk/en/ad/two-story-house-for-sale-in-wellampitiya-for-sale-colombo-1247,Two Story House for Sale in Wellampitiya,Bedrooms: 4 | Bathrooms: 2,MEMBER,"Rs 19,000,000",1 day
https://ikman.lk/en/ad/luxury-residence-for-sale-thalawathugoda-for-sale-colombo,Luxury Residence for Sale – Thalawathugoda,Bedrooms: 4 | Bathrooms: 3,MEMBER,"Rs 135,000,000",1 day
https://ikman.lk/en/ad/spacious-6-bedroom-house-for-sale-maharagama-for-sale-colombo,Spacious 6 Bedroom House for Sale – Maharagama,Bedrooms: 6 | Bathrooms: 3,MEMBER,"Rs 66,000,000",1 day
https://ikman.lk/en/ad/5-bedroom-house-for-sale-in-nawala-school-lane-for-sale-colombo,"5 Bedroom House for Sale in Nawala, School Lane",Bedrooms: 5 | Bathrooms: 3,MEMBER,"Rs 65,000,000",1 day
https://ikman.lk/en/ad/two-story-house-for-sale-in-maha-buthgamuwa-for-sale-colombo-12,Two Story House for Sale in Maha Buthgamuwa,Bedrooms: 4 | Bathrooms: 4,MEMBER,"Rs 21,000,000",1 day
https://ikman.lk/en/ad/luxury-brand-new-house-for-sale-kesbewa-for-sale-colombo-1,Luxury Brand New House for Sale Kesbewa,Bedrooms: 4 | Bathrooms: 3,MEMBER,"Rs 46,500,000",1 day
https://ikman.lk/en/ad/luxury-4-bedrooms-new-house-for-sale-in-piliyandala-kesbewa-for-sale-colombo-11,Luxury 4 Bedrooms New House for sale in Piliyandala Kesbewa,Bedrooms: 4 | Bathrooms: 3,MEMBER,"Rs 44,000,000",1 day
https://ikman.lk/en/ad/single-story-house-for-sale-in-wellampitiya-for-sale-colombo-865,Single Story House for Sale in Wellampitiya,Bedrooms: 2 | Bathrooms: 2,MEMBER,"Rs 12,000,000",1 day
https://ikman.lk/en/ad/two-story-houses-for-sale-in-mahabuthgamuwa-for-sale-colombo-5,Two Story Houses for Sale in Mahabuthgamuwa,Bedrooms: 4 | Bathrooms: 3,MEMBER,"Rs 33,000,000",1 day
https://ikman.lk/en/ad/nviintm-nivsk-vikinniimtt-piliyndl-for-sale-colombo,නවීනතම නිවසක් විකිණීමට පිලියන්දල,Bedrooms: 3 | Bathrooms: 2,MEMBER,"Rs 24,500,000",1 day
https://ikman.lk/en/ad/beautiful-house-for-sale-in-thalawathugoda-for-sale-colombo-76,Beautiful house for sale in thalawathugoda,Bedrooms: 4 | Bathrooms: 3,MEMBER,"Rs 53,500,000",1 day
https://ikman.lk/en/ad/beautiful-brand-new-house-sale-ahurugiriya-for-sale-colombo,Beautiful Brand New House Sale Ahurugiriya,Bedrooms: 4 | Bathrooms: 3,MEMBER,"Rs 47,500,000",1 day
https://ikman.lk/en/ad/brand-new-house-for-sale-piliyandala-for-sale-colombo-935,Brand New House for Sale Piliyandala,Bedrooms: 4 | Bathrooms: 3,MEMBER,"Rs 32,000,000",1 day
https://ikman.lk/en/ad/house-for-sale-in-rajagiriya-for-sale-colombo-1274,House for Sale in Rajagiriya,Bedrooms: 4 | Bathrooms: 2,MEMBER,"Rs 55,000,000",1 day
https://ikman.lk/en/ad/valuable-brand-new-single-storey-house-in-khtudduv-for-sale-colombo,Valuable Brand New Single Storey House in කහතුඩුව,Bedrooms: 3 | Bathrooms: 2,MEMBER,"Rs 19,000,000",1 day
https://ikman.lk/en/ad/two-story-house-for-sale-in-boralesgamuwa-for-sale-colombo-272,Two Story House for Sale in Boralesgamuwa,Bedrooms: 4 | Bathrooms: 4,MEMBER,"Rs 45,000,000",1 day
https://ikman.lk/en/ad/85-perches-semi-furnished-house-for-sale-hl42759-for-sale-colombo,8.5 Perches - Semi-Furnished House for Sale HL42759,Bedrooms: 5 | Bathrooms: 5,MEMBER,"Rs 100,000,000",1 day
https://ikman.lk/en/ad/3-storey-house-for-sale-in-colombo-15-for-sale-colombo,3 Storey House for Sale in Colombo 15,Bedrooms: 2 | Bathrooms: 2,,"Rs 17,000,000",1 day
https://ikman.lk/en/ad/brand-new-house-for-sale-athurugiriya-for-sale-colombo-1072,Brand New House For Sale Athurugiriya,Bedrooms: 3 | Bathrooms: 2,MEMBER,"Rs 27,500,000",1 day
https://ikman.lk/en/ad/faddy-field-view-luxury-house-for-sale-in-boralasgamuwa-for-sale-colombo,Faddy field view luxury house for sale in boralasgamuwa,Bedrooms: 4 | Bathrooms: 3,MEMBER,"Rs 109,000,000",1 day
https://ikman.lk/en/ad/boralasgamuwa-city-luxury-property-for-sale-for-sale-colombo,Boralasgamuwa city luxury property for sale,Bedrooms: 4 | Bathrooms: 3,MEMBER,"Rs 109,000,000",1 day
https://ikman.lk/en/ad/two-storied-house-for-sale-athurugiriya-for-sale-colombo-57,Two Storied House For Sale Athurugiriya,Bedrooms: 4 | Bathrooms: 3,MEMBER,"Rs 25,000,000",1 day
https://ikman.lk/en/ad/two-story-luxury-house-for-sale-in-battaramulla-for-sale-colombo-10,Two Story Luxury House for Sale in Battaramulla,Bedrooms: 5 | Bathrooms: 3,MEMBER,"Rs 71,000,000",1 day
https://ikman.lk/en/ad/modern-house-for-sale-in-piliyandala-kahathuduwa-for-sale-colombo-4,Modern House for sale in Piliyandala Kahathuduwa,Bedrooms: 3 | Bathrooms: 2,MEMBER,"Rs 26,000,000",1 day
https://ikman.lk/en/ad/brand-new-5-bed-house-for-sale-piliyandala-for-sale-colombo-1,Brand New 5 Bed House for Sale Piliyandala,Bedrooms: 5 | Bathrooms: 3,MEMBER,"Rs 44,000,000",1 day
https://ikman.lk/en/ad/two-storey-house-for-sale-in-boralesgamuwa-for-sale-colombo-136,Two Storey House for Sale in Boralesgamuwa,Bedrooms: 5 | Bathrooms: 5,MEMBER,"Rs 58,000,000",1 day
https://ikman.lk/en/ad/pr-10-k-smg-atinviin-tnimhl-nivsk-vikinniimtt-piliyandala-kidelpitiya-for-sale-colombo,පර්. 10 ක් සමග අතිනවීන තනිමහල් නිවසක් විකිණීමට - PILIYANDALA KIDELPITIYA,Bedrooms: 3 | Bathrooms: 2,MEMBER,"Rs 25,000,000",1 day
https://ikman.lk/en/ad/two-story-house-for-sale-in-nugegoda-for-sale-colombo-224,Two Story House for Sale in Nugegoda,Bedrooms: 4 | Bathrooms: 3,MEMBER,"Rs 78,000,000",1 day
https://ikman.lk/en/ad/luxury-4-bedroom-house-kesbewa-for-sale-colombo,Luxury 4 Bedroom House – Kesbewa,Bedrooms: 4 | Bathrooms: 2,MEMBER,"Rs 34,500,000",1 day
https://ikman.lk/en/ad/maalbee-ngryen-nviin-phsukm-shit-tni-nivsk-for-sale-colombo-2,මාලබේ නගරයෙන් නවීන පහසුකම් සහිත තනි නිවසක්,Bedrooms: 3 | Bathrooms: 2,MEMBER,"Rs 28,500,000",1 day
https://ikman.lk/en/ad/single-storied-house-for-sale-malabe-for-sale-colombo-32,Single Storied House for Sale Malabe,Bedrooms: 3 | Bathrooms: 2,MEMBER,"Rs 26,500,000",1 day
https://ikman.lk/en/ad/well-build-house-for-sale-athurugiriya-for-sale-colombo-2,well Build House For Sale Athurugiriya,Bedrooms: 3 | Bathrooms: 2,MEMBER,"Rs 19,500,000",1 day
https://ikman.lk/en/ad/vttinaa-demhl-nivsk-mttegoddin-for-sale-colombo,වටිනා දෙමහල් නිවසක් මත්තෙගොඩින්,Bedrooms: 4 | Bathrooms: 3,MEMBER,"Rs 31,500,000",1 day
https://ikman.lk/en/ad/2-storied-house-for-sale-for-sale-colombo-57,2 Storied House For Sale,Bedrooms: 4 | Bathrooms: 4,MEMBER,"Rs 48,000,000",1 day
https://ikman.lk/en/ad/full-fill-beautiful-house-sale-athurugiriya-for-sale-colombo,Full Fill Beautiful House Sale Athurugiriya,Bedrooms: 3 | Bathrooms: 2,MEMBER,"Rs 28,500,000",1 day
https://ikman.lk/en/ad/full-fill-single-storied-house-sale-malabe-for-sale-colombo,Full Fill Single Storied House Sale Malabe,Bedrooms: 3 | Bathrooms: 3,MEMBER,"Rs 29,000,000",1 day
https://ikman.lk/en/ad/modern-2-storied-house-for-sale-malabe-for-sale-colombo,Modern 2 Storied House For Sale Malabe,Bedrooms: 3 | Bathrooms: 3,MEMBER,"Rs 32,500,000",1 day
https://ikman.lk/en/ad/luxury-3-storey-house-for-sale-maharagama-pamunuwa-for-sale-colombo,"Luxury 3-Storey House for Sale – Maharagama, Pamunuwa",Bedrooms: 5 | Bathrooms: 5,MEMBER,"Rs 100,000,000",1 day
https://ikman.lk/en/ad/brand-new-luxury-house-for-sale-in-piliyandala-kesbawa-for-sale-colombo-6,Brand New Luxury House for sale in Piliyandala Kesbawa,Bedrooms: 4 | Bathrooms: 3,MEMBER,"Rs 33,500,000",1 day
https://ikman.lk/en/ad/102-perch-spacious-luxurious-two-storey-house-in-piliyandala-for-sale-colombo,10.2 Perch Spacious Luxurious Two Storey House in Piliyandala,Bedrooms: 4 | Bathrooms: 4,MEMBER,"Rs 42,000,000",1 day
https://ikman.lk/en/ad/architecture-desing-luxury-house-for-sale-battaramulla-for-sale-colombo,architecture desing luxury house for sale battaramulla,Bedrooms: 6 | Bathrooms: 7,MEMBER,"Rs 450,000,000",1 day
https://ikman.lk/en/ad/202-perch-garden-home-near-malabe-junction-for-sale-colombo,20.2-Perch Garden Home Near Malabe Junction,Bedrooms: 4 | Bathrooms: 1,,"Rs 55,000,000",1 day
https://ikman.lk/en/ad/battaramulla-super-house-for-sale-for-sale-colombo,battaramulla super house for sale,Bedrooms: 4 | Bathrooms: 3,MEMBER,"Rs 69,500,000",1 day
https://ikman.lk/en/ad/famaliy-luxury-house-for-sale-in-pitakotte-for-sale-colombo-1,famaliy luxury house for sale in pitakotte,Bedrooms: 5 | Bathrooms: 5,MEMBER,"Rs 220,000,000",1 day
https://ikman.lk/en/ad/premium-investment-property-in-queens-park-nawala-for-sale-colombo,Premium Investment Property in Queens Park – Nawala,Bedrooms: 4 | Bathrooms: 3,,"Rs 105,000,000",1 day
https://ikman.lk/en/ad/katubadda-junction-brand-new-luxury-house-for-sale-for-sale-colombo,katubadda junction brand new luxury house for sale,Bedrooms: 4 | Bathrooms: 3,MEMBER,"Rs 68,500,000",1 day
https://ikman.lk/en/ad/colombo-6-havelock-city-house-hotel-for-sale-for-sale-colombo,colombo 6 havelock city house/ hotel for sale,Bedrooms: 6 | Bathrooms: 6,MEMBER,"Rs 152,000,000",1 day
https://ikman.lk/en/ad/with-fully-furnitured-house-for-sale-in-battaramulla-for-sale-colombo-1,with fully furnitured house for sale in battaramulla,Bedrooms: 4 | Bathrooms: 4,MEMBER,"Rs 255,000,000",1 day
https://ikman.lk/en/ad/brand-new-valuable-two-storey-quality-house-for-sale-in-kahathuduwa-for-sale-colombo,Brand New Valuable Two Storey Quality House For Sale In Kahathuduwa,Bedrooms: 4 | Bathrooms: 3,MEMBER,"Rs 36,000,000",1 day
https://ikman.lk/en/ad/alutm-tnimhl-alnkaar-nivsk-vikinniimtt-kaesbaaev-piliyndl-for-sale-colombo,අලුත්ම තනිමහල් අලංකාර නිවසක් විකිණීමට කැස්බෑව පිලියන්දල,Bedrooms: 3 | Bathrooms: 3,MEMBER,"Rs 24,500,000",1 day
https://ikman.lk/en/ad/vaastuvidyaanuukuulv-idikll-nviin-pnnyee-alutm-tnimhl-nivsk-kirivttudduv-for-sale-colombo,වාස්තුවිද්‍යානූකූලව ඉදිකළ නවීන පන්නයේ අලුත්ම තනිමහල් නිවසක් කිරිවත්තුඩුව,Bedrooms: 3 | Bathrooms: 2,MEMBER,"Rs 17,500,000",1 day
https://ikman.lk/en/ad/nidn-kaamr-3k-nivs-vikiniimtt-piliyandala-kesbawa-for-sale-colombo-17,නිදන කාමර 3ක නිවස විකිනීමට Piliyandala Kesbawa,Bedrooms: 3 | Bathrooms: 2,MEMBER,"Rs 22,500,000",1 day
https://ikman.lk/en/ad/luxury-5br-house-for-sale-in-piliyandala-for-sale-colombo,Luxury 5BR House for Sale in Piliyandala,Bedrooms: 5 | Bathrooms: 3,MEMBER,"Rs 29,500,000",1 day
https://ikman.lk/en/ad/new-luxury-house-for-sale-in-thalawathugodahokandara-for-sale-colombo-3,"New Luxury House for Sale in Thalawathugoda,Hokandara",Bedrooms: 4 | Bathrooms: 3,MEMBER,"Rs 53,000,000",1 day
https://ikman.lk/en/ad/beautiful-4br-house-for-sale-in-piliyandala-for-sale-colombo,Beautiful 4BR House for Sale in Piliyandala,Bedrooms: 4 | Bathrooms: 5,MEMBER,"Rs 45,000,000",1 day
https://ikman.lk/en/ad/3-bedrooms-brand-new-house-for-sale-in-homagama-beruketiya-for-sale-colombo-4,3 Bedrooms Brand New House for sale in Homagama Beruketiya,Bedrooms: 3 | Bathrooms: 1,MEMBER,"Rs 16,500,000",1 day
https://ikman.lk/en/ad/nviin-maadilliyee-alutm-tnimhl-nivsk-vikinniimtt-piliyandala-for-sale-colombo-1,නවීන මාදිළියේ අලුත්ම තනිමහල් නිවසක් විකිණීමට - Piliyandala,Bedrooms: 3 | Bathrooms: 2,MEMBER,"Rs 24,500,000",1 day
https://ikman.lk/en/ad/15-perches-brand-new-house-for-sale-in-piliyandala-for-sale-colombo-2,15 Perches Brand New House for Sale in Piliyandala,Bedrooms: 5 | Bathrooms: 3,MEMBER,"Rs 45,000,000",1 day
https://ikman.lk/en/ad/newly-build-luxury-two-storey-house-for-sale-in-piliyandala-for-sale-colombo-5,Newly Build Luxury Two Storey House for Sale in Piliyandala,Bedrooms: 4 | Bathrooms: 3,MEMBER,"Rs 42,000,000",1 day
https://ikman.lk/en/ad/khtudduven-nviin-pnnyee-alutm-nivs-ikmnin-vikiniimtt-khtudduv-for-sale-colombo,කහතුඩුවෙන් නවීන පන්නයේ අලුත්ම නිවස ඉක්මනින් විකිනීමට - කහතුඩුව,Bedrooms: 3 | Bathrooms: 2,MEMBER,"Rs 24,500,000",1 day
https://ikman.lk/en/ad/gated-community-brand-new-house-for-sale-piliyandala-for-sale-colombo,GATED COMMUNITY BRAND NEW HOUSE FOR SALE PILIYANDALA,Bedrooms: 3 | Bathrooms: 2,MEMBER,"Rs 23,500,000",1 day
https://ikman.lk/en/ad/bricks-walls-luxury-house-for-sale-mattegoda-115-perches-for-sale-colombo,Bricks Walls Luxury House For Sale Mattegoda (11.5 Perches),Bedrooms: 4 | Bathrooms: 3,MEMBER,"Rs 45,000,000",1 day
https://ikman.lk/en/ad/mordern-luxury-house-for-sale-in-piliyandala-percent-for-sale-colombo,Mordern Luxury House For Sale in Piliyandala%,Bedrooms: 4 | Bathrooms: 3,MEMBER,"Rs 44,000,000",1 day
https://ikman.lk/en/ad/newly-built-4-bed-house-for-sale-in-piliyandala-kesbawa-for-sale-colombo-2,Newly Built 4 Bed House for sale in Piliyandala Kesbawa,Bedrooms: 4 | Bathrooms: 2,MEMBER,"Rs 32,000,000",1 day
https://ikman.lk/en/ad/newly-build-house-for-sale-in-moratuwa-piliyandala-for-sale-colombo,NEWLY BUILD HOUSE FOR SALE IN MORATUWA PILIYANDALA,Bedrooms: 3 | Bathrooms: 2,MEMBER,"Rs 22,500,000",1 day
https://ikman.lk/en/ad/alutm-tnimhl-nivsk-vikinniimtt-diygm-taakssnnik-vishvvidyaalytt-smiipv-for-sale-colombo,අලුත්ම තනිමහල් නිවසක් විකිණීමට දියගම තාක්ෂණික විශ්වවිද්‍යාලයට සමීපව,Bedrooms: 3 | Bathrooms: 2,MEMBER,"Rs 21,000,000",1 day
https://ikman.lk/en/ad/brand-new-single-storied-house-for-sale-wataraka-for-sale-colombo,Brand New Single Storied house For sale Wataraka,Bedrooms: 4 | Bathrooms: 2,MEMBER,"Rs 18,800,000",1 day
https://ikman.lk/en/ad/completed-single-storied-house-sale-homagama-for-sale-colombo,Completed Single Storied House Sale Homagama,Bedrooms: 3 | Bathrooms: 2,MEMBER,"Rs 23,000,000",1 day
https://ikman.lk/en/ad/spacious-luxury-house-sale-malabe-for-sale-colombo-1,Spacious Luxury House Sale Malabe,Bedrooms: 4 | Bathrooms: 4,MEMBER,"Rs 49,000,000",1 day
https://ikman.lk/en/ad/brand-new-best-house-sale-thalahena-for-sale-colombo,Brand New Best House Sale Thalahena,Bedrooms: 3 | Bathrooms: 3,MEMBER,"Rs 29,000,000",1 day
https://ikman.lk/en/ad/alutm-nidnkaamr-htrk-shit-nviin-tnimhl-nivsk-vikinniimtt-miigodd-for-sale-colombo,අලුත්ම නිදනකාමර හතරක් සහිත නවීන තනිමහල් නිවසක් විකිණීමට මීගොඩ,Bedrooms: 4 | Bathrooms: 2,MEMBER,"Rs 19,200,000",1 day
https://ikman.lk/en/ad/piliyndlin-vstu-vidyaanukuulv-idikll-sukoopboogii-alutm-nivs-vikiniimtt-for-sale-colombo,පිලියන්දලින් වස්තු විද්‍යානුකූලව ඉදිකළ සුකෝපබෝගී අලුත්ම නිවස විකිනීමට,Bedrooms: 5 | Bathrooms: 3,MEMBER,"Rs 65,000,000",1 day
https://ikman.lk/en/ad/piliyndl-ttvumtt-smiip-sukhoopbhoogii-alutm-temhl-nivs-vikiniimtt-for-sale-colombo,පිලියන්දල ටවුමට සමීප සුඛෝපභෝගී අලුත්ම තෙමහල් නිවස විකිනීමට,Bedrooms: 4 | Bathrooms: 5,MEMBER,"Rs 45,000,000",1 day
https://ikman.lk/en/ad/spacious-new-house-for-sale-in-piliyandala-for-sale-colombo,SPACIOUS NEW HOUSE FOR SALE IN PILIYANDALA,Bedrooms: 3 | Bathrooms: 1,MEMBER,"Rs 22,500,000",1 day
https://ikman.lk/en/ad/brand-new-luxury-house-for-sale-in-piliyandala-kesbawa-for-sale-colombo-5,BRAND NEW LUXURY HOUSE FOR SALE IN PILIYANDALA KESBAWA,Bedrooms: 4 | Bathrooms: 3,MEMBER,"Rs 46,500,000",1 day
https://ikman.lk/en/ad/brand-new-house-for-sale-in-athurugiriya-for-sale-colombo-2304,Brand New House for Sale in Athurugiriya,Bedrooms: 4 | Bathrooms: 2,MEMBER,"Rs 38,500,000",1 day
https://ikman.lk/en/ad/brand-new-house-for-sale-in-athurugiriya-for-sale-colombo-2302,Brand New House for Sale in Athurugiriya,Bedrooms: 3 | Bathrooms: 2,MEMBER,"Rs 31,500,000",1 day
https://ikman.lk/en/ad/almost-brand-new-house-for-sale-in-moratuwa-piliyandala-for-sale-colombo,ALMOST BRAND NEW HOUSE FOR SALE IN MORATUWA PILIYANDALA,Bedrooms: 3 | Bathrooms: 2,MEMBER,"Rs 33,000,000",1 day
https://ikman.lk/en/ad/modern-luxury-two-storey-house-for-sale-athurugiriya-for-sale-colombo-1,Modern Luxury Two Storey House For Sale Athurugiriya,Bedrooms: 3 | Bathrooms: 2,MEMBER,"Rs 38,500,000",1 day
https://ikman.lk/en/ad/luxury-house-for-sale-in-piliyandala-for-sale-colombo-1859,Luxury House for Sale in Piliyandala,Bedrooms: 4 | Bathrooms: 4,MEMBER,"Rs 47,500,000",1 day
https://ikman.lk/en/ad/brand-new-house-for-sale-in-thalawathugoda-for-sale-colombo-2251,Brand New House for Sale in Thalawathugoda,Bedrooms: 4 | Bathrooms: 3,MEMBER,"Rs 135,000,000",1 day
https://ikman.lk/en/ad/luxury-house-for-sale-in-athurugiriya-for-sale-colombo-784,Luxury House for Sale in Athurugiriya,Bedrooms: 3 | Bathrooms: 2,MEMBER,"Rs 19,000,000",1 day
https://ikman.lk/en/ad/gated-community-luxury-house-for-sale-in-piliyandala-for-sale-colombo,GATED COMMUNITY LUXURY HOUSE FOR SALE IN PILIYANDALA,Bedrooms: 3 | Bathrooms: 2,MEMBER,"Rs 33,000,000",1 day
https://ikman.lk/en/ad/nidn-kaamr-3k-nviin-nivsk-vikinniimtt-piliyandala-polgasowita-for-sale-colombo-1,නිදන කාමර 3ක නවීන නිවසක් විකිණීමට PILIYANDALA POLGASOWITA,Bedrooms: 3 | Bathrooms: 2,MEMBER,"Rs 20,000,000",1 day
https://ikman.lk/en/ad/sh1502-modern-luxury-two-storey-house-for-sale-in-battaramulla-for-sale-colombo-9,(SH1502) Modern Luxury Two Storey House for Sale in Battaramulla,Bedrooms: 5 | Bathrooms: 3,MEMBER,"Rs 95,000,000",1 day
https://ikman.lk/en/ad/sh1547-luxury-two-storey-house-for-sale-in-battaramulla-for-sale-colombo,(SH1547) Luxury Two Storey House for Sale in Battaramulla,Bedrooms: 4 | Bathrooms: 3,MEMBER,"Rs 68,000,000",1 day
https://ikman.lk/en/ad/sh1546-18-perch-luxury-house-for-sale-in-mihidu-rd-kotte-for-sale-colombo-1,(SH1546) 18 Perch Luxury House for Sale in Mihidu Rd Kotte,Bedrooms: 5 | Bathrooms: 5,MEMBER,"Rs 200,000,000",1 day
https://ikman.lk/en/ad/sh1449-brand-new-two-storey-house-for-sale-in-pepiliyana-for-sale-colombo-23,(SH1449) Brand New Two Storey House for Sale in Pepiliyana,Bedrooms: 5 | Bathrooms: 4,MEMBER,"Rs 62,500,000",1 day
https://ikman.lk/en/ad/single-storey-house-for-sale-kesbewa-near-jaburaliya-ayurveda-for-sale-colombo-1,Single-Storey House for Sale – Kesbewa (Near Jaburaliya Ayurveda),Bedrooms: 3 | Bathrooms: 2,MEMBER,"Rs 24,500,000",1 day
https://ikman.lk/en/ad/sh1495-30-perch-land-2-storey-house-for-sale-in-battaramulla-for-sale-colombo-5,(SH1495) 30 Perch land 2 Storey House for Sale in Battaramulla,Bedrooms: 5 | Bathrooms: 2,MEMBER,"Rs 65,000,000",1 day
https://ikman.lk/en/ad/sh1427-17-perch-two-storey-house-for-sale-in-battaramulla-for-sale-colombo-8,(SH1427) 17 Perch Two Storey House for Sale in Battaramulla,Bedrooms: 4 | Bathrooms: 3,MEMBER,"Rs 45,000,000",1 day
https://ikman.lk/en/ad/mh454-single-storey-house-for-sale-in-athurugiriya-for-sale-colombo-22,(MH454) Single Storey House for Sale in Athurugiriya,Bedrooms: 3 | Bathrooms: 2,MEMBER,"Rs 15,500,000",1 day
https://ikman.lk/en/ad/mh239-two-storey-house-for-sale-in-athurugiriya-for-sale-colombo-48,(MH239) Two Storey House for Sale in Athurugiriya,Bedrooms: 4 | Bathrooms: 2,MEMBER,"Rs 38,000,000",1 day
https://ikman.lk/en/ad/house-for-sale-thalawathugoda-for-sale-colombo-999,House for Sale Thalawathugoda,Bedrooms: 5 | Bathrooms: 5,,"Rs 89,000,000",1 day
https://ikman.lk/en/ad/mh442-single-storey-house-for-sale-in-athurugiriya-for-sale-colombo-18,(MH442) Single Storey House for Sale in Athurugiriya,Bedrooms: 4 | Bathrooms: 2,MEMBER,"Rs 37,500,000",1 day
https://ikman.lk/en/ad/mh223-two-storey-house-for-sale-in-malabe-arangala-junction-for-sale-colombo-44,(MH223) Two Storey House for Sale in Malabe Arangala Junction,Bedrooms: 4 | Bathrooms: 2,MEMBER,"Rs 48,000,000",1 day
https://ikman.lk/en/ad/mh307-modern-two-storey-house-for-sale-in-kalalgoda-for-sale-colombo-37,(MH307) Modern Two Storey House for Sale in Kalalgoda,Bedrooms: 4 | Bathrooms: 4,MEMBER,"Rs 120,000,000",1 day
https://ikman.lk/en/ad/excellent-residential-property-at-a-great-price-for-sale-colombo-3,🎯 Excellent Residential Property at a Great Price,Bedrooms: 5 | Bathrooms: 3,MEMBER,"Rs 65,000,000",1 day
https://ikman.lk/en/ad/single-storied-house-for-sale-bokundara-for-sale-colombo,Single Storied House For Sale Bokundara,Bedrooms: 3 | Bathrooms: 2,,"Rs 17,000,000",1 day
https://ikman.lk/en/ad/brand-new-luxury-house-for-sale-nugegoda-delkanda-for-sale-colombo-379,"Brand New Luxury House For Sale - Nugegoda, Delkanda",Bedrooms: 5 | Bathrooms: 4,MEMBER,"Rs 53,000,000",1 day
https://ikman.lk/en/ad/luxury-multi-storey-residence-for-sale-rajagiriya-for-sale-colombo-2,Luxury Multi-Storey Residence for Sale Rajagiriya,Bedrooms: 4 | Bathrooms: 4,MEMBER,"Rs 190,000,000",1 day
https://ikman.lk/en/ad/3br-house-for-sale-in-kesbewa-for-sale-colombo,3 Br House for Sale in Kesbewa,Bedrooms: 3 | Bathrooms: 3,,"Rs 22,000,000",1 day
https://ikman.lk/en/ad/piliyandala-town-house-for-sale-for-sale-colombo-9,piliyandala town house for sale,Bedrooms: 4 | Bathrooms: 3,MEMBER,"Rs 64,500,000",1 day
https://ikman.lk/en/ad/brand-new-house-in-erawwala-pannipitiya-for-sale-colombo,"Brand-New House in Erawwala, Pannipitiya.",Bedrooms: 4 | Bathrooms: 3,MEMBER,"Rs 49,500,000",1 day
https://ikman.lk/en/ad/house-for-land-value-wijerama-nugegoda-cemtary-rd-for-sale-colombo,House For Land Value Wijerama Nugegoda - Cemtary Rd,Bedrooms: 3 | Bathrooms: 1,MEMBER,"Rs 35,000,000",1 day
https://ikman.lk/en/ad/piliyndl-maakndn-cliffs-age-hi-bimmhl-pdinci-nivsk-vikinniimtt-for-sale-colombo,පිලියන්දල මාකන්දන CLIFFS AGE හි බිම්මහල පදිංචි නිවසක් විකිණීමට .,Bedrooms: 2 | Bathrooms: 1,,"Rs 11,500,000",1 day
https://ikman.lk/en/ad/prmitimt-nviin-amudrvy-yodaa-idikl-alutm-nivsk-polgsoovitten-for-sale-colombo,ප්‍රමිතිමත් නවීන අමුද්‍රව්‍ය යොදා ඉදිකල අලුත්ම නිවසක් පොල්ගස්ඕවිටෙන්,Bedrooms: 3 | Bathrooms: 3,MEMBER,"Rs 22,500,000",1 day
https://ikman.lk/en/ad/well-maintained-house-for-sale-thalawathugoda-for-sale-colombo-1,Well-Maintained House for Sale – Thalawathugoda,Bedrooms: 4 | Bathrooms: 4,MEMBER,"Rs 77,000,000",1 day
https://ikman.lk/en/ad/well-maintained-house-for-sale-thalawathugoda-for-sale-colombo,Well-Maintained House for Sale – Thalawathugoda,Bedrooms: 4 | Bathrooms: 4,MEMBER,"Rs 77,000,000",1 day
https://ikman.lk/en/ad/house-for-land-value-talawathugoda-wickramasinghe-pura-battaramulla-for-sale-colombo,House For Land Value - Talawathugoda Wickramasinghe-pura Battaramulla,Bedrooms: 3 | Bathrooms: 1,MEMBER,"Rs 80,000,000",1 day
https://ikman.lk/en/ad/brand-new-house-in-homagama-kiriwaththuduwa-for-sale-colombo,Brand-New House in Homagama Kiriwaththuduwa,Bedrooms: 3 | Bathrooms: 1,MEMBER,"Rs 17,500,000",1 day
https://ikman.lk/en/ad/house-for-sale-in-ratmalana-angulana-rental-income-200-m-to-galle-rd-for-sale-colombo,House for Sale in Ratmalana Angulana -Rental income - 200 m to Galle Rd,Bedrooms: 7 | Bathrooms: 3,MEMBER,"Rs 27,500,000",1 day
https://ikman.lk/en/ad/under-construction-house-for-sale-nugegoda-for-sale-colombo,Under Construction House for sale Nugegoda,Bedrooms: 4 | Bathrooms: 3,MEMBER,"Rs 30,000,000",1 day
https://ikman.lk/en/ad/brand-new-luxury-house-for-sale-kesbewa-piliyandala-for-sale-colombo,🏡 BRAND NEW LUXURY HOUSE FOR SALE – KESBEWA PILIYANDALA,Bedrooms: 4 | Bathrooms: 3,MEMBER,"Rs 44,000,000",1 day
https://ikman.lk/en/ad/battaramulla-thalahena-02-storied-house-on-85-perches-of-land-for-sale-for-sale-colombo-1,Battaramulla Thalahena 02 Storied House on 8.5 Perches of Land for Sale,Bedrooms: 3 | Bathrooms: 2,MEMBER,"Rs 42,000,000",1 day
https://ikman.lk/en/ad/house-for-sale-in-colombo-10-for-sale-colombo-458,House for sale in Colombo 10,Bedrooms: 10+ | Bathrooms: 7,MEMBER,"Rs 130,000,000",1 day
https://ikman.lk/en/ad/modern-luxury-03-bed-room-house-for-sale-in-bokundara-for-sale-colombo-5,Modern Luxury 03 Bed Room House for Sale in Bokundara,Bedrooms: 3 | Bathrooms: 2,MEMBER,"Rs 69,000,000",1 day
https://ikman.lk/en/ad/brand-new-solid-house-for-sale-in-boralesgamuwa-500-meters-to-town-for-sale-colombo,Brand-New Solid House for Sale in Boralesgamuwa - 500 meters to Town,Bedrooms: 7 | Bathrooms: 6,MEMBER,"Rs 67,000,000",1 day
https://ikman.lk/en/ad/kalubowila-sri-maha-vihara-road-04-bed-room-house-for-immediate-sale-for-sale-colombo-6,Kalubowila - Sri Maha Vihara Road 04 Bed Room House for Immediate Sale,Bedrooms: 4 | Bathrooms: 3,MEMBER,"Rs 85,000,000",1 day
https://ikman.lk/en/ad/brand-new-house-for-sale-off-sos-rd-kesbewa-piliyandala-for-sale-colombo,Brand-New House For Sale Off SOS Rd Kesbewa - Piliyandala,Bedrooms: 4 | Bathrooms: 3,MEMBER,"Rs 33,500,000",1 day
https://ikman.lk/en/ad/spacious-solid-house-for-sale-at-kotikawatta-for-sale-colombo-5,Spacious Solid House for Sale at Kotikawatta,Bedrooms: 4 | Bathrooms: 2,MEMBER,"Rs 50,000,000",1 day
https://ikman.lk/en/ad/95-percent-completed-brand-new-house-for-sale-in-boralesgamuwa-for-sale-colombo-4,95 % Completed Brand New House For Sale In Boralesgamuwa,Bedrooms: 7 | Bathrooms: 6,MEMBER,"Rs 80,000,000",2 days
https://ikman.lk/en/ad/brand-new-house-in-miriswatta-piliyandala-for-sale-for-sale-colombo,Brand-New House in Miriswatta Piliyandala For Sale,Bedrooms: 5 | Bathrooms: 2,MEMBER,"Rs 38,500,000",2 days
https://ikman.lk/en/ad/brand-new-2-storey-house-pannipitiya-for-sale-colombo,Brand New 2-Storey House – Pannipitiya,Bedrooms: 4 | Bathrooms: 6,MEMBER,"Rs 72,500,000",2 days
https://ikman.lk/en/ad/scenic-luxury-home-with-paddy-field-views-pannipitiya-for-sale-colombo-80,Scenic Luxury Home with Paddy Field Views – Pannipitiya,Bedrooms: 4 | Bathrooms: 4,MEMBER,"Rs 99,000,000",2 days
https://ikman.lk/en/ad/architectural-design-super-luxury-house-for-sale-in-nugegoda-for-sale-colombo-1,Architectural Design Super Luxury House for Sale in Nugegoda,Bedrooms: 8 | Bathrooms: 6,MEMBER,"Rs 220,000,000",2 days
https://ikman.lk/en/ad/house-for-sale-in-boralesgamuwa-dewalamulla-for-sale-colombo-2,House For Sale In Boralesgamuwa Dewalamulla,Bedrooms: 2 | Bathrooms: 1,MEMBER,"Rs 13,500,000",2 days
https://ikman.lk/en/ad/malabe-town-centre-large-04-br-house-in-a-residential-area-for-sale-for-sale-colombo-1,Malabe Town Centre Large 04 BR House in a Residential Area for Sale,Bedrooms: 4 | Bathrooms: 3,MEMBER,"Rs 45,000,000",2 days
https://ikman.lk/en/ad/luxury-brand-new-02-story-house-for-sale-in-piliyandala-for-sale-colombo-7,Luxury Brand New 02 Story House for Sale in Piliyandala,Bedrooms: 4 | Bathrooms: 3,MEMBER,"Rs 33,000,000",2 days
https://ikman.lk/en/ad/luxury-house-for-sale-in-pannipitiya-for-sale-colombo-162,Luxury House for Sale in Pannipitiya,Bedrooms: 4 | Bathrooms: 4,MEMBER,"Rs 99,000,000",2 days
https://ikman.lk/en/ad/beautiful-house-with-paddy-field-view-pannipitiya-for-sale-colombo,Beautiful House with Paddy Field View – Pannipitiya,Bedrooms: 4 | Bathrooms: 4,MEMBER,"Rs 99,000,000",2 days
https://ikman.lk/en/ad/parrtly-completed-3story-house-for-sale-piliyandala-for-sale-colombo,Parrtly Completed 3.Story House for sale Piliyandala,Bedrooms: 5 | Bathrooms: 4,MEMBER,"Rs 55,000,000",2 days
https://ikman.lk/en/ad/brand-new-super-luxury-there-story-house-in-walking-distance-maharagama-for-sale-colombo,BRAND NEW SUPER LUXURY THERE STORY HOUSE In WALKING DISTANCE MAHARAGAMA,Bedrooms: 4 | Bathrooms: 5,,"Rs 69,500,000",2 days
https://ikman.lk/en/ad/ideal-single-story-house-for-sale-dehiwala-for-sale-colombo-1,Ideal Single Story House for Sale Dehiwala,Bedrooms: 3 | Bathrooms: 2,MEMBER,"Rs 42,000,000",2 days
https://ikman.lk/en/ad/ideal-house-for-sale-l-piliyandala-for-sale-colombo-1,Ideal House for Sale L Piliyandala,Bedrooms: 4 | Bathrooms: 3,MEMBER,"Rs 44,000,000",2 days
https://ikman.lk/en/ad/brand-new-6-bedroom-luxury-house-for-sale-piliyandala-em182rk-for-sale-colombo,Brand New 6 Bedroom Luxury House for Sale – Piliyandala (EM182RK),Bedrooms: 6 | Bathrooms: 2,MEMBER,"Rs 150,000,000",2 days
https://ikman.lk/en/ad/ideal-house-with-land-boralasgamuwa-for-sale-colombo-4,Ideal House with Land Boralasgamuwa,Bedrooms: 3 | Bathrooms: 1,MEMBER,"Rs 27,500,000",2 days
https://ikman.lk/en/ad/ideal-house-with-land-boralasgamuwa-for-sale-colombo-3,Ideal House with Land Boralasgamuwa,Bedrooms: 3 | Bathrooms: 1,MEMBER,"Rs 27,500,000",2 days
https://ikman.lk/en/ad/battaramulla-luxury-house-for-sale-for-sale-colombo-12,Battaramulla Luxury House for Sale,Bedrooms: 4 | Bathrooms: 4,MEMBER,"Rs 69,500,000",2 days
https://ikman.lk/en/ad/2-storey-unit-house-for-sale-mount-lavinia-close-to-galle-road-for-sale-colombo-7,2 Storey Unit House for Sale Mount Lavinia Close to Galle Road,Bedrooms: 5 | Bathrooms: 3,MEMBER,"Rs 75,000,000",2 days
https://ikman.lk/en/ad/2-storey-unit-house-for-sale-mountlavinia-close-to-galle-road-for-sale-colombo-1,2 Storey Unit House for Sale Mountlavinia Close to Galle Road,Bedrooms: 5 | Bathrooms: 3,MEMBER,"Rs 59,000,000",2 days
https://ikman.lk/en/ad/house-for-sale-in-battramulla-c7-4191-for-sale-colombo,House for Sale in Battramulla (C7-4191),Bedrooms: 7 | Bathrooms: 7,MEMBER,"Rs 140,000,000",2 days
https://ikman.lk/en/ad/maharagama-well-maintained-single-story-house-for-sale-s153-for-sale-colombo,Maharagama Well Maintained Single Story House for Sale (S153),Bedrooms: 4 | Bathrooms: 2,MEMBER,"Rs 57,000,000",2 days
https://ikman.lk/en/ad/newly-build-house-for-sale-in-dehiwala-lake-road-for-sale-colombo-1,Newly build House for sale in dehiwala - lake road,Bedrooms: 4 | Bathrooms: 4,MEMBER,"Rs 146,000,000",2 days
https://ikman.lk/en/ad/moratuwa-angulana-off-sea-beach-road-4-br-house-18-p-land-for-sale-for-sale-colombo,"Moratuwa, Angulana, off Sea Beach Road, 4 BR house 18 P Land for Sale.",Bedrooms: 4 | Bathrooms: 2,,"Rs 20,000,000",2 days
https://ikman.lk/en/ad/luxury-brand-new-house-for-sale-in-piliyandala-for-sale-colombo-116,Luxury Brand New House for Sale in Piliyandala,Bedrooms: 4 | Bathrooms: 3,MEMBER,"Rs 36,500,000",2 days
https://ikman.lk/en/ad/asp2602-005super-quality-valuable-house-for-sale-in-piliyandala-for-sale-colombo,(ASP2602-005)Super Quality Valuable House for Sale in Piliyandala,Bedrooms: 4 | Bathrooms: 4,MEMBER,"Rs 45,000,000",2 days
https://ikman.lk/en/ad/luxury-brand-new-house-for-sale-piliyandalaelk022h-for-sale-colombo,LUXURY BRAND-NEW HOUSE FOR SALE – PILIYANDALA[ELK022H],Bedrooms: 3 | Bathrooms: 2,MEMBER,"Rs 26,000,000",2 days
https://ikman.lk/en/ad/sh1151-semi-furnished-two-storey-house-for-sale-in-pelawatte-for-sale-colombo-10,(SH1151) Semi Furnished Two Storey House for Sale in Pelawatte,Bedrooms: 3 | Bathrooms: 3,MEMBER,"Rs 37,500,000",2 days
https://ikman.lk/en/ad/house-with-rooftop-for-sale-in-piliyandala-for-sale-colombo-1,House with Rooftop for Sale in Piliyandala,Bedrooms: 5 | Bathrooms: 3,MEMBER,"Rs 44,000,000",2 days
https://ikman.lk/en/ad/luxury-2-storey-house-for-sale-pannipitiya-for-sale-colombo-3,Luxury 2-Storey House for Sale – Pannipitiya,Bedrooms: 4 | Bathrooms: 6,MEMBER,"Rs 72,500,000",2 days
https://ikman.lk/en/ad/few-left-b-new-4-3br-house-for-sale-canterbury-golf-resort-piliyandala-for-sale-colombo-2,FEW LEFT: B/New 4/3BR House for Sale Canterbury Golf Resort Piliyandala,Bedrooms: 4 | Bathrooms: 3,MEMBER,"Rs 29,500,000",2 days
https://ikman.lk/en/ad/brand-new-house-for-sale-near-millennium-city-roundabout-for-sale-colombo,Brand New House for Sale Near Millennium City Roundabout,Bedrooms: 3 | Bathrooms: 2,MEMBER,"Rs 26,000,000",2 days
https://ikman.lk/en/ad/brand-new-modern-luxury-house-for-sale-pannipitiya-for-sale-colombo-1,Brand New Modern Luxury House for Sale – Pannipitiya,Bedrooms: 4 | Bathrooms: 6,MEMBER,"Rs 72,500,000",2 days
https://ikman.lk/en/ad/3-bedroom-house-with-garden-for-sale-athurugiriya-for-sale-colombo,3 Bedroom House with Garden for Sale – Athurugiriya,Bedrooms: 3 | Bathrooms: 3,MEMBER,"Rs 31,500,000",2 days
https://ikman.lk/en/ad/brand-new-house-with-slab-for-sale-in-wellampitiya-for-sale-colombo-138,Brand New House with Slab for Sale in Wellampitiya,Bedrooms: 3 | Bathrooms: 2,MEMBER,"Rs 23,500,000",2 days
https://ikman.lk/en/ad/luxury-4-br-house-for-sale-malabe-for-sale-colombo,Luxury 4 Br House for Sale – Malabe,Bedrooms: 4 | Bathrooms: 4,MEMBER,"Rs 59,500,000",2 days
https://ikman.lk/en/ad/3-houses-on-18-perches-for-sale-boralesgamuwa-for-sale-colombo-1,3 Houses on 18 Perches for Sale – Boralesgamuwa,Bedrooms: 5 | Bathrooms: 4,MEMBER,"Rs 50,000,000",2 days
https://ikman.lk/en/ad/spacious-3-storey-dual-home-property-for-sale-in-prime-pita-kotte-for-sale-colombo-20,Spacious 3-Storey Dual-Home Property for Sale in Prime Pita Kotte,Bedrooms: 4 | Bathrooms: 2,MEMBER,"Rs 114,000,000",2 days
https://ikman.lk/en/ad/modern-architect-designed-house-for-sale-in-rajagiriya-for-sale-colombo-48,Modern Architect-Designed House for Sale in Rajagiriya,Bedrooms: 4 | Bathrooms: 4,MEMBER,"Rs 78,000,000",2 days
https://ikman.lk/en/ad/brand-new-three-storey-house-for-sale-in-pannipitiya-kottawa-for-sale-colombo,BRAND NEW THREE STOREY HOUSE FOR SALE IN PANNIPITIYA KOTTAWA,Bedrooms: 4 | Bathrooms: 4,,"Rs 51,500,000",2 days
https://ikman.lk/en/ad/spacious-50-perch-property-with-3-houses-for-sale-in-moratuwaish093h-for-sale-colombo,Spacious 50-Perch Property with 3 Houses for Sale in Moratuwa(ISH093H),Bedrooms: 4 | Bathrooms: 2,MEMBER,"Rs 120,000,000",2 days
https://ikman.lk/en/ad/house-for-sale-rajagiriya-for-sale-colombo-429,House for Sale Rajagiriya,Bedrooms: 4 | Bathrooms: 3,,"Rs 684,000,000",2 days
https://ikman.lk/en/ad/brand-new-luxury-two-storey-house-for-sale-in-malabe-for-sale-colombo-5,Brand New Luxury Two-Storey House for Sale in Malabe,Bedrooms: 4 | Bathrooms: 3,MEMBER,"Rs 49,000,000",2 days
https://ikman.lk/en/ad/luxury-brand-new-house-for-sale-piliyandala-town-for-sale-colombo,Luxury Brand New House for Sale – Piliyandala Town,Bedrooms: 5 | Bathrooms: 3,MEMBER,"Rs 62,500,000",2 days
https://ikman.lk/en/ad/brand-new-luxury-house-for-sale-nugegoda-delkanda-for-sale-colombo-378,"Brand New Luxury House For Sale - Nugegoda, Delkanda",Bedrooms: 5 | Bathrooms: 3,MEMBER,"Rs 53,000,000",2 days
https://ikman.lk/en/ad/house-for-sale-in-colombo-05-c7-10443-for-sale-colombo,House for Sale in Colombo 05 (C7-10443),Bedrooms: 4 | Bathrooms: 3,MEMBER,"Rs 120,000,000",2 days
https://ikman.lk/en/ad/luxury-brand-new-house-for-sale-in-boralesgamuwa-bokundara-for-sale-colombo-2,Luxury Brand new House for Sale in Boralesgamuwa Bokundara,Bedrooms: 4 | Bathrooms: 3,MEMBER,"Rs 58,000,000",2 days
https://ikman.lk/en/ad/house-for-sale-in-moratuwa-for-sale-colombo-1762,House for Sale in Moratuwa,Bedrooms: 3 | Bathrooms: 2,,"Rs 28,000,000",2 days
https://ikman.lk/en/ad/super-luxury-spacious-4br-house-with-9-perch-land-for-sale-in-nawala-for-sale-colombo,Super Luxury Spacious 4BR House with 9 Perch Land For Sale In Nawala,Bedrooms: 4 | Bathrooms: 4,MEMBER,"Rs 95,000,000",2 days
https://ikman.lk/en/ad/all-completed-brand-new-house-sale-malabe-for-sale-colombo-18,All Completed Brand New House Sale Malabe,Bedrooms: 3 | Bathrooms: 3,MEMBER,"Rs 32,500,000",2 days
https://ikman.lk/en/ad/house-for-sale-malabe-for-sale-colombo-1808,House For Sale Malabe,Bedrooms: 4 | Bathrooms: 2,MEMBER,"Rs 40,500,000",2 days
https://ikman.lk/en/ad/luxury-2-story-new-house-for-sale-in-kottawa-for-sale-colombo,Luxury 2-Story New House For Sale In Kottawa,Bedrooms: 3 | Bathrooms: 3,MEMBER,"Rs 36,000,000",2 days
https://ikman.lk/en/ad/5-bedroom-brand-new-modern-3-storied-luxury-house-for-sale-em976-for-sale-colombo,5 Bedroom Brand New Modern 3 Storied Luxury House for Sale (EM976),Bedrooms: 5 | Bathrooms: 4,MEMBER,"Rs 45,000,000",2 days
https://ikman.lk/en/ad/single-storey-house-for-sale-in-athurugiriya-for-sale-colombo-48,Single Storey House for Sale in Athurugiriya,Bedrooms: 3 | Bathrooms: 2,MEMBER,"Rs 47,500,000",2 days
https://ikman.lk/en/ad/nidn-kaamr-5k-nviin-nivs-vikinniimtt-piliyandala-polgasowita-for-sale-colombo-18,නිදන කාමර 5ක නවීන නිවස විකිණීමට Piliyandala Polgasowita,Bedrooms: 5 | Bathrooms: 3,MEMBER,"Rs 29,500,000",2 days
https://ikman.lk/en/ad/spacious-single-storied-house-in-malabe-for-sale-colombo,Spacious Single Storied House In Malabe,Bedrooms: 3 | Bathrooms: 3,MEMBER,"Rs 26,500,000",2 days
https://ikman.lk/en/ad/well-build-house-for-sale-malabe-for-sale-colombo-8,Well Build House For Sale Malabe,Bedrooms: 3 | Bathrooms: 3,MEMBER,"Rs 29,000,000",2 days
https://ikman.lk/en/ad/3-bedroom-furnished-house-for-sale-canterbury-golf-residencies-em975-for-sale-colombo,3 Bedroom Furnished House for Sale - Canterbury Golf Residencies (EM975),Bedrooms: 3 | Bathrooms: 2,MEMBER,"Rs 35,000,000",2 days
https://ikman.lk/en/ad/kollmb-hnvaell-bspaartt-muhunlaa-addk-nimkl-nivsk-aj-15486-for-sale-colombo,🚨කොළඹ හංවැල්ල බස්පාරට මුහුනලා අඩක් නිමකල නිවසක් / AJ 15486,Bedrooms: 2 | Bathrooms: 1,MEMBER,"Rs 14,000,000",2 days
https://ikman.lk/en/ad/16-perches-modern-box-type-luxury-house-for-sale-athurugiriya-for-sale-colombo-9,16 Perches Modern Box-Type Luxury House for Sale – Athurugiriya,Bedrooms: 4 | Bathrooms: 3,MEMBER,"Rs 52,500,000",2 days
https://ikman.lk/en/ad/modern-single-story-house-for-sale-kesbawa-piliyandala-for-sale-colombo,MODERN SINGLE STORY HOUSE FOR SALE KESBAWA PILIYANDALA,Bedrooms: 3 | Bathrooms: 2,MEMBER,"Rs 26,800,000",2 days
https://ikman.lk/en/ad/piliyandala-madapatha-single-story-brandnew-house-for-sale-for-sale-colombo,PILIYANDALA MADAPATHA SINGLE STORY BRANDNEW HOUSE FOR SALE,Bedrooms: 3 | Bathrooms: 2,MEMBER,"Rs 26,800,000",2 days
https://ikman.lk/en/ad/newly-build-single-story-house-for-sale-in-piliyandala-for-sale-colombo-16,NEWLY BUILD SINGLE STORY HOUSE FOR SALE IN PILIYANDALA,Bedrooms: 3 | Bathrooms: 1,MEMBER,"Rs 17,000,000",2 days
https://ikman.lk/en/ad/two-storey-house-for-sale-in-meethotamulla-for-sale-colombo-2,Two Storey House for Sale in Meethotamulla,Bedrooms: 3 | Bathrooms: 2,MEMBER,"Rs 11,000,000",2 days
https://ikman.lk/en/ad/house-for-sale-in-colombo-07-c7-10392-for-sale-colombo,House for Sale in Colombo 07 (C7-10392),Bedrooms: 4 | Bathrooms: 3,MEMBER,"Rs 275,000,000",2 days
https://ikman.lk/en/ad/luxury-4-bedroom-house-for-sale-in-kothalawala-for-sale-colombo,Luxury 4 Bedroom House for Sale in Kothalawala,Bedrooms: 4 | Bathrooms: 3,MEMBER,"Rs 65,000,000",2 days
https://ikman.lk/en/ad/two-storey-house-for-sale-in-kolonnawa-for-sale-colombo-188,Two Storey House for Sale in Kolonnawa,Bedrooms: 6 | Bathrooms: 4,MEMBER,"Rs 35,000,000",2 days
https://ikman.lk/en/ad/house-for-sale-in-hokandara-c7-10388-for-sale-colombo,House for Sale in Hokandara (C7-10388),Bedrooms: 4 | Bathrooms: 3,MEMBER,"Rs 28,000,000",2 days
https://ikman.lk/en/ad/sale-house-in-kottawa-for-sale-colombo-1,Sale House in Kottawa,Bedrooms: 4 | Bathrooms: 2,MEMBER,"Rs 33,000,000",2 days
https://ikman.lk/en/ad/brand-new-5-bedrooms-house-for-sale-in-piliyandala-miriswaththa-junction-for-sale-colombo-4,Brand New 5 Bedrooms House for sale in Piliyandala Miriswaththa Junction,Bedrooms: 5 | Bathrooms: 2,MEMBER,"Rs 37,000,000",2 days
https://ikman.lk/en/ad/modern-luxury-house-for-sale-battaramulla-for-sale-colombo,Modern Luxury House for Sale – Battaramulla,Bedrooms: 3 | Bathrooms: 3,MEMBER,"Rs 68,500,000",2 days
https://ikman.lk/en/ad/piliyandala-kotagedara-10p-land-house-for-sale-for-sale-colombo,Piliyandala Kotagedara 10P Land House For Sale,Bedrooms: 3 | Bathrooms: 1,MEMBER,"Rs 21,500,000",2 days
https://ikman.lk/en/ad/two-story-brand-new-house-for-sale-in-piliyandala-for-sale-colombo-4,TWO STORY BRAND NEW HOUSE FOR SALE IN PILIYANDALA,Bedrooms: 4 | Bathrooms: 3,MEMBER,"Rs 36,500,000",2 days
https://ikman.lk/en/ad/three-storey-house-for-sale-in-colombo-14-for-sale-colombo-1,Three-Storey House for Sale in Colombo 14,Bedrooms: 2 | Bathrooms: 3,MEMBER,"Rs 22,500,000",2 days
https://ikman.lk/en/ad/house-for-sale-in-athurugiriya-hs-560-for-sale-colombo-1,House for Sale in Athurugiriya hs 560,Bedrooms: 4 | Bathrooms: 4,MEMBER,"Rs 18,600,000",2 days
https://ikman.lk/en/ad/four-storey-house-for-sale-in-colombo-02-for-sale-colombo-11,four Storey House for Sale in Colombo 02,Bedrooms: 3 | Bathrooms: 3,MEMBER,"Rs 18,000,000",2 days
https://ikman.lk/en/ad/house-for-sale-in-rajagiriya-for-sale-colombo-1241,House For Sale in Rajagiriya,Bedrooms: 4 | Bathrooms: 4,MEMBER,"Rs 135,000,000",2 days
https://ikman.lk/en/ad/house-for-sale-in-rajagiriya-for-sale-colombo-1240,House for Sale in Rajagiriya,Bedrooms: 6 | Bathrooms: 4,MEMBER,"Rs 210,000,000",2 days
https://ikman.lk/en/ad/house-for-sale-in-nugegoda-for-sale-colombo-2069,House For Sale in Nugegoda,Bedrooms: 6 | Bathrooms: 5,MEMBER,"Rs 200,000,000",2 days
https://ikman.lk/en/ad/house-for-sale-in-nugegoda-for-sale-colombo-2068,House for Sale in Nugegoda,Bedrooms: 4 | Bathrooms: 4,MEMBER,"Rs 293,800,000",2 days
https://ikman.lk/en/ad/house-for-sale-in-nugegoda-for-sale-colombo-2111,House for Sale in Nugegoda,Bedrooms: 4 | Bathrooms: 3,MEMBER,"Rs 140,000,000",2 days
https://ikman.lk/en/ad/house-for-sale-in-nawala-for-sale-colombo-667,House for Sale in Nawala,Bedrooms: 4 | Bathrooms: 3,MEMBER,"Rs 250,000,000",2 days
https://ikman.lk/en/ad/house-for-sale-in-nawala-for-sale-colombo-666,House for Sale in Nawala,Bedrooms: 4 | Bathrooms: 4,MEMBER,"Rs 175,000,000",2 days
https://ikman.lk/en/ad/house-for-sale-in-nawala-for-sale-colombo-665,House for Sale in Nawala,Bedrooms: 4 | Bathrooms: 4,MEMBER,"Rs 260,000,000",2 days
https://ikman.lk/en/ad/house-for-sale-in-kotte-for-sale-colombo-687,House for Sale in Kotte,Bedrooms: 4 | Bathrooms: 3,MEMBER,"Rs 275,000,000",2 days
https://ikman.lk/en/ad/house-for-sale-in-kotte-for-sale-colombo-686,House for Sale in Kotte,Bedrooms: 6 | Bathrooms: 4,MEMBER,"Rs 160,000,000",2 days
https://ikman.lk/en/ad/an-exceptional-two-storey-house-for-sale-for-sale-colombo,𝐌𝐨𝐫𝐚𝐭𝐮𝐰𝐚 | An Exceptional Two-Storey House for Sale!,Bedrooms: 4 | Bathrooms: 3,,"Rs 55,000,000",2 days
https://ikman.lk/en/ad/brand-new-house-with-slab-for-sale-in-wellampitiya-for-sale-colombo-137,Brand New House with Slab for Sale in Wellampitiya,Bedrooms: 2 | Bathrooms: 2,MEMBER,"Rs 17,000,000",2 days
https://ikman.lk/en/ad/house-for-sale-uswatte-circular-road-moratuwa-for-sale-colombo-1,"House for Sale – Uswatte Circular Road, Moratuwa",Bedrooms: 4 | Bathrooms: 3,MEMBER,"Rs 55,000,000",2 days
https://ikman.lk/en/ad/house-for-sale-in-gothatuwa-for-sale-colombo-422,House for Sale in Gothatuwa,Bedrooms: 2 | Bathrooms: 1,MEMBER,"Rs 19,000,000",2 days
https://ikman.lk/en/ad/house-for-sale-in-wellampitiya-for-sale-colombo-4908,House for Sale in Wellampitiya,Bedrooms: 2 | Bathrooms: 2,MEMBER,"Rs 12,000,000",2 days
https://ikman.lk/en/ad/two-storey-house-for-sale-in-wellampitiya-for-sale-colombo-1072,Two Storey House for Sale in Wellampitiya,Bedrooms: 6 | Bathrooms: 3,MEMBER,"Rs 11,500,000",2 days
https://ikman.lk/en/ad/stylish-architect-designed-house-for-sale-in-mattegoda-ch1672-for-sale-colombo-31,Stylish Architect-Designed House For sale In Mattegoda - CH1672,Bedrooms: 3 | Bathrooms: 2,MEMBER,"Rs 27,500,000",2 days
https://ikman.lk/en/ad/ph1011-two-storey-house-for-sale-in-mirihana-nugegoda-for-sale-colombo,"(PH1011) Two Storey House for Sale in Mirihana, Nugegoda",Bedrooms: 5 | Bathrooms: 2,MEMBER,"Rs 49,500,000",2 days
https://ikman.lk/en/ad/ah184-house-for-sale-in-embuldeniya-nugegoda-for-sale-colombo,"(AH184) House for Sale in Embuldeniya, Nugegoda",Bedrooms: 2 | Bathrooms: 1,MEMBER,"Rs 21,000,000",2 days
https://ikman.lk/en/ad/super-luxury-4-bedrooms-brand-new-house-for-sale-in-piliyandala-for-sale-colombo,SUPER LUXURY 4 BEDROOMS BRAND NEW HOUSE FOR SALE IN PILIYANDALA,Bedrooms: 4 | Bathrooms: 2,MEMBER,"Rs 35,000,000",2 days
https://ikman.lk/en/ad/house-for-sale-in-wellampitiya-for-sale-colombo-4907,House for Sale in Wellampitiya,Bedrooms: 2 | Bathrooms: 1,MEMBER,"Rs 9,000,000",2 days
https://ikman.lk/en/ad/super-luxury-brand-new-house-for-sale-in-boralesgamuwa-for-sale-colombo-4,Super Luxury Brand New House for Sale in Boralesgamuwa,Bedrooms: 4 | Bathrooms: 5,MEMBER,"Rs 109,000,000",2 days
https://ikman.lk/en/ad/3-bedrooms-house-for-sale-in-homagama-kiriwaththuduwa-for-sale-colombo-21,3 Bedrooms House for sale in Homagama Kiriwaththuduwa,Bedrooms: 3 | Bathrooms: 2,MEMBER,"Rs 22,500,000",2 days
https://ikman.lk/en/ad/spacious-6-bedroom-house-for-sale-nugegoda-for-sale-colombo,Spacious 6-Bedroom House for Sale - Nugegoda,Bedrooms: 6 | Bathrooms: 4,MEMBER,"Rs 85,000,000",2 days
https://ikman.lk/en/ad/modern-quality-valuable-house-for-sale-in-athurugiriya-for-sale-colombo-6,Modern Quality Valuable House for Sale in Athurugiriya 🏠,Bedrooms: 5 | Bathrooms: 3,MEMBER,"Rs 37,500,000",2 days
https://ikman.lk/en/ad/single-storey-house-for-sale-in-wellampitiya-for-sale-colombo-870,Single Storey House for Sale in Wellampitiya,Bedrooms: 2 | Bathrooms: 1,MEMBER,"Rs 7,200,000",2 days
https://ikman.lk/en/ad/modern-brand-new-luxury-house-for-sale-in-athurugiriya-for-sale-colombo-1,Modern Brand New Luxury House for Sale in Athurugiriya,Bedrooms: 3 | Bathrooms: 2,MEMBER,"Rs 28,500,000",2 days
https://ikman.lk/en/ad/super-luxury-12-br-house-for-sale-thalawathugoda-for-sale-colombo,Super Luxury 12 Br House for Sale – Thalawathugoda,Bedrooms: 10+ | Bathrooms: 8,MEMBER,"Rs 180,000,000",2 days
https://ikman.lk/en/ad/modern-two-storey-house-for-sale-piliyandala-polgasowita-for-sale-colombo-4,Modern Two Storey House for Sale Piliyandala Polgasowita,Bedrooms: 4 | Bathrooms: 2,MEMBER,"Rs 33,000,000",2 days
https://ikman.lk/en/ad/luxury-house-for-sale-in-battaramulla-for-sale-colombo-590,Luxury House for Sale in Battaramulla,Bedrooms: 4 | Bathrooms: 3,MEMBER,"Rs 67,500,000",2 days
https://ikman.lk/en/ad/house-for-sale-in-thalawathugoda-for-sale-colombo-2654,House for Sale in Thalawathugoda,Bedrooms: 4 | Bathrooms: 4,MEMBER,"Rs 90,000,000",2 days
https://ikman.lk/en/ad/house-for-sale-in-malabe-for-sale-colombo-3834,House for Sale in Malabe,Bedrooms: 4 | Bathrooms: 3,MEMBER,"Rs 75,000,000",2 days
https://ikman.lk/en/ad/house-for-sale-in-canterbury-golf-resort-kahathuduwa-for-sale-colombo,"House for Sale in Canterbury Golf Resort, Kahathuduwa",Bedrooms: 4 | Bathrooms: 3,MEMBER,"Rs 37,500,000",2 days
https://ikman.lk/en/ad/newly-renovated-luxury-4-bedroom-residence-for-sale-in-delkanda-for-sale-colombo-61,Newly Renovated Luxury 4-Bedroom Residence for Sale in Delkanda,Bedrooms: 4 | Bathrooms: 2,MEMBER,"Rs 79,000,000",2 days
https://ikman.lk/en/ad/sale-beddagana-unfurnished3-story-house-for-sale-mgs2047-for-sale-colombo,"Sale, Beddagana, Unfurnished,3 Story House For Sale (MGS2047)",Bedrooms: 4 | Bathrooms: 3,MEMBER,"Rs 114,000,000",2 days
https://ikman.lk/en/ad/super-luxury-house-for-sale-in-colombo-6-for-sale-colombo,super luxury house for sale in colombo 6,Bedrooms: 6 | Bathrooms: 4,MEMBER,"Rs 300,000,000",2 days
https://ikman.lk/en/ad/house-for-sale-kesbewa-for-sale-colombo-392,House For Sale Kesbewa,Bedrooms: 3 | Bathrooms: 2,,"Rs 24,000,000",2 days
https://ikman.lk/en/ad/modern-4-bedroom-house-for-sale-hokandara-for-sale-colombo-29,Modern 4-Bedroom House for Sale – Hokandara,Bedrooms: 4 | Bathrooms: 3,MEMBER,"Rs 53,000,000",2 days
https://ikman.lk/en/ad/house-and-land-for-sale-in-dehiwala-nadimala-hs4849-for-sale-colombo,"House & Land for Sale in Dehiwala, Nadimala (HS4849)",Bedrooms: 6 | Bathrooms: 3,MEMBER,"Rs 117,600,000",2 days
https://ikman.lk/en/ad/arn422-architectural-design-super-luxury-house-for-sale-in-nugegoda-for-sale-colombo,(ARN422) Architectural Design Super Luxury House for Sale in Nugegoda,Bedrooms: 8 | Bathrooms: 6,MEMBER,"Rs 200,000,000",2 days
https://ikman.lk/en/ad/brand-new-house-sale-at-delkada-nugegoda-for-sale-colombo-1,Brand New House Sale At Delkada Nugegoda,Bedrooms: 5 | Bathrooms: 3,MEMBER,"Rs 53,000,000",2 days
https://ikman.lk/en/ad/modern-luxury-house-for-sale-in-battaramulla-for-sale-colombo-47,Modern Luxury House for Sale in Battaramulla,Bedrooms: 3 | Bathrooms: 3,MEMBER,"Rs 68,500,000",2 days
https://ikman.lk/en/ad/modern-designed-luxury-2-story-house-for-sale-in-hokandara-for-sale-colombo-1,Modern Designed Luxury 2 Story House For Sale In Hokandara,Bedrooms: 4 | Bathrooms: 3,MEMBER,"Rs 53,500,000",2 days
https://ikman.lk/en/ad/with-fully-furnitured-luxury-house-for-sale-in-battaramulla-for-sale-colombo-7,with fully furnitured luxury house for sale in Battaramulla,Bedrooms: 5 | Bathrooms: 5,MEMBER,"Rs 175,000,000",2 days
https://ikman.lk/en/ad/pepiliyana-house-with-land-for-sale-for-sale-colombo,Pepiliyana House with Land for Sale,Bedrooms: 1 | Bathrooms: 1,MEMBER,"Rs 286,000,000",2 days
https://ikman.lk/en/ad/luxury-house-for-sale-dehiwala-for-sale-colombo-44,Luxury House for Sale Dehiwala,Bedrooms: 4 | Bathrooms: 3,MEMBER,"Rs 95,000,000",2 days
https://ikman.lk/en/ad/with-fully-furnitured-super-luxury-house-for-sale-in-battaramulla-for-sale-colombo,with fully furnitured super luxury house for sale in battaramulla,Bedrooms: 5 | Bathrooms: 4,MEMBER,"Rs 255,000,000",2 days
https://ikman.lk/en/ad/with-furnitured-best-house-for-sale-in-dehiwala-for-sale-colombo,with furnitured Best house for sale in dehiwala,Bedrooms: 4 | Bathrooms: 4,MEMBER,"Rs 180,000,000",2 days
https://ikman.lk/en/ad/afa220-02-storey-house-for-sale-in-nawala-for-sale-colombo,(AFA220) 02 STOREY HOUSE FOR SALE IN NAWALA,Bedrooms: 5 | Bathrooms: 4,MEMBER,"Rs 105,000,000",2 days
https://ikman.lk/en/ad/luxury-03-story-house-with-13-p-sale-at-kohuwala-for-sale-colombo,Luxury 03 Story House With 13 P Sale At Kohuwala,Bedrooms: 4 | Bathrooms: 3,MEMBER,"Rs 120,000,000",2 days
https://ikman.lk/en/ad/afa178-02-story-house-with-1148-p-sale-at-malabe-for-sale-colombo,(AFA178) 02 Story House With 11.48 P Sale At Malabe,Bedrooms: 3 | Bathrooms: 3,MEMBER,"Rs 39,000,000",2 days
https://ikman.lk/en/ad/3st-super-brand-new-luxury-house-for-sale-in-pelawatta-for-sale-colombo,3st super Brand new luxury house for sale in pelawatta,Bedrooms: 4 | Bathrooms: 3,MEMBER,"Rs 69,500,000",2 days
https://ikman.lk/en/ad/02-story-house-with-12-p-for-sale-at-pagoda-road-nugegoda-for-sale-colombo,02 Story house With 12 P For Sale at Pagoda road Nugegoda,Bedrooms: 5 | Bathrooms: 4,MEMBER,"Rs 65,000,000",2 days
https://ikman.lk/en/ad/super-house-for-sale-kotte-for-sale-colombo-3,Super House for Sale Kotte,Bedrooms: 5 | Bathrooms: 5,MEMBER,"Rs 220,000,000",2 days
https://ikman.lk/en/ad/3st-luxury-house-for-sale-in-dehiwala-for-sale-colombo-3,3st Luxury House for Sale in Dehiwala,Bedrooms: 8 | Bathrooms: 6,MEMBER,"Rs 115,000,000",2 days
https://ikman.lk/en/ad/thalawathugoda-house-for-sale-for-sale-colombo-154,thalawathugoda house for sale,Bedrooms: 9 | Bathrooms: 8,MEMBER,"Rs 225,000,000",2 days
https://ikman.lk/en/ad/arn632-02-story-house-and-15-p-sale-at-elhena-road-maharagama-for-sale-colombo,(ARN632) 02 Story House & 15 P sale At Elhena Road Maharagama,Bedrooms: 4 | Bathrooms: 3,MEMBER,"Rs 55,000,000",2 days
https://ikman.lk/en/ad/afa606-03-storey-new-house-for-sale-at-jayamangala-road-nugegoda-for-sale-colombo,"(AFA606) 03 Storey New House for Sale at Jayamangala Road, Nugegoda",Bedrooms: 6 | Bathrooms: 5,MEMBER,"Rs 95,000,000",2 days
https://ikman.lk/en/ad/afa165-stunning-newly-renovated-sale-in-nugegoda-for-sale-colombo,(AFA165) Stunning Newly Renovated sale in Nugegoda,Bedrooms: 4 | Bathrooms: 2,MEMBER,"Rs 80,000,000",2 days
https://ikman.lk/en/ad/afa644-new-03-storey-luxury-house-with-20p-sale-at-pitakotte-for-sale-colombo,(AFA644) New 03 Storey Luxury House with 20p Sale at Pitakotte,Bedrooms: 5 | Bathrooms: 5,MEMBER,"Rs 220,000,000",2 days
https://ikman.lk/en/ad/architect-designed-02-unit-house-sale-at-kohuwala-for-sale-colombo-1,Architect Designed 02 Unit House Sale at Kohuwala,Bedrooms: 5 | Bathrooms: 3,MEMBER,"Rs 89,500,000",2 days
https://ikman.lk/en/ad/afa192-03-storey-house-with-25p-land-sale-at-ethul-kotte-for-sale-colombo,(AFA192) 03 Storey House with 25P Land Sale at Ethul Kotte,Bedrooms: 7 | Bathrooms: 4,MEMBER,"Rs 155,000,000",2 days
https://ikman.lk/en/ad/afa188-03-storey-house-with-25p-sale-at-attidiya-for-sale-colombo,(AFA188) 03 Storey House with 25P Sale at Attidiya,Bedrooms: 5 | Bathrooms: 2,MEMBER,"Rs 110,000,000",2 days
https://ikman.lk/en/ad/afa178-02-storey-house-sale-near-malabe-town-for-sale-colombo,(AFA178) 02 Storey House Sale Near Malabe Town,Bedrooms: 5 | Bathrooms: 4,MEMBER,"Rs 55,000,000",2 days
https://ikman.lk/en/ad/2-storey-house-for-sale-kalapaluwawa-rajagiriya-for-sale-colombo,"2-Storey House for Sale – Kalapaluwawa, Rajagiriya",Bedrooms: 3 | Bathrooms: 2,,"Rs 65,000,000",2 days
https://ikman.lk/en/ad/kohuwala-luxury-property-for-sale-for-sale-colombo,kohuwala luxury property for sale,Bedrooms: 4 | Bathrooms: 3,MEMBER,"Rs 125,000,000",2 days
https://ikman.lk/en/ad/morttuv-morttumullen-vyaapaarik-sthaanyk-smg-nivsk-km-13994-for-sale-colombo,🏬මොරටුව මොරටුමුල්ලෙන් ව්‍යාපාරික ස්ථානයක් සමග නිවසක් / KM 13994,Bedrooms: 3 | Bathrooms: 2,MEMBER,"Rs 18,000,000",2 days
https://ikman.lk/en/ad/strong-structure-brand-new-house-sale-athurugiriya-for-sale-colombo-33,Strong Structure Brand New House Sale Athurugiriya,Bedrooms: 3 | Bathrooms: 2,MEMBER,"Rs 28,500,000",2 days
https://ikman.lk/en/ad/07-bedroom-unfurnished-house-for-sale-in-colombo-a6463-for-sale-colombo,07 Bedroom Unfurnished House for Sale in Colombo (A6463),Bedrooms: 7 | Bathrooms: 7,MEMBER,"Rs 390,000,000",2 days
https://ikman.lk/en/ad/single-story-house-for-sale-piliyandala-for-sale-colombo-121,Single Story House for Sale Piliyandala,Bedrooms: 4 | Bathrooms: 1,MEMBER,"Rs 22,000,000",2 days
https://ikman.lk/en/ad/brand-new-modern-luxury-house-in-talawatugoda-for-sale-colombo,Brand New Modern Luxury House In Talawatugoda,Bedrooms: 4 | Bathrooms: 3,MEMBER,"Rs 53,500,000",2 days
https://ikman.lk/en/ad/luxury-house-for-sale-in-kohuwala-for-sale-colombo-30,luxury House for sale in kohuwala,Bedrooms: 4 | Bathrooms: 3,MEMBER,"Rs 125,000,000",2 days
https://ikman.lk/en/ad/architecture-designed-brand-new-house-sale-malabe-for-sale-colombo-33,Architecture Designed Brand New House Sale Malabe,Bedrooms: 4 | Bathrooms: 5,MEMBER,"Rs 59,500,000",2 days
https://ikman.lk/en/ad/brand-new-single-storied-house-sale-athurugiriya-for-sale-colombo-39,Brand New single Storied House Sale Athurugiriya,Bedrooms: 3 | Bathrooms: 3,MEMBER,"Rs 31,000,000",2 days
https://ikman.lk/en/ad/single-story-house-for-sale-maharagama-for-sale-colombo-127,Single Story House for Sale Maharagama,Bedrooms: 3 | Bathrooms: 1,MEMBER,"Rs 36,000,000",2 days
https://ikman.lk/en/ad/nivsk-vikinniimtt-for-sale-colombo-393,House for Sale in Piliyandala,Bedrooms: 4 | Bathrooms: 2,,"Rs 34,000,000",2 days
https://ikman.lk/en/ad/4br-residence-overlooking-diyawanna-oya-tributary-in-nawala-sh14694-for-sale-colombo,4BR Residence Overlooking Diyawanna Oya Tributary in Nawala | SH14694,Bedrooms: 4 | Bathrooms: 4,MEMBER,"Rs 222,000,000",2 days
https://ikman.lk/en/ad/colonial-inspired-4-bedroom-two-story-residence-in-piliyandala-sh15329-for-sale-colombo,Colonial Inspired 4-Bedroom Two-Story Residence in Piliyandala | SH15329,Bedrooms: 4 | Bathrooms: 3,MEMBER,"Rs 150,000,000",2 days
https://ikman.lk/en/ad/new-house-for-sale-in-kottawa-horahena-for-sale-colombo-7,New House for Sale in Kottawa ( Horahena ),Bedrooms: 3 | Bathrooms: 2,MEMBER,"Rs 42,500,000",2 days
https://ikman.lk/en/ad/3-bedroom-two-story-house-for-sale-on-waidya-road-dehiwala-sh15323-for-sale-colombo,"3-Bedroom Two-Story House for Sale on Waidya Road, Dehiwala | SH15323",Bedrooms: 3 | Bathrooms: 2,MEMBER,"Rs 55,000,000",2 days
https://ikman.lk/en/ad/solid-house-in-12-perch-land-for-sale-mount-lavinia-sh-13591-for-sale-colombo-3,Solid House in 12 Perch land for Sale Mount Lavinia (SH 13591),Bedrooms: 5 | Bathrooms: 3,MEMBER,"Rs 60,000,000",2 days
https://ikman.lk/en/ad/spacious-3-storey-semi-modern-3-unit-house-for-sale-in-nawala-sh15169-for-sale-colombo,Spacious 3-Storey Semi-Modern 3 Unit House for Sale in Nawala | SH15169,Bedrooms: 7 | Bathrooms: 3,MEMBER,"Rs 130,000,000",2 days
https://ikman.lk/en/ad/two-storey-house-for-sale-in-nawala-sh-14865-for-sale-colombo,Two-Storey House for Sale in Nawala (SH 14865),Bedrooms: 4 | Bathrooms: 3,MEMBER,"Rs 60,000,000",2 days
https://ikman.lk/en/ad/colombo-6-prestige-land-value-offer-renovate-or-rebuild-sh-15131-for-sale-colombo,Colombo 6 Prestige | Land Value Offer Renovate or Rebuild SH 15131,Bedrooms: 4 | Bathrooms: 4,MEMBER,"Rs 125,000,000",2 days
https://ikman.lk/en/ad/4br-elegant-house-in-10-p-land-for-sale-kotikawatta-sh-14167-for-sale-colombo-1,4BR Elegant House in 10 P Land for Sale Kotikawatta (SH 14167),Bedrooms: 4 | Bathrooms: 3,MEMBER,"Rs 39,000,000",2 days
https://ikman.lk/en/ad/good-condition-house-for-sale-malabe-for-sale-colombo-4,Good Condition House For Sale Malabe,Bedrooms: 3 | Bathrooms: 2,MEMBER,"Rs 35,000,000",2 days
https://ikman.lk/en/ad/luxury-house-sale-in-thalawathugoda-for-sale-colombo-77,Luxury House Sale in Thalawathugoda,Bedrooms: 4 | Bathrooms: 3,MEMBER,"Rs 67,500,000",2 days
https://ikman.lk/en/ad/well-build-strong-house-sale-homagama-for-sale-colombo,Well Build Strong House Sale Homagama,Bedrooms: 4 | Bathrooms: 2,MEMBER,"Rs 18,800,000",2 days
https://ikman.lk/en/ad/cosy-house-near-kdu-universities-walking-distance-to-galle-rd-for-sale-colombo-10,"Cosy house near KDU, Universities, walking distance to Galle Rd",Bedrooms: 3 | Bathrooms: 4,MEMBER,"Rs 42,000,000",2 days
https://ikman.lk/en/ad/two-storey-house-for-sale-in-malabe-for-sale-colombo-108,Two Storey House for Sale in Malabe,Bedrooms: 4 | Bathrooms: 3,MEMBER,"Rs 37,000,000",2 days
https://ikman.lk/en/ad/nidn-kaamr-4k-demhl-nivs-vikinniimtt-piliyandala-madapatha-for-sale-colombo,නිදන කාමර 4ක දෙමහල් නිවස විකිණීමට PILIYANDALA MADAPATHA,Bedrooms: 4 | Bathrooms: 2,MEMBER,"Rs 29,500,000",2 days
https://ikman.lk/en/ad/partly-completed-house-for-sale-in-malabe-for-sale-colombo-5,Partly Completed House for Sale in Malabe,Bedrooms: 3 | Bathrooms: 3,MEMBER,"Rs 32,000,000",2 days
https://ikman.lk/en/ad/three-storey-house-for-sale-in-piliyandala-for-sale-colombo-27,Three Storey House for Sale in Piliyandala,Bedrooms: 5 | Bathrooms: 5,MEMBER,"Rs 130,000,000",2 days
https://ikman.lk/en/ad/single-storey-house-for-sale-in-athurugiriya-for-sale-colombo-47,Single Storey House for Sale in Athurugiriya,Bedrooms: 2 | Bathrooms: 2,MEMBER,"Rs 29,500,000",2 days
https://ikman.lk/en/ad/house-for-sale-in-ratmalana-for-sale-colombo-908,House For Sale In Ratmalana,Bedrooms: 3 | Bathrooms: 1,MEMBER,"Rs 18,000,000",2 days
https://ikman.lk/en/ad/88-perch-2-story-unit-house-for-sale-in-colombo-5-cvvv-a2-for-sale-colombo-1,8.8 Perch 2 Story Unit House For Sale In Colombo 5 CVVV-A2,Bedrooms: 6 | Bathrooms: 6,MEMBER,"Rs 145,000,000",2 days
https://ikman.lk/en/ad/two-storied-house-for-sale-in-colombo-05-for-sale-colombo-30,Two Storied House For Sale In Colombo 05,Bedrooms: 5 | Bathrooms: 4,MEMBER,"Rs 55,000,000",2 days
https://ikman.lk/en/ad/beautifully-designed-two-storied-house-for-sale-in-mount-lavinia-for-sale-colombo-5,Beautifully Designed Two Storied House For Sale In Mount Lavinia,Bedrooms: 5 | Bathrooms: 4,MEMBER,"Rs 115,000,000",2 days
https://ikman.lk/en/ad/prime-233-perch-3-storey-home-baddagana-kotte-for-sale-colombo,"Prime 23.3-Perch 3-Storey Home – Baddagana, Kotte",Bedrooms: 4 | Bathrooms: 3,,"Rs 95,000,000",2 days
https://ikman.lk/en/ad/pdinciytt-saaedu-demhl-sukhoopbhoogii-nivsk-vikinniimtt-piliyandala-for-sale-colombo-1,පදිංචියට සෑදු දෙමහල් සුඛෝපභෝගී නිවසක් විකිණීමට - Piliyandala,Bedrooms: 4 | Bathrooms: 2,MEMBER,"Rs 34,500,000",2 days
https://ikman.lk/en/ad/moratuwa-rawathawatte-50m-to-galle-road-house-for-sale-colombo,Moratuwa / Rawathawatte 50m to Galle Road House,Bedrooms: 2 | Bathrooms: 1,,"Rs 32,000,000",2 days
https://ikman.lk/en/ad/two-story-house-for-sale-in-angoda-for-sale-colombo-127,Two Story House for Sale in Angoda,Bedrooms: 4 | Bathrooms: 2,MEMBER,"Rs 35,000,000",2 days
https://ikman.lk/en/ad/fully-furnished-luxury-residence-for-sale-kohuwala-for-sale-colombo-1,Fully Furnished Luxury Residence for Sale – Kohuwala,Bedrooms: 4 | Bathrooms: 3,MEMBER,"Rs 125,000,000",2 days
https://ikman.lk/en/ad/brand-new-modern-luxury-house-for-sale-in-piliyandala-for-sale-colombo-1,Brand New Modern Luxury House for Sale in Piliyandala,Bedrooms: 5 | Bathrooms: 3,MEMBER,"Rs 44,000,000",2 days
https://ikman.lk/en/ad/luxury-3-storey-house-with-pool-thalapathpitiya-for-sale-colombo,Luxury 3-Storey House with Pool – Thalapathpitiya,Bedrooms: 4 | Bathrooms: 5,MEMBER,"Rs 115,000,000",2 days
https://ikman.lk/en/ad/moratuwa-old-galle-road-house-for-sale-for-sale-colombo-1,"Moratuwa, Old Galle Road House for Sale",Bedrooms: 3 | Bathrooms: 2,,"Rs 60,000,000",2 days
https://ikman.lk/en/ad/two-storied-brand-new-house-for-sale-athurugiriya-for-sale-colombo-27,Two Storied Brand New House For Sale Athurugiriya,Bedrooms: 4 | Bathrooms: 3,MEMBER,"Rs 37,500,000",2 days
https://ikman.lk/en/ad/half-build-house-for-sale-kottawa-for-sale-colombo,Half Build House For Sale Kottawa,Bedrooms: 4 | Bathrooms: 4,MEMBER,"Rs 14,500,000",2 days
https://ikman.lk/en/ad/luxury-6br-house-for-sale-jayanthipura-battaramulla-for-sale-colombo,"Luxury 6BR House for Sale – Jayanthipura, Battaramulla",Bedrooms: 6 | Bathrooms: 6,MEMBER,"Rs 450,000,000",2 days
https://ikman.lk/en/ad/brand-new-3-bedrooms-house-for-sale-in-piliyandala-polgasowita-for-sale-colombo-30,Brand New 3 Bedrooms House for sale in Piliyandala Polgasowita,Bedrooms: 3 | Bathrooms: 2,MEMBER,"Rs 22,500,000",2 days
https://ikman.lk/en/ad/modern-brand-new-single-house-sale-athurugiriya-for-sale-colombo,Modern Brand New Single House Sale Athurugiriya,Bedrooms: 3 | Bathrooms: 2,MEMBER,"Rs 32,000,000",2 days
https://ikman.lk/en/ad/house-for-sale-in-wellampitiya-for-sale-colombo-4906,House for Sale in Wellampitiya,Bedrooms: 3 | Bathrooms: 2,MEMBER,"Rs 18,000,000",2 days
https://ikman.lk/en/ad/single-storied-house-for-sale-with-furniture-for-sale-colombo,Single Storied House For Sale With Furniture,Bedrooms: 3 | Bathrooms: 2,MEMBER,"Rs 26,000,000",2 days
https://ikman.lk/en/ad/house-for-sale-rajagiriya-for-sale-colombo-431,House for Sale Rajagiriya,Bedrooms: 4 | Bathrooms: 4,,"Rs 78,000,000",2 days
https://ikman.lk/en/ad/three-storey-house-for-sale-in-wellampitiya-for-sale-colombo-125,Three Storey House for Sale in Wellampitiya,Bedrooms: 3 | Bathrooms: 3,MEMBER,"Rs 19,500,000",2 days
https://ikman.lk/en/ad/salepiliyandala-semi-furnished-3-story-house-for-salenzms3073-for-sale-colombo,"Sale,Piliyandala, Semi Furnished 3 Story House For Sale(NZMS3073)",Bedrooms: 5 | Bathrooms: 4,MEMBER,"Rs 66,000,000",2 days
https://ikman.lk/en/ad/two-storey-house-for-sale-in-wellampitiya-for-sale-colombo-1071,Two Storey House for Sale in Wellampitiya,Bedrooms: 3 | Bathrooms: 2,MEMBER,"Rs 9,500,000",2 days
https://ikman.lk/en/ad/good-condition-house-sale-athurugiriya-for-sale-colombo-14,Good Condition House Sale Athurugiriya,Bedrooms: 3 | Bathrooms: 2,MEMBER,"Rs 18,000,000",2 days
https://ikman.lk/en/ad/single-story-house-for-sale-in-wellampitiya-for-sale-colombo-864,Single Story House for Sale in Wellampitiya,Bedrooms: 3 | Bathrooms: 1,MEMBER,"Rs 9,500,000",2 days
https://ikman.lk/en/ad/mount-lavinia-elegant-two-storey-family-home-for-sale-templers-road-for-sale-colombo,Mount Lavinia Elegant Two-Storey Family Home for Sale – Templers Road,Bedrooms: 4 | Bathrooms: 2,MEMBER,"Rs 88,000,000",2 days
https://ikman.lk/en/ad/three-storey-house-for-sale-in-rajagiriya-for-sale-colombo-3,Three Storey House for Sale in Rajagiriya,Bedrooms: 4 | Bathrooms: 2,MEMBER,"Rs 35,000,000",2 days
https://ikman.lk/en/ad/architectural-designed-brand-new-luxury-house-for-sale-piliyandala-for-sale-colombo-5,Architectural Designed Brand New Luxury House for Sale - Piliyandala,Bedrooms: 4 | Bathrooms: 2,MEMBER,"Rs 29,500,000",2 days
https://ikman.lk/en/ad/two-storey-house-for-sale-in-kotte-for-sale-colombo-9,Two Storey House for Sale in Kotte,Bedrooms: 4 | Bathrooms: 2,MEMBER,"Rs 57,000,000",2 days
https://ikman.lk/en/ad/two-storey-house-for-sale-in-delkanda-nugegoda-for-sale-colombo-1,"Two Storey House for Sale in Delkanda, Nugegoda",Bedrooms: 6 | Bathrooms: 3,MEMBER,"Rs 50,000,000",2 days
https://ikman.lk/en/ad/two-story-house-for-sale-in-papiliyana-nugegoda-for-sale-colombo-3,"Two Story House for Sale in Papiliyana, Nugegoda",Bedrooms: 4 | Bathrooms: 2,MEMBER,"Rs 60,000,000",2 days
https://ikman.lk/en/ad/house-for-sale-for-sale-colombo-27339,House for Sale Padukka,Bedrooms: 3 | Bathrooms: 1,,"Rs 14,000,000",2 days
https://ikman.lk/en/ad/new-luxury-house-for-sale-talawatugoda-for-sale-colombo,New Luxury House For Sale Talawatugoda,Bedrooms: 4 | Bathrooms: 4,MEMBER,"Rs 48,000,000",2 days
https://ikman.lk/en/ad/house-for-sale-in-kottawa-for-sale-colombo-2633,House for Sale in Kottawa,Bedrooms: 2 | Bathrooms: 1,,"Rs 19,500,000",2 days
https://ikman.lk/en/ad/modern-spacious-luxury-house-in-talawatugoda-for-sale-colombo,Modern Spacious Luxury House In Talawatugoda,Bedrooms: 4 | Bathrooms: 3,MEMBER,"Rs 135,000,000",2 days
https://ikman.lk/en/ad/modern-brand-new-house-sale-malabe-for-sale-colombo-19,Modern Brand New House Sale Malabe,Bedrooms: 3 | Bathrooms: 2,MEMBER,"Rs 26,500,000",2 days
https://ikman.lk/en/ad/nidn-kaamr-3k-tnimhl-nivs-vikinniimtt-piliyandala-kesbawa-for-sale-colombo-33,නිදන කාමර 3ක තනිමහල් නිවස විකිණීමට Piliyandala Kesbawa,Bedrooms: 3 | Bathrooms: 2,MEMBER,"Rs 24,500,000",2 days
https://ikman.lk/en/ad/brand-new-house-sale-in-siddamulla-piliyandala-off-kudamaduwa-rd-for-sale-colombo,Brand-New House Sale in Siddamulla Piliyandala off Kudamaduwa Rd,Bedrooms: 4 | Bathrooms: 3,MEMBER,"Rs 41,000,000",2 days
https://ikman.lk/en/ad/modern-single-storied-house-in-malabe-for-sale-colombo,Modern Single Storied House In Malabe,Bedrooms: 3 | Bathrooms: 2,MEMBER,"Rs 28,500,000",2 days
https://ikman.lk/en/ad/luxury-brand-new-2-story-house-for-sale-in-makandana-piliyandala-for-sale-colombo,Luxury Brand-New 2 Story House for Sale in Makandana Piliyandala,Bedrooms: 5 | Bathrooms: 4,MEMBER,"Rs 39,500,000",2 days
https://ikman.lk/en/ad/ah183-135-perch-two-storey-house-for-sale-in-mattegoda-for-sale-colombo,(AH183) 13.5 Perch Two Storey House for Sale in Mattegoda,Bedrooms: 3 | Bathrooms: 2,MEMBER,"Rs 36,500,000",2 days
https://ikman.lk/en/ad/rh567-brand-new-modern-luxury-house-for-sale-in-ratmalana-for-sale-colombo-21,(RH567) Brand New Modern Luxury House for Sale in Ratmalana,Bedrooms: 3 | Bathrooms: 2,MEMBER,"Rs 29,900,000",2 days
https://ikman.lk/en/ad/two-storey-house-for-sale-in-himbutana-road-idh-for-sale-colombo-5,Two Storey House For Sale in Himbutana Road IDH,Bedrooms: 5 | Bathrooms: 3,MEMBER,"Rs 37,000,000",2 days
https://ikman.lk/en/ad/luxury-house-for-sale-katubedda-moratuwa-for-sale-colombo-42,"Luxury House for Sale – Katubedda, Moratuwa",Bedrooms: 4 | Bathrooms: 5,MEMBER,"Rs 68,000,000",2 days
https://ikman.lk/en/ad/luxury-modern-house-for-sale-in-piliyandala-madapatha-road-for-sale-colombo-2,Luxury Modern House for sale in Piliyandala Madapatha Road,Bedrooms: 4 | Bathrooms: 3,MEMBER,"Rs 42,000,000",2 days
https://ikman.lk/en/ad/brand-new-4-bedrooms-house-for-sale-in-homagama-pitipana-for-sale-colombo,Brand New 4 Bedrooms House for Sale in Homagama Pitipana,Bedrooms: 4 | Bathrooms: 2,MEMBER,"Rs 19,000,000",2 days
https://ikman.lk/en/ad/modern-2-story-house-in-ratmalana-for-sale-colombo-1,Modern 2-Story House in Ratmalana,Bedrooms: 3 | Bathrooms: 2,MEMBER,"Rs 34,000,000",2 days
https://ikman.lk/en/ad/house-in-boralesgamuwa-for-sale-walking-distance-to-maharagama-lake-for-sale-colombo,House in Boralesgamuwa For Sale - Walking Distance to Maharagama Lake,Bedrooms: 4 | Bathrooms: 3,MEMBER,"Rs 39,800,000",2 days
https://ikman.lk/en/ad/luxury-house-with-3-bedrooms-bathrooms-baddagana-kotte-for-sale-colombo,Luxury House With 3 Bedrooms Bathrooms - Baddagana Kotte,Bedrooms: 3 | Bathrooms: 3,MEMBER,"Rs 79,000,000",2 days
https://ikman.lk/en/ad/brand-new-house-in-homagama-meegoda-watareka-miigodd-vttraek-for-sale-colombo,Brand-New House in Homagama Meegoda Watareka මීගොඩ - වටරැක,Bedrooms: 4 | Bathrooms: 2,MEMBER,"Rs 19,200,000",2 days
https://ikman.lk/en/ad/house-for-sale-in-pannipitiya-for-sale-colombo-1274,House for Sale in Pannipitiya,Bedrooms: 5 | Bathrooms: 3,MEMBER,"Rs 65,000,000",2 days
https://ikman.lk/en/ad/house-for-sale-borelesgamuwa-for-sale-colombo,House for Sale Borelesgamuwa,Bedrooms: 3 | Bathrooms: 3,MEMBER,"Rs 47,000,000",2 days
https://ikman.lk/en/ad/solid-house-for-sale-borelesgamuwa-for-sale-colombo-1,Solid House for Sale Borelesgamuwa,Bedrooms: 3 | Bathrooms: 3,MEMBER,"Rs 47,000,000",2 days
https://ikman.lk/en/ad/super-house-for-sale-malabe-for-sale-colombo-6,Super House For Sale Malabe,Bedrooms: 3 | Bathrooms: 3,MEMBER,"Rs 34,000,000",2 days
https://ikman.lk/en/ad/strong-structure-brand-new-house-sale-homagama-for-sale-colombo-1,Strong Structure Brand New House Sale Homagama,Bedrooms: 3 | Bathrooms: 2,MEMBER,"Rs 17,500,000",2 days
https://ikman.lk/en/ad/luxurious-brand-new-house-sale-malabe-for-sale-colombo-29,Luxurious Brand New House Sale Malabe,Bedrooms: 4 | Bathrooms: 5,MEMBER,"Rs 59,500,000",2 days
https://ikman.lk/en/ad/brand-new-luxury-house-for-sale-malabe-for-sale-colombo-251,Brand New Luxury House For Sale Malabe,Bedrooms: 4 | Bathrooms: 3,MEMBER,"Rs 49,000,000",2 days
https://ikman.lk/en/ad/two-storied-4-bed-with-house-sale-athurugiriya-for-sale-colombo-3,Two Storied 4 Bed With House Sale Athurugiriya,Bedrooms: 4 | Bathrooms: 2,MEMBER,"Rs 38,500,000",2 days
https://ikman.lk/en/ad/completed-brand-new-house-in-thalahena-for-sale-colombo,Completed Brand New House In Thalahena,Bedrooms: 3 | Bathrooms: 3,MEMBER,"Rs 29,000,000",2 days
https://ikman.lk/en/ad/super-single-house-sale-homagama-for-sale-colombo,Super Single House Sale Homagama,Bedrooms: 3 | Bathrooms: 2,MEMBER,"Rs 23,000,000",2 days
https://ikman.lk/en/ad/luxury-brand-new-house-sale-talawatugoda-for-sale-colombo-17,Luxury Brand New House sale Talawatugoda,Bedrooms: 4 | Bathrooms: 4,MEMBER,"Rs 69,500,000",2 days
https://ikman.lk/en/ad/new-designed-brand-house-sale-homagama-for-sale-colombo,New Designed Brand House Sale Homagama,Bedrooms: 4 | Bathrooms: 2,MEMBER,"Rs 19,200,000",2 days
https://ikman.lk/en/ad/new-designed-brand-house-in-athurugiriya-for-sale-colombo-16,New Designed Brand House In Athurugiriya,Bedrooms: 3 | Bathrooms: 3,MEMBER,"Rs 31,500,000",2 days
https://ikman.lk/en/ad/40-p-with-luxury-house-sale-talawatugoda-for-sale-colombo,40 P With Luxury House Sale Talawatugoda,Bedrooms: 5 | Bathrooms: 4,MEMBER,"Rs 145,000,000",2 days
https://ikman.lk/en/ad/addi-20-paartt-muhunlaa-temhl-nivs-haa-kdd-kaamry-vikinniimtt-kk-14772-for-sale-colombo,අඩි 20 පාරට මුහුනලා තෙමහල් නිවස හා කඩ කාමරය විකිණීමට / KK 14772,Bedrooms: 5 | Bathrooms: 2,MEMBER,"Rs 35,000,000",2 days
https://ikman.lk/en/ad/good-condition-house-sale-athurugiriya-for-sale-colombo-12,Good Condition House Sale Athurugiriya,Bedrooms: 4 | Bathrooms: 3,MEMBER,"Rs 35,500,000",2 days
https://ikman.lk/en/ad/brand-new-architect-designed-house-for-sale-in-piliyandala-dampe-rode-for-sale-colombo,Brand New Architect-Designed House for Sale in Piliyandala Dampe rode,Bedrooms: 4 | Bathrooms: 2,MEMBER,"Rs 35,000,000",2 days
https://ikman.lk/en/ad/nidn-kaamr-3k-nviin-nivs-vikinniimtt-piliyandala-kesbawa-for-sale-colombo-46,නිදන කාමර 3ක නවීන නිවස විකිණීමට Piliyandala Kesbawa,Bedrooms: 3 | Bathrooms: 2,MEMBER,"Rs 25,000,000",2 days
https://ikman.lk/en/ad/beautiful-single-story-house-for-sale-pannipitiya-for-sale-colombo-6,Beautiful Single Story House for Sale Pannipitiya,Bedrooms: 3 | Bathrooms: 2,MEMBER,"Rs 22,500,000",2 days
https://ikman.lk/en/ad/house-for-sale-piliyandala-for-sale-colombo-3597,House for Sale Piliyandala,Bedrooms: 6 | Bathrooms: 5,MEMBER,"Rs 55,000,000",2 days
https://ikman.lk/en/ad/2br-single-house-for-sale-in-dehiwala-anderson-rd-for-sale-colombo,2BR Single House for Sale in Dehiwala Anderson Rd,Bedrooms: 2 | Bathrooms: 1,MEMBER,"Rs 35,000,000",2 days
https://ikman.lk/en/ad/hoomaagm-kirivttudduv-alutm-tnimhl-nivsk-ikmnin-vikinniimtt-for-sale-colombo,හෝමාගම කිරිවත්තුඩුව අලුත්ම තනිමහල් නිවසක් ඉක්මනින් විකිණීමට,Bedrooms: 3 | Bathrooms: 2,MEMBER,"Rs 17,500,000",2 days
https://ikman.lk/en/ad/khtudduven-alutm-vttinaa-tnimhl-lssn-nivsk-vikinniimtt-kahathuduwa-for-sale-colombo,කහතුඩුවෙන් අලුත්ම වටිනා තනිමහල් ලස්සන නිවසක් විකිණීමට Kahathuduwa,Bedrooms: 3 | Bathrooms: 2,MEMBER,"Rs 19,000,000",2 days
https://ikman.lk/en/ad/a-two-storey-04-bedroom-house-for-sale-in-piliyandala-for-sale-colombo,A Two Storey 04 Bedroom House For Sale In Piliyandala,Bedrooms: 4 | Bathrooms: 2,MEMBER,"Rs 29,500,000",2 days
https://ikman.lk/en/ad/three-storey-house-for-sale-in-talawatugoda-hokandara-road-for-sale-colombo-1,Three Storey House for Sale in Talawatugoda Hokandara road,Bedrooms: 5 | Bathrooms: 5,MEMBER,"Rs 100,000,000",2 days
https://ikman.lk/en/ad/apartment-complex-for-sale-hs113-battaramulla-for-sale-colombo,Apartment Complex for Sale (HS113) - Battaramulla,Bedrooms: 9 | Bathrooms: 6,MEMBER,"Rs 250,000,000",2 days
https://ikman.lk/en/ad/3-bedrooms-house-for-sale-in-high-level-road-colombo-05-p-182-for-sale-colombo-3,3 Bedrooms House for Sale in High Level Road Colombo 05 (P-182),Bedrooms: 3 | Bathrooms: 3,MEMBER,"Rs 90,000,000",2 days
https://ikman.lk/en/ad/brand-new-solid-super-luxury-piliyandala-for-sale-colombo-294,Brand New solid super luxury piliyandala,Bedrooms: 3 | Bathrooms: 2,MEMBER,"Rs 22,500,000",2 days
https://ikman.lk/en/ad/brand-new-modern-super-luxury-1-story-house-for-sale-colombo-1,Brand New Modern super luxury 1 Story House,Bedrooms: 3 | Bathrooms: 2,MEMBER,"Rs 20,000,000",2 days
https://ikman.lk/en/ad/sukhoopbhoogii-ati-nviintm-suvisl-nivs-vikinniimtt-for-sale-colombo,සුඛෝපභෝගී අති නවීනතම සුවිසල් නිවස විකිණීමට,Bedrooms: 3 | Bathrooms: 2,MEMBER,"Rs 25,000,000",2 days
https://ikman.lk/en/ad/brand-new-solid-modern-2-storey-house-for-sale-piliyandala-for-sale-colombo,Brand New Solid Modern 2 Storey House for Sale - Piliyandala,Bedrooms: 4 | Bathrooms: 4,MEMBER,"Rs 43,000,000",2 days
https://ikman.lk/en/ad/ati-sukhoopbhoogii-alnkaar-suvisl-demhl-nivs-vikinniimtt-piliyandala-for-sale-colombo-225,අති සුඛෝපභෝගී අලංකාර සුවිසල් දෙමහල් නිවස විකිණීමට Piliyandala,Bedrooms: 4 | Bathrooms: 3,MEMBER,"Rs 36,500,000",2 days
https://ikman.lk/en/ad/new-solid-super-luxury-2-storey-house-piliyandala-city-for-sale-colombo,New Solid Super Luxury 2 Storey House-Piliyandala City,Bedrooms: 4 | Bathrooms: 3,MEMBER,"Rs 37,500,000",2 days
https://ikman.lk/en/ad/brand-new-solid-modern-super-luxury-boralesgamuwa-for-sale-colombo,Brand New Solid Modern Super Luxury Boralesgamuwa,Bedrooms: 4 | Bathrooms: 4,MEMBER,"Rs 62,500,000",2 days
https://ikman.lk/en/ad/ati-sukhoopbhoogii-nviintm-suvisl-demhl-nivs-vikinniimtt-piliyandala-town-for-sale-colombo-52,අති සුඛෝපභෝගී නවීනතම සුවිසල් දෙමහල් නිවස විකිණීමට Piliyandala Town,Bedrooms: 4 | Bathrooms: 4,MEMBER,"Rs 55,000,000",2 days
https://ikman.lk/en/ad/alutin-idi-vu-nivsk-vikinniimtt-piliyandala-town-for-sale-colombo-1,අලුතින් ඉදි වු නිවසක් විකිණීමට Piliyandala town,Bedrooms: 4 | Bathrooms: 4,MEMBER,"Rs 56,000,000",2 days
https://ikman.lk/en/ad/brand-new-solid-super-luxury-2-storey-house-for-sale-piliyandala-for-sale-colombo,Brand New Solid Super Luxury 2 Storey House for Sale Piliyandala,Bedrooms: 5 | Bathrooms: 5,MEMBER,"Rs 69,500,000",2 days
https://ikman.lk/en/ad/brand-new-super-luxury-2-story-house-piliyandala-for-sale-colombo-194,Brand New super luxury 2 Story House-piliyandala,Bedrooms: 5 | Bathrooms: 5,MEMBER,"Rs 63,000,000",2 days
https://ikman.lk/en/ad/brand-new-modern-2-story-house-for-sale-piliyandala-for-sale-colombo,Brand New Modern 2 Story House for Sale - Piliyandala,Bedrooms: 5 | Bathrooms: 4,MEMBER,"Rs 43,000,000",2 days
https://ikman.lk/en/ad/brand-new-solid-modern-2-story-house-piliyandala-for-sale-colombo-236,Brand New solid Modern 2 Story House-piliyandala,Bedrooms: 5 | Bathrooms: 5,MEMBER,"Rs 63,000,000",2 days
https://ikman.lk/en/ad/ati-sukhoopbhoogii-alnkaar-nviintm-suvisl-demhl-nivs-piliyandala-town-for-sale-colombo-75,අති සුඛෝපභෝගී අලංකාර නවීනතම සුවිසල් දෙමහල් නිවස Piliyandala Town,Bedrooms: 4 | Bathrooms: 4,MEMBER,"Rs 43,000,000",2 days
https://ikman.lk/en/ad/brand-new-modern-super-luxury-2-storey-house-for-sale-piliyandala-for-sale-colombo,Brand New Modern Super Luxury 2 Storey House for Sale Piliyandala,Bedrooms: 5 | Bathrooms: 5,MEMBER,"Rs 45,000,000",2 days
https://ikman.lk/en/ad/ph1001-modern-luxury-2-storey-house-for-sale-in-piliyandala-for-sale-colombo-1,(PH1001) Modern Luxury 2 Storey House for Sale in Piliyandala,Bedrooms: 6 | Bathrooms: 3,MEMBER,"Rs 75,000,000",2 days
https://ikman.lk/en/ad/ph1000-2-storey-houses-for-sale-in-mirihana-for-sale-colombo-2,(PH1000) 2 Storey Houses for Sale in Mirihana,Bedrooms: 9 | Bathrooms: 5,MEMBER,"Rs 95,000,000",2 days
https://ikman.lk/en/ad/ph823180m-furnished-four-storey-house-for-sale-in-dehiwala-for-sale-colombo-8,(PH823)180M Furnished Four Storey House for Sale in Dehiwala,Bedrooms: 4 | Bathrooms: 4,MEMBER,"Rs 180,000,000",2 days
https://ikman.lk/en/ad/nugegoda-house-for-sale-for-sale-colombo-167,Nugegoda - House for sale,Bedrooms: 3 | Bathrooms: 2,MEMBER,"Rs 95,000,000",2 days
https://ikman.lk/en/ad/two-storied-house-sale-in-dehiwala-for-sale-colombo-1,Two Storied House Sale in Dehiwala,Bedrooms: 4 | Bathrooms: 4,MEMBER,"Rs 87,000,000",3 days
https://ikman.lk/en/ad/padukka-house-for-sale-for-sale-colombo,Padukka - House for sale,Bedrooms: 4 | Bathrooms: 1,MEMBER,"Rs 55,000,000",3 days
https://ikman.lk/en/ad/luxury-villa-type-new-house-for-sale-kahathuduwa-for-sale-colombo-1,Luxury Villa Type New House for Sale - Kahathuduwa,Bedrooms: 3 | Bathrooms: 2,MEMBER,"Rs 26,000,000",3 days
https://ikman.lk/en/ad/3-story-luxury-house-piliyandala-for-sale-colombo-1,3 Story Luxury House - Piliyandala,Bedrooms: 4 | Bathrooms: 5,MEMBER,"Rs 45,000,000",3 days
https://ikman.lk/en/ad/luxury-single-storey-house-kesbewa-for-sale-colombo,Luxury Single-Storey House – Kesbewa,Bedrooms: 3 | Bathrooms: 2,MEMBER,"Rs 24,500,000",3 days
https://ikman.lk/en/ad/brand-new-2-story-house-for-sale-kesbewa-for-sale-colombo-1,Brand New 2 Story House for Sale Kesbewa,Bedrooms: 4 | Bathrooms: 3,MEMBER,"Rs 36,000,000",3 days
https://ikman.lk/en/ad/moratuwa-heritage-bungalow-for-sale-for-sale-colombo,Moratuwa - Heritage Bungalow for sale,Bedrooms: 9 | Bathrooms: 4,MEMBER,"Rs 150,000,000",3 days
https://ikman.lk/en/ad/havelock-town-house-for-sale-in-colombo-for-sale-colombo,Havelock town house for sale in Colombo,Bedrooms: 6 | Bathrooms: 4,MEMBER,"Rs 300,000,000",3 days
https://ikman.lk/en/ad/24-hrs-security-luxury-new-house-with-paddy-views-boralesgamuwa-for-sale-colombo,24 Hrs Security - Luxury New House with Paddy Views Boralesgamuwa,Bedrooms: 4 | Bathrooms: 4,MEMBER,"Rs 109,000,000",3 days
https://ikman.lk/en/ad/luxury-3st-house-for-sale-in-nugegoda-for-sale-colombo-3,luxury 3st house for sale in nugegoda,Bedrooms: 4 | Bathrooms: 3,MEMBER,"Rs 75,000,000",3 days
https://ikman.lk/en/ad/3st-luxury-house-for-sale-in-kotte-for-sale-colombo-1,3st Luxury House for Sale in Kotte,Bedrooms: 4 | Bathrooms: 4,MEMBER,"Rs 66,000,000",3 days
https://ikman.lk/en/ad/alutinm-idikrn-ld-atisukhoopboogii-tnimhl-nivs-mttegoddin-vikiniimttap8e2-for-sale-colombo,අලුතින්ම ඉදිකරන ලද අතිසුඛෝපබෝගී තනිමහල් නිවස මත්තෙගොඩින් විකිනීමට(AP8e2),Bedrooms: 3 | Bathrooms: 2,MEMBER,"Rs 30,500,000",3 days
https://ikman.lk/en/ad/alutinm-idikrn-ld-atisukhoopboogii-tnimhl-nivs-mttegoddin-vikiniimtt-for-sale-colombo,අලුතින්ම ඉදිකරන ලද අතිසුඛෝපබෝගී තනිමහල් නිවස මත්තෙගොඩින් විකිනීමට,Bedrooms: 3 | Bathrooms: 2,MEMBER,"Rs 30,500,000",3 days
https://ikman.lk/en/ad/luxury-house-sale-in-battaramulla-for-sale-colombo-7,Luxury House Sale in Battaramulla,Bedrooms: 4 | Bathrooms: 3,MEMBER,"Rs 67,500,000",3 days
https://ikman.lk/en/ad/10-p-luxury-house-for-sale-in-battaramulla-for-sale-colombo,10 P luxury house for sale in Battaramulla,Bedrooms: 4 | Bathrooms: 3,MEMBER,"Rs 67,500,000",3 days
https://ikman.lk/en/ad/luxury-5br-house-for-sale-in-pannipitiya-for-sale-colombo,Luxury 5BR House for Sale in Pannipitiya,Bedrooms: 5 | Bathrooms: 3,MEMBER,"Rs 65,000,000",3 days
https://ikman.lk/en/ad/two-story-house-for-sale-at-polhena-junction-piliyandala-for-sale-colombo,"Two-Story House for Sale at Polhena Junction, Piliyandala",Bedrooms: 4 | Bathrooms: 2,,"Rs 25,000,000",3 days
https://ikman.lk/en/ad/single-story-2-roomed-house-for-sale-at-ekamuthu-mawatha-talawathugoda-for-sale-colombo-1,"single story 2 roomed House for Sale at Ekamuthu Mawatha, Talawathugoda",Bedrooms: 2 | Bathrooms: 2,,"Rs 35,000,000",3 days
https://ikman.lk/en/ad/house-for-sale-in-korathota-kaduwela-for-sale-colombo,"House for Sale in Korathota, Kaduwela",Bedrooms: 3 | Bathrooms: 1,,"Rs 9,500,000",3 days
https://ikman.lk/en/ad/five-bedrooms-house-for-sale-in-malabe-for-sale-colombo,Five Bedrooms House for Sale in Malabe,Bedrooms: 5 | Bathrooms: 4,MEMBER,"Rs 45,000,000",3 days
https://ikman.lk/en/ad/luxury-furnished-home-for-sale-malabe-koshena-road-for-sale-colombo,Luxury Furnished Home for Sale – Malabe Koshena Road,Bedrooms: 4 | Bathrooms: 3,MEMBER,"Rs 45,000,000",3 days
https://ikman.lk/en/ad/newly-built-hose-for-sale-at-pannipitiya-alvitigala-road-for-sale-colombo,Newly built hose for sale at Pannipitiya / Alvitigala Road,Bedrooms: 5 | Bathrooms: 2,MEMBER,"Rs 43,000,000",3 days
https://ikman.lk/en/ad/ah180-single-storey-brand-new-house-for-sale-in-homagama-for-sale-colombo,(AH180) Single Storey Brand New House for Sale in Homagama,Bedrooms: 2 | Bathrooms: 2,MEMBER,"Rs 24,000,000",3 days
https://ikman.lk/en/ad/house-for-sale-moratuwa-rawathawatte-rd-for-sale-colombo,House for Sale Moratuwa Rawathawatte Rd,Bedrooms: 4 | Bathrooms: 4,MEMBER,"Rs 36,500,000",3 days
https://ikman.lk/en/ad/residential-house-and-factory-for-sale-piliyandala-kotagedara-for-sale-colombo,Residential House & Factory for sale Piliyandala Kotagedara,Bedrooms: 3 | Bathrooms: 1,MEMBER,"Rs 48,000,000",3 days
https://ikman.lk/en/ad/modern-luxury-house-for-sale-in-hokandara-for-sale-colombo-9,Modern Luxury House for Sale in Hokandara,Bedrooms: 4 | Bathrooms: 4,MEMBER,"Rs 52,000,000",3 days
https://ikman.lk/en/ad/spacious-family-house-for-sale-hokandara-for-sale-colombo,Spacious Family House for Sale – Hokandara,Bedrooms: 4 | Bathrooms: 3,MEMBER,"Rs 53,000,000",3 days
https://ikman.lk/en/ad/rh522-two-storey-house-for-sale-in-dehiwala-for-sale-colombo-10,(RH522) Two Storey House for Sale in Dehiwala,Bedrooms: 4 | Bathrooms: 3,MEMBER,"Rs 75,000,000",3 days
https://ikman.lk/en/ad/brand-new-house-for-sale-in-piliyandala-for-sale-colombo-969,Brand New House for Sale in Piliyandala,Bedrooms: 4 | Bathrooms: 3,MEMBER,"Rs 44,000,000",3 days
https://ikman.lk/en/ad/spacious-5-bedroom-house-for-sale-in-kahanthota-malabe-for-sale-colombo-1,"Spacious 5-Bedroom House for Sale in Kahanthota, Malabe",Bedrooms: 5 | Bathrooms: 4,MEMBER,"Rs 58,000,000",3 days
https://ikman.lk/en/ad/brand-new-single-storey-luxury-house-for-sale-malabe-for-sale-colombo-22,Brand New Single Storey Luxury House for Sale – Malabe,Bedrooms: 3 | Bathrooms: 3,MEMBER,"Rs 29,000,000",3 days
https://ikman.lk/en/ad/home-for-sale-in-athurugiriya-millennium-city-heartland-for-sale-colombo-9,Home for Sale in Athurugiriya – Millennium City Heartland,Bedrooms: 3 | Bathrooms: 2,MEMBER,"Rs 28,000,000",3 days
https://ikman.lk/en/ad/beautiful-3-bedroom-house-for-sale-in-athurugiriya-for-sale-colombo-2,Beautiful 3 Bedroom House for Sale in Athurugiriya,Bedrooms: 3 | Bathrooms: 2,MEMBER,"Rs 22,000,000",3 days
https://ikman.lk/en/ad/two-storey-house-for-sale-in-mount-lavinia-for-sale-colombo-29,Two Storey House for Sale in Mount Lavinia,Bedrooms: 4 | Bathrooms: 2,,"Rs 85,000,000",3 days
https://ikman.lk/en/ad/house-for-sale-in-colombo-05-andarawata-road-for-sale-colombo,House for Sale in Colombo 05 - Andarawata Road,Bedrooms: 4 | Bathrooms: 3,MEMBER,"Rs 285,000,000",3 days
https://ikman.lk/en/ad/dehiwala-prime-location-super-luxury-house-for-sale-for-sale-colombo,Dehiwala Prime Location Super Luxury House For Sale,Bedrooms: 6 | Bathrooms: 5,MEMBER,"Rs 85,000,000",3 days
https://ikman.lk/en/ad/boralesgamuwa-super-luxury-2-storey-house-with-rooftop-for-sale-for-sale-colombo,Boralesgamuwa Super Luxury 2-Storey House with Rooftop – For Sale,Bedrooms: 4 | Bathrooms: 4,MEMBER,"Rs 109,500,000",3 days
https://ikman.lk/en/ad/modern-two-storey-house-for-sale-in-athurugiriya-for-sale-colombo-1,Modern Two storey House for sale in Athurugiriya,Bedrooms: 3 | Bathrooms: 2,,"Rs 28,000,000",3 days
https://ikman.lk/en/ad/single-storey-house-for-sale-in-wellampitiya-for-sale-colombo-869,Single Storey House for Sale in Wellampitiya,Bedrooms: 3 | Bathrooms: 2,MEMBER,"Rs 15,000,000",3 days
https://ikman.lk/en/ad/newly-built-2-story-house-for-sale-in-moratuwa-ch1678-for-sale-colombo-32,Newly Built 2 Story House For Sale In Moratuwa - CH1678,Bedrooms: 8 | Bathrooms: 3,MEMBER,"Rs 75,000,000",3 days
https://ikman.lk/en/ad/brand-new-house-with-slab-for-sale-in-gothatuwa-for-sale-colombo-13,Brand New House with Slab for Sale in Gothatuwa,Bedrooms: 3 | Bathrooms: 3,MEMBER,"Rs 35,000,000",3 days
https://ikman.lk/en/ad/piliyandala-brand-new-2-storey-house-for-sale-for-sale-colombo,Piliyandala Brand New 2-Storey House for Sale –,Bedrooms: 4 | Bathrooms: 3,MEMBER,"Rs 39,000,000",3 days
https://ikman.lk/en/ad/luxury-2-storey-house-for-sale-athurugiriya-for-sale-colombo-10,Luxury 2-Storey House for Sale – Athurugiriya,Bedrooms: 4 | Bathrooms: 3,MEMBER,"Rs 47,500,000",3 days
https://ikman.lk/en/ad/10-p-with-single-story-house-sale-at-ambagahapura-maharagama-for-sale-colombo,10 P With Single Story House Sale At Ambagahapura Maharagama,Bedrooms: 3 | Bathrooms: 2,MEMBER,"Rs 36,000,000",3 days
https://ikman.lk/en/ad/malabe-luxury-brand-new-modern-house-for-sale-for-sale-colombo,Malabe Luxury Brand-New Modern House for Sale –,Bedrooms: 4 | Bathrooms: 3,MEMBER,"Rs 53,500,000",3 days
https://ikman.lk/en/ad/brand-new-2-story-house-for-sale-in-piliyandala-ch1746-for-sale-colombo-9,Brand New 2 Story House For Sale In Piliyandala - CH1746,Bedrooms: 6 | Bathrooms: 6,MEMBER,"Rs 125,000,000",3 days
https://ikman.lk/en/ad/beautiful-single-storied-house-near-piliyandala-town-new-for-sale-colombo-1,Beautiful Single-Storied House Near Piliyandala Town (New),Bedrooms: 3 | Bathrooms: 1,MEMBER,"Rs 21,500,000",3 days
https://ikman.lk/en/ad/4-bedroom-house-for-sale-thalawathugoda-for-sale-colombo-4,4 Bedroom House for Sale – Thalawathugoda,Bedrooms: 4 | Bathrooms: 4,MEMBER,"Rs 63,000,000",3 days
https://ikman.lk/en/ad/69-perch-luxury-residence-house-for-sale-rajagiriya-for-sale-colombo,69 Perch Luxury Residence House for Sale – Rajagiriya,Bedrooms: 7 | Bathrooms: 6,MEMBER,"Rs 400,000,000",3 days
https://ikman.lk/en/ad/brand-new-2-storied-house-kesbawa-for-sale-colombo,"Brand New 2 Storied House, Kesbawa",Bedrooms: 4 | Bathrooms: 3,MEMBER,"Rs 43,000,000",3 days
https://ikman.lk/en/ad/luxury-brand-new-two-storey-house-for-sale-battaramulla-for-sale-colombo-62,Luxury Brand New Two-Storey House for Sale – Battaramulla,Bedrooms: 3 | Bathrooms: 3,MEMBER,"Rs 68,500,000",3 days
https://ikman.lk/en/ad/brand-new-luxury-house-for-sale-lake-road-battaramulla-for-sale-colombo-1,"Brand New Luxury House for Sale – Lake Road, Battaramulla",Bedrooms: 4 | Bathrooms: 3,MEMBER,"Rs 120,000,000",3 days
https://ikman.lk/en/ad/kesbewa-senapura-junction-single-storey-house-for-sale-for-sale-colombo-3,Kesbewa Senapura Junction Single Storey House For sale,Bedrooms: 3 | Bathrooms: 2,MEMBER,"Rs 16,000,000",3 days
https://ikman.lk/en/ad/stylish-3-story-house-for-sale-in-kotte-for-sale-colombo-21,Stylish 3-Story House for Sale in Kotte,Bedrooms: 4 | Bathrooms: 3,MEMBER,"Rs 45,000,000",3 days
https://ikman.lk/en/ad/pdinciytt-saaedu-demhl-nivsk-vikinimtt-kottittei-for-sale-colombo,පදිංචියට සෑදු දෙමහල් නිවසක් විකිනිමට කොටිටෙි,Bedrooms: 4 | Bathrooms: 2,MEMBER,"Rs 45,000,000",3 days
https://ikman.lk/en/ad/super-luxury-3-storey-architectural-house-for-sale-kalalgoda-for-sale-colombo-22,Super Luxury 3-Storey Architectural House for Sale – Kalalgoda,Bedrooms: 5 | Bathrooms: 5,MEMBER,"Rs 78,000,000",3 days
https://ikman.lk/en/ad/single-storey-house-for-sale-in-wellampitiya-for-sale-colombo-868,Single Storey House for Sale in Wellampitiya,Bedrooms: 5 | Bathrooms: 4,MEMBER,"Rs 20,000,000",3 days
https://ikman.lk/en/ad/canterbury-golf-brand-new-3br-house-for-sale-in-piliyandala-eh437-for-sale-colombo-2,Canterbury Golf | Brand New 3BR House For Sale in Piliyandala - EH437,Bedrooms: 3 | Bathrooms: 2,MEMBER,"Rs 32,000,000",3 days
https://ikman.lk/en/ad/newly-built-modern-house-for-sale-in-piliyandala-eh438-for-sale-colombo,Newly Built Modern House For Sale in Piliyandala - EH438,Bedrooms: 4 | Bathrooms: 2,MEMBER,"Rs 33,000,000",3 days
https://ikman.lk/en/ad/luxury-house-for-sale-in-kahanthota-malabe-eh440-for-sale-colombo-2,"Luxury House| for Sale in Kahanthota, Malabe - EH440",Bedrooms: 5 | Bathrooms: 4,MEMBER,"Rs 82,000,000",3 days
https://ikman.lk/en/ad/luxury-house-for-immediate-sale-in-piliyandala-eh439-for-sale-colombo-1,Luxury House for immediate Sale in Piliyandala - EH439,Bedrooms: 6 | Bathrooms: 2,MEMBER,"Rs 82,000,000",3 days
https://ikman.lk/en/ad/dh1325-modern-luxury-house-for-sale-in-pannipitiya-for-sale-colombo,(DH1325) Modern Luxury House for Sale in Pannipitiya,Bedrooms: 5 | Bathrooms: 5,MEMBER,"Rs 50,000,000",3 days
https://ikman.lk/en/ad/two-storey-house-for-sale-in-wellampitiya-for-sale-colombo-1070,Two Storey House for Sale in Wellampitiya,Bedrooms: 5 | Bathrooms: 2,MEMBER,"Rs 35,000,000",3 days
https://ikman.lk/en/ad/luxury-house-for-sale-in-kasbawa-with-115-perches-for-sale-colombo,Luxury House For Sale in Kasbawa with 11.5 Perches,Bedrooms: 4 | Bathrooms: 3,MEMBER,"Rs 44,000,000",3 days
https://ikman.lk/en/ad/brand-new-house-with-slab-for-sale-in-wellampitiya-for-sale-colombo-136,Brand New House with Slab for Sale in Wellampitiya,Bedrooms: 3 | Bathrooms: 2,MEMBER,"Rs 29,000,000",3 days
https://ikman.lk/en/ad/kottawa-modern-two-storey-valuable-house-for-sale-for-sale-colombo-1,Kottawa Modern Two Storey Valuable House for Sale,Bedrooms: 4 | Bathrooms: 3,MEMBER,"Rs 45,000,000",3 days
https://ikman.lk/en/ad/luxury-house-for-sale-in-boralasgamuwa-for-sale-colombo-155,Luxury House For Sale in Boralasgamuwa,Bedrooms: 4 | Bathrooms: 5,MEMBER,"Rs 109,000,000",3 days
https://ikman.lk/en/ad/single-storey-house-for-sale-in-wellampitiya-for-sale-colombo-867,Single Storey House for Sale in Wellampitiya,Bedrooms: 2 | Bathrooms: 1,MEMBER,"Rs 9,000,000",3 days
https://ikman.lk/en/ad/single-storey-house-for-sale-in-wellampitiya-for-sale-colombo-866,Single Storey House for Sale in Wellampitiya,Bedrooms: 3 | Bathrooms: 2,MEMBER,"Rs 24,000,000",3 days
https://ikman.lk/en/ad/brand-new-single-storey-house-for-sale-in-wellampitiya-for-sale-colombo-34,Brand New Single Storey House for Sale in Wellampitiya,Bedrooms: 2 | Bathrooms: 2,MEMBER,"Rs 17,000,000",3 days
https://ikman.lk/en/ad/two-story-house-for-sale-in-rajagiriya-for-sale-colombo-129,Two Story House for Sale in Rajagiriya,Bedrooms: 4 | Bathrooms: 5,MEMBER,"Rs 60,000,000",3 days
https://ikman.lk/en/ad/house-with-land-for-sale-in-borella-colombo-08-for-sale-colombo-3,"House with Land for Sale in Borella, Colombo 08",Bedrooms: 4 | Bathrooms: 4,MEMBER,"Rs 95,000,000",3 days
https://ikman.lk/en/ad/two-story-house-for-sale-in-boralesgamuwa-for-sale-colombo-271,Two Story House for Sale in Boralesgamuwa,Bedrooms: 7 | Bathrooms: 6,MEMBER,"Rs 68,000,000",3 days
https://ikman.lk/en/ad/pannipitiya-valuable-two-storey-house-for-sale-for-sale-colombo,Pannipitiya Valuable Two Storey House for sale,Bedrooms: 3 | Bathrooms: 2,MEMBER,"Rs 36,000,000",3 days
https://ikman.lk/en/ad/modern-three-story-house-for-sale-in-battaramulla-for-sale-colombo-2,Modern Three Story House for Sale in Battaramulla,Bedrooms: 5 | Bathrooms: 4,MEMBER,"Rs 425,000,000",3 days
https://ikman.lk/en/ad/two-story-house-for-sale-in-kotte-for-sale-colombo-57,Two Story House for Sale in Kotte,Bedrooms: 4 | Bathrooms: 3,MEMBER,"Rs 87,500,000",3 days
https://ikman.lk/en/ad/4-bedroom-house-for-sale-gorakapitiya-for-sale-colombo,4 Bedroom House for Sale – Gorakapitiya,Bedrooms: 4 | Bathrooms: 3,MEMBER,"Rs 42,500,000",3 days
https://ikman.lk/en/ad/kottawa-diyagama-brand-new-single-stored-house-for-sale-for-sale-colombo-2,Kottawa Diyagama Brand New Single Stored House for Sale,Bedrooms: 3 | Bathrooms: 3,MEMBER,"Rs 21,500,000",3 days
https://ikman.lk/en/ad/luxury-3-storey-villa-type-house-in-malalasekara-place-col-7-for-sale-for-sale-colombo,Luxury 3 Storey Villa Type House in Malalasekara Place Col 7 For Sale,Bedrooms: 5 | Bathrooms: 5,,"Rs 285,000,000",3 days
https://ikman.lk/en/ad/three-storey-house-for-sale-in-piliyandala-for-sale-colombo-26,Three Storey House for Sale in Piliyandala,Bedrooms: 4 | Bathrooms: 3,MEMBER,"Rs 65,000,000",3 days
https://ikman.lk/en/ad/nviin-demhl-nivs-vikinniimtt-piliyandala-polgasowita-for-sale-colombo-2,නවීන දෙමහල් නිවස විකිණීමට Piliyandala Polgasowita,Bedrooms: 4 | Bathrooms: 3,MEMBER,"Rs 36,000,000",3 days
https://ikman.lk/en/ad/prcs-15-k-alutm-temhl-nivs-ikmnin-vikiniimtt-kaesbaaev-for-sale-colombo,පර්චස් 15 ක අලුත්ම තෙමහල් නිවස ඉක්මනින් විකිනීමට - කැස්බෑව,Bedrooms: 5 | Bathrooms: 4,MEMBER,"Rs 45,000,000",3 days
https://ikman.lk/en/ad/two-storey-house-for-sale-in-pannipitiya-for-sale-colombo-84,Two Storey House for Sale in Pannipitiya,Bedrooms: 5 | Bathrooms: 2,MEMBER,"Rs 45,000,000",3 days
https://ikman.lk/en/ad/prcs-195-k-demhl-nivs-ikmnin-vikiniimtt-pnnipittiy-for-sale-colombo,පර්චස් 19.5 ක දෙමහල් නිවස ඉක්මනින් විකිනීමට - පන්නිපිටිය,Bedrooms: 5 | Bathrooms: 2,MEMBER,"Rs 39,000,000",3 days
https://ikman.lk/en/ad/piliyandala-suwarapala-15-perch-house-for-sale-for-sale-colombo,Piliyandala Suwarapala 15 perch house for sale .,Bedrooms: 5 | Bathrooms: 3,,"Rs 39,500,000",3 days
https://ikman.lk/en/ad/ultra-luxury-furnished-house-for-sale-battaramulla-for-sale-colombo,Ultra Luxury Furnished House for Sale – Battaramulla,Bedrooms: 4 | Bathrooms: 4,MEMBER,"Rs 255,000,000",3 days
https://ikman.lk/en/ad/15-p-luxury-house-for-sale-in-battaramulla-for-sale-colombo,1.5 P luxury house for sale in Battaramulla,Bedrooms: 4 | Bathrooms: 3,MEMBER,"Rs 67,500,000",3 days
https://ikman.lk/en/ad/tnimhl-alutm-nivsk-aturugiriyen-for-sale-colombo-13,තනිමහල් අලුත්ම නිවසක් අතුරුගිරියෙන්,Bedrooms: 3 | Bathrooms: 2,MEMBER,"Rs 19,500,000",3 days
https://ikman.lk/en/ad/kollmbtt-nudurin-pdinciytt-alutm-nivsk-for-sale-colombo,කොළඹට නුදුරින් පදිංචියට අලුත්ම නිවසක්,Bedrooms: 3 | Bathrooms: 2,MEMBER,"Rs 17,500,000",3 days
https://ikman.lk/en/ad/upstairs-house-for-sale-athurugiriya-for-sale-colombo-1,Upstairs House For Sale Athurugiriya,Bedrooms: 4 | Bathrooms: 2,MEMBER,"Rs 24,500,000",3 days
https://ikman.lk/en/ad/homagama-brand-new-house-for-sale-for-sale-colombo,Homagama brand new house for sale .,Bedrooms: 3 | Bathrooms: 2,MEMBER,"Rs 17,500,000",3 days
https://ikman.lk/en/ad/single-house-for-sale-with-furniture-for-sale-colombo,Single House For Sale With Furniture,Bedrooms: 3 | Bathrooms: 2,MEMBER,"Rs 26,000,000",3 days
https://ikman.lk/en/ad/godagama-brand-new-house-for-sale-for-sale-colombo,Godagama Brand New House For sale .,Bedrooms: 3 | Bathrooms: 2,MEMBER,"Rs 17,500,000",3 days
https://ikman.lk/en/ad/all-luxury-facility-with-brand-new-house-in-malabe-for-sale-colombo-1,All Luxury Facility With Brand New House In Malabe,Bedrooms: 4 | Bathrooms: 3,MEMBER,"Rs 65,000,000",3 days
https://ikman.lk/en/ad/2-storied-houses-for-sale-in-mount-lavinia-ch1443-for-sale-colombo-7,2 Storied Houses For Sale In Mount Lavinia - CH1443,Bedrooms: 5 | Bathrooms: 3,MEMBER,"Rs 78,000,000",3 days
https://ikman.lk/en/ad/colombo-07-luxury-house-for-sale-in-prime-location-for-sale-colombo-6,Colombo 07 Luxury House For Sale In Prime Location,Bedrooms: 4 | Bathrooms: 4,MEMBER,"Rs 285,000,000",3 days
https://ikman.lk/en/ad/4-bedroom-house-for-sale-hokandara-for-sale-colombo-1,4 Bedroom House for Sale – Hokandara,Bedrooms: 4 | Bathrooms: 3,MEMBER,"Rs 53,500,000",3 days
https://ikman.lk/en/ad/luxury-multi-storey-residence-for-sale-halgahadeniya-for-sale-colombo,Luxury Multi-Storey Residence for Sale Halgahadeniya,Bedrooms: 4 | Bathrooms: 4,,"Rs 190,000,000",3 days
https://ikman.lk/en/ad/luxury-house-for-sale-pannipitiya-for-sale-colombo-9,Luxury House For Sale Pannipitiya,Bedrooms: 4 | Bathrooms: 4,MEMBER,"Rs 60,000,000",3 days
https://ikman.lk/en/ad/single-house-for-sale-rukmalgama-for-sale-colombo,Single House For Sale Rukmalgama,Bedrooms: 3 | Bathrooms: 2,MEMBER,"Rs 21,500,000",3 days
https://ikman.lk/en/ad/ethul-kotte-prime-location-luxury-house-for-sale-pita-for-sale-colombo-7,Ethul Kotte Prime Location Luxury House For Sale Pita,Bedrooms: 5 | Bathrooms: 4,MEMBER,"Rs 145,000,000",3 days
https://ikman.lk/en/ad/modern-brand-new-house-for-sale-piliyandala-for-sale-colombo-19,Modern Brand new house for sale Piliyandala,Bedrooms: 6 | Bathrooms: 5,MEMBER,"Rs 55,000,000",3 days
https://ikman.lk/en/ad/top-brand-new-house-for-sale-piliyandala-for-sale-colombo-1,Top Brand New House for Sale Piliyandala,Bedrooms: 6 | Bathrooms: 5,MEMBER,"Rs 55,000,000",3 days
https://ikman.lk/en/ad/furnished-solar-electricity-luxury-house-sale-nugegoda-kohuwala-for-sale-colombo-1,Furnished Solar Electricity Luxury House Sale Nugegoda Kohuwala,Bedrooms: 4 | Bathrooms: 4,,"Rs 120,000,000",3 days
https://ikman.lk/en/ad/fully-a-c-luxury-house-for-sale-battaramulla-for-sale-colombo-1,Fully A/ C Luxury House For Sale Battaramulla,Bedrooms: 4 | Bathrooms: 4,MEMBER,"Rs 255,000,000",3 days
https://ikman.lk/en/ad/single-storey-house-for-sale-in-pannipitiya-for-sale-colombo-11,Single Storey House for Sale in Pannipitiya,Bedrooms: 3 | Bathrooms: 2,MEMBER,"Rs 40,000,000",3 days
https://ikman.lk/en/ad/4br-house-with-paddy-field-view-erawwala-for-sale-colombo,4BR House with Paddy Field View – Erawwala,Bedrooms: 4 | Bathrooms: 3,MEMBER,"Rs 49,500,000",3 days
https://ikman.lk/en/ad/completed-brand-new-house-in-thalahena-battaramulla-for-sale-colombo,Completed Brand New House In Thalahena- Battaramulla,Bedrooms: 3 | Bathrooms: 3,MEMBER,"Rs 29,000,000",3 days
https://ikman.lk/en/ad/brand-new-house-sale-malabe-for-sale-colombo-83,Brand New House Sale Malabe,Bedrooms: 3 | Bathrooms: 3,MEMBER,"Rs 32,500,000",3 days
https://ikman.lk/en/ad/colombo-03-luxury-05br-house-for-sale-good-investment-property-for-sale-colombo-7,Colombo 03 luxury 05BR House for Sale Good Investment Property,Bedrooms: 5 | Bathrooms: 4,MEMBER,"Rs 290,000,000",3 days
https://ikman.lk/en/ad/2-storied-house-for-sale-in-mount-lavinia-ch1444-for-sale-colombo-22,2 Storied House for Sale in Mount Lavinia - CH1444,Bedrooms: 3 | Bathrooms: 3,MEMBER,"Rs 83,000,000",3 days
https://ikman.lk/en/ad/7-p-with-brand-new-house-sale-talawatugoda-for-sale-colombo-3,7 P With Brand New House Sale Talawatugoda,Bedrooms: 4 | Bathrooms: 3,MEMBER,"Rs 53,500,000",3 days
https://ikman.lk/en/ad/good-condition-upstairs-house-sale-talawatugoda-for-sale-colombo,Good Condition Upstairs House Sale Talawatugoda,Bedrooms: 5 | Bathrooms: 4,MEMBER,"Rs 145,000,000",3 days
https://ikman.lk/en/ad/mns-589-valuable-two-storey-house-sale-in-arawwala-for-sale-colombo,(MNS - 589) ​Valuable Two Storey House Sale In ​Arawwala,Bedrooms: 5 | Bathrooms: 2,MEMBER,"Rs 53,000,000",3 days
https://ikman.lk/en/ad/brand-new-two-storey-house-for-sale-in-piliyandala-kesbawa-for-sale-colombo-6,Brand New Two Storey House for Sale in Piliyandala Kesbawa,Bedrooms: 4 | Bathrooms: 2,MEMBER,"Rs 34,500,000",3 days
https://ikman.lk/en/ad/architecture-designed-3-storey-house-for-sale-in-battaramulla-for-sale-colombo,Architecture Designed 3 Storey House for Sale in Battaramulla,Bedrooms: 5 | Bathrooms: 5,MEMBER,"Rs 175,000,000",3 days
https://ikman.lk/en/ad/brand-new-luxury-2-storey-house-for-sale-in-battaramulla-for-sale-colombo,Brand New Luxury 2 Storey House for Sale in Battaramulla,Bedrooms: 3 | Bathrooms: 3,MEMBER,"Rs 68,500,000",3 days
https://ikman.lk/en/ad/newly-build-luxury-three-storey-house-for-sale-in-kesbewa-for-sale-colombo,Newly Build Luxury Three Storey House for Sale in Kesbewa,Bedrooms: 3 | Bathrooms: 3,MEMBER,"Rs 43,000,000",3 days
https://ikman.lk/en/ad/paddy-field-facing-3-storey-house-for-sale-in-kottawa-for-sale-colombo,Paddy Field Facing 3 Storey House for Sale in Kottawa,Bedrooms: 4 | Bathrooms: 4,MEMBER,"Rs 85,000,000",3 days
https://ikman.lk/en/ad/fully-furnished-brand-new-3-story-house-for-sale-in-pelawatta-for-sale-colombo,Fully Furnished Brand New 3 Story House For Sale In Pelawatta,Bedrooms: 4 | Bathrooms: 4,MEMBER,"Rs 255,000,000",3 days
https://ikman.lk/en/ad/architecture-designed-luxury-three-story-house-for-sale-in-piliyandala-for-sale-colombo-6,Architecture Designed Luxury Three Story House For Sale In Piliyandala,Bedrooms: 4 | Bathrooms: 4,MEMBER,"Rs 62,500,000",3 days
https://ikman.lk/en/ad/brand-new-modern-house-for-sale-in-piliyandala-kahathuduwa-for-sale-colombo-21,Brand New Modern House for sale in Piliyandala Kahathuduwa,Bedrooms: 3 | Bathrooms: 2,MEMBER,"Rs 26,000,000",3 days
https://ikman.lk/en/ad/architecture-designed-luxury-3-storey-house-for-sale-in-thalawathugoda-for-sale-colombo,Architecture Designed Luxury 3 Storey House for Sale in Thalawathugoda,Bedrooms: 5 | Bathrooms: 5,MEMBER,"Rs 79,000,000",3 days
https://ikman.lk/en/ad/architecture-designed-luxury-3-storey-house-for-sale-in-katubedda-for-sale-colombo,Architecture Designed Luxury 3 Storey House for Sale in Katubedda,Bedrooms: 4 | Bathrooms: 4,MEMBER,"Rs 68,500,000",3 days
https://ikman.lk/en/ad/modern-designed-luxury-3-storey-house-for-sale-in-thalawathugoda-for-sale-colombo,Modern Designed Luxury 3 Storey House for Sale in Thalawathugoda,Bedrooms: 4 | Bathrooms: 4,MEMBER,"Rs 69,000,000",3 days
https://ikman.lk/en/ad/elegantly-designed-luxury-2-story-6br-house-for-sale-in-nugegoda-for-sale-colombo-1,Elegantly Designed Luxury 2-Story 6BR House For Sale In Nugegoda,Bedrooms: 6 | Bathrooms: 3,MEMBER,"Rs 175,000,000",3 days
https://ikman.lk/en/ad/modern-4br-house-for-sale-kesbewa-for-sale-colombo,Modern 4BR House for Sale – Kesbewa,Bedrooms: 4 | Bathrooms: 2,MEMBER,"Rs 34,500,000",3 days
https://ikman.lk/en/ad/architecturally-designed-luxury-house-for-sale-in-pita-kotte-for-sale-colombo,Architecturally Designed Luxury House For Sale In Pita Kotte,Bedrooms: 5 | Bathrooms: 5,MEMBER,"Rs 220,000,000",3 days
https://ikman.lk/en/ad/modern-designed-luxury-2-story-house-for-sale-in-thalawathugoda-for-sale-colombo-11,Modern Designed Luxury 2 Story House For Sale In Thalawathugoda,Bedrooms: 4 | Bathrooms: 4,MEMBER,"Rs 68,500,000",3 days
https://ikman.lk/en/ad/newly-built-luxury-2-storey-house-for-sale-in-piliyandala-miriswatta-for-sale-colombo-11,Newly Built Luxury 2-Storey House for Sale in Piliyandala Miriswatta,Bedrooms: 4 | Bathrooms: 3,MEMBER,"Rs 42,500,000",3 days
https://ikman.lk/en/ad/brand-new-3-storey-house-for-sale-in-jayaliyagama-kottawa-for-sale-colombo,"Brand New 3 Storey House for Sale in Jayaliyagama, Kottawa",Bedrooms: 4 | Bathrooms: 2,MEMBER,"Rs 31,500,000",3 days
https://ikman.lk/en/ad/modern-designed-luxury-house-for-sale-in-piliyandala-for-sale-colombo-4,Modern Designed Luxury House For Sale In Piliyandala,Bedrooms: 4 | Bathrooms: 3,MEMBER,"Rs 45,000,000",3 days
https://ikman.lk/en/ad/brand-new-luxury-3-storey-house-for-sale-in-piliyandala-for-sale-colombo-2,Brand New Luxury 3 Storey House for Sale in Piliyandala,Bedrooms: 5 | Bathrooms: 4,MEMBER,"Rs 60,000,000",3 days
https://ikman.lk/en/ad/paddy-field-facing-luxury-two-storey-house-for-sale-in-homagama-for-sale-colombo,Paddy Field Facing Luxury Two Storey House for Sale in Homagama,Bedrooms: 4 | Bathrooms: 3,MEMBER,"Rs 39,500,000",3 days
https://ikman.lk/en/ad/newly-build-luxury-three-storey-house-for-sale-in-boralesgamuwa-for-sale-colombo-1,Newly Build Luxury Three Storey House for Sale in Boralesgamuwa,Bedrooms: 4 | Bathrooms: 4,MEMBER,"Rs 62,500,000",3 days
https://ikman.lk/en/ad/brand-new-full-fill-house-sale-malabe-for-sale-colombo,Brand New Full Fill House Sale Malabe,Bedrooms: 3 | Bathrooms: 3,MEMBER,"Rs 29,000,000",3 days
https://ikman.lk/en/ad/4-bedrooms-house-for-sale-in-homagama-meegoda-for-sale-colombo-1,4 Bedrooms House for sale in Homagama Meegoda,Bedrooms: 4 | Bathrooms: 2,MEMBER,"Rs 19,200,000",3 days
https://ikman.lk/en/ad/super-upstairs-house-sale-malabe-for-sale-colombo,Super Upstairs House Sale Malabe,Bedrooms: 3 | Bathrooms: 2,MEMBER,"Rs 35,000,000",3 days
https://ikman.lk/en/ad/architecture-designed-luxury-house-for-sale-in-kaduwela-for-sale-colombo,Architecture Designed Luxury House For Sale In Kaduwela,Bedrooms: 3 | Bathrooms: 2,MEMBER,"Rs 28,500,000",3 days
https://ikman.lk/en/ad/super-luxury-3-storey-house-for-sale-in-kottawa-mattegoda-for-sale-colombo-9,Super Luxury 3 Storey House For Sale In Kottawa Mattegoda,Bedrooms: 3 | Bathrooms: 3,MEMBER,"Rs 45,000,000",3 days
https://ikman.lk/en/ad/4-bedroom-house-for-sale-werahera-boralesgamuwa-for-sale-colombo,"4 Bedroom House for Sale – Werahera, Boralesgamuwa",Bedrooms: 4 | Bathrooms: 4,MEMBER,"Rs 65,000,000",3 days
https://ikman.lk/en/ad/single-storey-house-for-sale-in-katubedda-moratuwa-for-sale-colombo-4,"Single Storey House for Sale in Katubedda, Moratuwa",Bedrooms: 3 | Bathrooms: 3,MEMBER,"Rs 42,000,000",3 days
https://ikman.lk/en/ad/2-story-house-for-sale-in-nugegoda-ch1617-for-sale-colombo-22,2 Story House For Sale In Nugegoda - CH1617,Bedrooms: 4 | Bathrooms: 3,MEMBER,"Rs 78,000,000",3 days
https://ikman.lk/en/ad/single-storey-house-for-sale-in-kottawa-for-sale-colombo-10,Single Storey House for Sale in Kottawa,Bedrooms: 3 | Bathrooms: 2,MEMBER,"Rs 38,000,000",3 days
https://ikman.lk/en/ad/house-and-factory-for-sale-colombo,House for Sale in Piliyandala,Bedrooms: 3 | Bathrooms: 2,,"Rs 48,000,000",3 days
https://ikman.lk/en/ad/three-storey-house-for-sale-in-kesbewa-for-sale-colombo-3,Three Storey House for Sale in Kesbewa,Bedrooms: 4 | Bathrooms: 4,MEMBER,"Rs 38,000,000",3 days
https://ikman.lk/en/ad/brand-new-super-luxury-house-for-sale-in-piliyandala-kesbewa-for-sale-colombo-18,Brand New Super Luxury House For Sale In Piliyandala Kesbewa,Bedrooms: 4 | Bathrooms: 3,MEMBER,"Rs 105,000,000",3 days
https://ikman.lk/en/ad/brand-new-super-luxury-house-with-pool-for-sale-in-kottawa-mattegoda-for-sale-colombo-32,Brand New Super Luxury House With Pool For Sale In Kottawa Mattegoda,Bedrooms: 5 | Bathrooms: 6,MEMBER,"Rs 75,000,000",3 days
https://ikman.lk/en/ad/4br-home-with-rooftop-for-sale-malabe-for-sale-colombo,4BR Home with Rooftop for Sale – Malabe,Bedrooms: 4 | Bathrooms: 3,MEMBER,"Rs 35,000,000",3 days
https://ikman.lk/en/ad/brand-new-single-story-house-for-sale-in-athurugiriya-for-sale-colombo-256,Brand New Single Story House For Sale In Athurugiriya,Bedrooms: 3 | Bathrooms: 3,MEMBER,"Rs 28,500,000",3 days
https://ikman.lk/en/ad/100-perch-super-luxury-spacious-house-with-land-for-sale-in-homagama-for-sale-colombo-49,100 Perch Super Luxury Spacious House With Land For Sale In Homagama,Bedrooms: 5 | Bathrooms: 5,MEMBER,"Rs 300,000,000",3 days
https://ikman.lk/en/ad/two-storey-house-for-sale-in-colombo-04-for-sale-colombo-8,Two Storey House For Sale In Colombo 04,Bedrooms: 5 | Bathrooms: 3,MEMBER,"Rs 70,000,000",3 days
https://ikman.lk/en/ad/thalawathugoda-modern-house-for-sale-for-sale-colombo-4,thalawathugoda modern house for sale,Bedrooms: 4 | Bathrooms: 3,MEMBER,"Rs 53,500,000",3 days
https://ikman.lk/en/ad/battaramulla-wickramasinghapura-luxurious-house-for-sale-for-sale-colombo-2,Battaramulla Wickramasinghapura Luxurious House for Sale,Bedrooms: 4 | Bathrooms: 3,MEMBER,"Rs 67,500,000",3 days
https://ikman.lk/en/ad/newly-built-two-storied-house-for-sale-in-colombo-03-for-sale-colombo-4,Newly Built Two Storied House For Sale In Colombo 03,Bedrooms: 2 | Bathrooms: 1,MEMBER,"Rs 17,000,000",3 days
https://ikman.lk/en/ad/single-storied-house-for-sale-in-dehiwala-for-sale-colombo-12,Single Storied House For Sale In Dehiwala,Bedrooms: 5 | Bathrooms: 3,MEMBER,"Rs 150,000,000",3 days
https://ikman.lk/en/ad/house-for-sale-in-dehiwala-for-sale-colombo-3478,House for Sale in Dehiwala,Bedrooms: 2 | Bathrooms: 1,MEMBER,"Rs 17,800,000",3 days
https://ikman.lk/en/ad/beautiful-brand-new-house-sale-athurugiriya-for-sale-colombo-46,Beautiful Brand New house Sale Athurugiriya,Bedrooms: 3 | Bathrooms: 2,MEMBER,"Rs 28,500,000",3 days
https://ikman.lk/en/ad/luxury-house-for-sale-in-battaramulla-for-sale-colombo-573,Luxury House for sale in Battaramulla,Bedrooms: 5 | Bathrooms: 4,MEMBER,"Rs 425,000,000",3 days
https://ikman.lk/en/ad/luxury-house-for-sale-in-thalawathugoda-for-sale-colombo-537,Luxury House for sale in Thalawathugoda,Bedrooms: 4 | Bathrooms: 4,MEMBER,"Rs 125,000,000",3 days
https://ikman.lk/en/ad/house-for-sale-in-colombo-08-for-sale-colombo-72,House for sale in Colombo 08,Bedrooms: 2 | Bathrooms: 2,MEMBER,"Rs 310,000,000",3 days
https://ikman.lk/en/ad/full-fill-brand-new-house-sale-athurugiriya-for-sale-colombo-29,Full Fill Brand New House Sale Athurugiriya,Bedrooms: 4 | Bathrooms: 4,MEMBER,"Rs 4,500,000",3 days
https://ikman.lk/en/ad/luxury-house-for-sale-in-battaramulla-for-sale-colombo-574,Luxury House for sale in Battaramulla,Bedrooms: 6 | Bathrooms: 7,MEMBER,"Rs 450,000,000",3 days
https://ikman.lk/en/ad/house-for-sale-in-colombo-06-for-sale-colombo-137,House for sale in Colombo 06,Bedrooms: 4 | Bathrooms: 2,MEMBER,"Rs 225,000,000",3 days
https://ikman.lk/en/ad/house-for-sale-in-colombo-07-for-sale-colombo-77,House for sale in Colombo 07,Bedrooms: 4 | Bathrooms: 3,MEMBER,"Rs 670,000,000",3 days
https://ikman.lk/en/ad/luxury-house-for-sale-in-dehiwala-for-sale-colombo-243,Luxury House for sale in Dehiwala,Bedrooms: 4 | Bathrooms: 4,MEMBER,"Rs 178,000,000",3 days
https://ikman.lk/en/ad/house-for-sale-in-rathmalana-for-sale-colombo-533,House for Sale in Rathmalana,Bedrooms: 5 | Bathrooms: 3,MEMBER,"Rs 75,000,000",3 days
https://ikman.lk/en/ad/modern-house-for-sale-in-thalawathugoda-for-sale-colombo-927,modern house for sale in thalawathugoda,Bedrooms: 4 | Bathrooms: 3,MEMBER,"Rs 53,500,000",3 days
https://ikman.lk/en/ad/house-for-a-reasonable-value-piliyandala-madapatha-rd-kotegedara-junc-for-sale-colombo,House For a Reasonable Value - Piliyandala Madapatha Rd Kotegedara Junc,Bedrooms: 3 | Bathrooms: 1,MEMBER,"Rs 21,500,000",3 days
https://ikman.lk/en/ad/ultra-modern-brand-new-house-sale-talawatugoda-for-sale-colombo-11,Ultra Modern Brand New House Sale Talawatugoda,Bedrooms: 4 | Bathrooms: 4,MEMBER,"Rs 69,500,000",3 days
https://ikman.lk/en/ad/house-for-sale-brand-new-for-sale-colombo-3,House For - Sale Brand New,Bedrooms: 3 | Bathrooms: 2,MEMBER,"Rs 17,500,000",3 days
https://ikman.lk/en/ad/brand-new-super-luxury-house-for-sale-in-boralesgamuwa-town-for-sale-colombo-137,Brand New Super Luxury House For Sale In Boralesgamuwa Town,Bedrooms: 5 | Bathrooms: 4,MEMBER,"Rs 68,500,000",3 days
https://ikman.lk/en/ad/brand-new-luxury-house-for-sale-for-sale-colombo-478,Brand new luxury house for sale .,Bedrooms: 3 | Bathrooms: 2,MEMBER,"Rs 17,500,000",3 days
https://ikman.lk/en/ad/single-storied-4-bed-with-brand-new-house-in-homagama-for-sale-colombo,Single Storied 4 Bed with Brand new House In Homagama,Bedrooms: 4 | Bathrooms: 2,MEMBER,"Rs 19,200,000",3 days
https://ikman.lk/en/ad/3-storied-house-separate-units-pamunuwa-maharagama-for-sale-colombo,3 Storied House - Separate Units Pamunuwa Maharagama,Bedrooms: 8 | Bathrooms: 6,MEMBER,"Rs 45,000,000",3 days
https://ikman.lk/en/ad/9-bedroom-3-storey-house-for-sale-in-kottawa-mattegoda-for-sale-colombo-2,9-Bedroom 3-Storey House For Sale In Kottawa Mattegoda,Bedrooms: 9 | Bathrooms: 4,MEMBER,"Rs 36,000,000",3 days
https://ikman.lk/en/ad/completed-brand-new-house-sale-wataraka-homagama-for-sale-colombo,Completed Brand New House Sale Wataraka - Homagama,Bedrooms: 3 | Bathrooms: 2,MEMBER,"Rs 16,700,000",3 days
https://ikman.lk/en/ad/nidn-kaamr-3k-angsmpurnn-nivs-vikiniimtt-piliyandala-kesbawa-for-sale-colombo-2,නිදන කාමර 3ක අංගසම්පුර්ණ නිවස විකිනීමට Piliyandala Kesbawa,Bedrooms: 3 | Bathrooms: 2,MEMBER,"Rs 22,500,000",3 days
https://ikman.lk/en/ad/single-storied-good-house-sale-athurugiriya-for-sale-colombo,Single Storied Good House Sale Athurugiriya,Bedrooms: 3 | Bathrooms: 2,MEMBER,"Rs 18,000,000",3 days
https://ikman.lk/en/ad/brand-new-super-luxury-4br-house-for-sale-in-thalawathugoda-hokandara-for-sale-colombo-2,Brand New Super Luxury 4BR House For Sale In Thalawathugoda Hokandara,Bedrooms: 4 | Bathrooms: 3,MEMBER,"Rs 55,000,000",3 days
https://ikman.lk/en/ad/super-luxury-furnished-fully-ac-house-for-sale-rajagiriya-gothatuwa-for-sale-colombo-50,Super Luxury Furnished Fully AC House For Sale Rajagiriya Gothatuwa,Bedrooms: 7 | Bathrooms: 5,MEMBER,"Rs 400,000,000",3 days
https://ikman.lk/en/ad/all-completed-brand-new-house-sale-athurugiriya-for-sale-colombo-60,All Completed Brand New House Sale Athurugiriya,Bedrooms: 3 | Bathrooms: 2,MEMBER,"Rs 27,500,000",3 days
https://ikman.lk/en/ad/brand-new-super-luxury-house-for-sale-in-pannipitiya-near-a-paddy-field-for-sale-colombo-6,Brand New Super Luxury House For Sale In Pannipitiya Near A Paddy Field,Bedrooms: 4 | Bathrooms: 4,MEMBER,"Rs 51,500,000",3 days
https://ikman.lk/en/ad/19p-b-new-fully-a-c-luxury-furnished-6br-house-for-sale-in-battaramulla-for-sale-colombo-6,19P B/New Fully A/C Luxury Furnished 6BR House For Sale In Battaramulla,Bedrooms: 6 | Bathrooms: 7,MEMBER,"Rs 450,000,000",3 days
https://ikman.lk/en/ad/single-storied-brand-new-house-in-athurugiriya-for-sale-colombo-45,Single Storied Brand New House In Athurugiriya,Bedrooms: 3 | Bathrooms: 3,MEMBER,"Rs 31,500,000",3 days
https://ikman.lk/en/ad/brand-new-luxury-modern-home-for-sale-in-kesbewa-for-sale-colombo-8,Brand New Luxury Modern Home for Sale in Kesbewa,Bedrooms: 4 | Bathrooms: 3,MEMBER,"Rs 44,000,000",3 days
https://ikman.lk/en/ad/luxury-modern-4-bedroom-house-for-sale-in-mattegoda-for-sale-colombo-19,Luxury Modern 4-Bedroom House for Sale in Mattegoda,Bedrooms: 4 | Bathrooms: 3,MEMBER,"Rs 45,000,000",3 days
https://ikman.lk/en/ad/12p-ultra-modern-super-luxury-b-new-house-for-sale-in-battaramulla-for-sale-colombo-5,12P Ultra Modern Super Luxury B/New House For Sale In Battaramulla,Bedrooms: 5 | Bathrooms: 3,MEMBER,"Rs 160,000,000",3 days
https://ikman.lk/en/ad/prime-residential-property-for-sale-hill-street-dehiwala-for-sale-colombo,"Prime Residential Property for Sale – Hill Street, Dehiwala",Bedrooms: 6 | Bathrooms: 5,MEMBER,"Rs 85,000,000",3 days
https://ikman.lk/en/ad/b-new-super-luxury-fully-a-c-house-for-sale-in-thalawathugoda-for-sale-colombo-27,B/New Super Luxury Fully A/C House For Sale In Thalawathugoda,Bedrooms: 4 | Bathrooms: 4,MEMBER,"Rs 68,500,000",3 days
https://ikman.lk/en/ad/b-new-175p-modern-super-luxury-house-for-sale-in-thalawatugoda-for-sale-colombo-42,B/New 17.5P Modern Super Luxury House For Sale In Thalawatugoda,Bedrooms: 4 | Bathrooms: 3,MEMBER,"Rs 125,000,000",3 days
https://ikman.lk/en/ad/modern-brand-new-house-in-athurugiriya-for-sale-colombo-6,Modern Brand New House In Athurugiriya,Bedrooms: 3 | Bathrooms: 2,MEMBER,"Rs 32,000,000",3 days
https://ikman.lk/en/ad/10-perches-unfurnished-house-for-sale-hl54200-kohuwala-for-sale-colombo,10 Perches - Unfurnished House for Sale HL54200 Kohuwala,Bedrooms: 4 | Bathrooms: 4,MEMBER,"Rs 160,000,000",3 days
https://ikman.lk/en/ad/luxury-brand-new-house-in-athurugiriya-for-sale-colombo-2,Luxury Brand New House In Athurugiriya,Bedrooms: 4 | Bathrooms: 3,MEMBER,"Rs 47,500,000",3 days
https://ikman.lk/en/ad/brand-new-luxury-house-for-sale-nugegoda-delkanda-for-sale-colombo-377,"Brand New Luxury House For Sale - Nugegoda, Delkanda",Bedrooms: 5 | Bathrooms: 3,MEMBER,"Rs 53,000,000",3 days
https://ikman.lk/en/ad/well-build-house-sale-malabe-for-sale-colombo-22,Well Build House Sale Malabe,Bedrooms: 3 | Bathrooms: 3,MEMBER,"Rs 26,500,000",3 days
https://ikman.lk/en/ad/brand-new-luxury-three-bedrooms-house-for-sale-for-sale-colombo-3,Brand new luxury three bedrooms house for sale,Bedrooms: 3 | Bathrooms: 2,MEMBER,"Rs 17,500,000",3 days
https://ikman.lk/en/ad/all-completed-brand-new-house-in-malabe-for-sale-colombo-36,All Completed Brand New House In Malabe,Bedrooms: 3 | Bathrooms: 3,MEMBER,"Rs 34,000,000",3 days
https://ikman.lk/en/ad/modern-luxury-house-for-sale-in-moratuwa-for-sale-colombo-2,modern luxury house for sale in moratuwa,Bedrooms: 4 | Bathrooms: 3,MEMBER,"Rs 68,500,000",3 days
https://ikman.lk/en/ad/kalubowila-luxury-house-for-sale-for-sale-colombo-3,Kalubowila Luxury House for Sale,Bedrooms: 4 | Bathrooms: 3,MEMBER,"Rs 95,000,000",3 days
https://ikman.lk/en/ad/mttegodd-pihitti-prcs-168-k-alnkaar-nivs-ikmnin-vikiniimtt-for-sale-colombo-1,මත්තෙගොඩ පිහිටි පර්චස් 16.8 ක අලංකාර නිවස ඉක්මනින් විකිනීමට,Bedrooms: 5 | Bathrooms: 3,MEMBER,"Rs 37,000,000",3 days
https://ikman.lk/en/ad/alnkaar-gevttk-shit-sukoopboogii-tnimhl-nivs-vikiniimtt-mttegodd-for-sale-colombo,අලංකාර ගෙවත්තක් සහිත සුකෝපබෝගී තනිමහල් නිවස විකිනීමට - මත්තෙගොඩ,Bedrooms: 5 | Bathrooms: 3,MEMBER,"Rs 37,000,000",3 days
https://ikman.lk/en/ad/elegance-house-for-sale-maharagama-with-furniture-for-sale-colombo,Elegance House for sale Maharagama With Furniture,Bedrooms: 4 | Bathrooms: 3,MEMBER,"Rs 55,000,000",3 days
https://ikman.lk/en/ad/brand-new-3-bedrooms-villa-for-sale-at-canterbury-golf-piliyandala-for-sale-colombo-1,Brand New 3 Bedrooms Villa for Sale at Canterbury Golf Piliyandala,Bedrooms: 3 | Bathrooms: 2,MEMBER,"Rs 47,500,000",3 days
https://ikman.lk/en/ad/alutinm-idikrn-ld-vttinaa-demhl-nivsk-kottttaaven-vikiniimttkk810-for-sale-colombo,අලුතින්ම ඉදිකරන ලද වටිනා දෙමහල් නිවසක් කොට්ටාවෙන් විකිනීමට(kk810),Bedrooms: 4 | Bathrooms: 2,MEMBER,"Rs 25,000,000",3 days
https://ikman.lk/en/ad/prcs-25-k-angsmpuurnn-demhl-nivs-vikiniimtt-attiddiy-for-sale-colombo,පර්චස් 25 ක අංගසම්පූර්ණ දෙමහල් නිවස විකිනීමට - අත්තිඩිය,Bedrooms: 5 | Bathrooms: 2,MEMBER,"Rs 110,000,000",3 days
https://ikman.lk/en/ad/grh-bhaanndd-smg-prcs-20-k-angsmpuurn-demhl-nivs-vikiniimtt-piliyndl-for-sale-colombo,ගෘහ භාණ්ඩ සමග පර්චස් 20 ක අංගසම්පූර්න දෙමහල් නිවස විකිනීමට - පිලියන්දල,Bedrooms: 6 | Bathrooms: 3,MEMBER,"Rs 32,500,000",3 days
https://ikman.lk/en/ad/prcs-10k-vttinaa-nivs-kottttaaven-vikiniimtt-for-sale-colombo,පර්චස් 10ක වටිනා නිවස කොට්ටාවෙන් විකිනීමට,Bedrooms: 3 | Bathrooms: 3,MEMBER,"Rs 25,000,000",3 days
https://ikman.lk/en/ad/beautiful-2-storey-house-for-sale-malabe-for-sale-colombo,Beautiful 2-Storey House for Sale – Malabe,Bedrooms: 4 | Bathrooms: 3,MEMBER,"Rs 30,000,000",3 days
https://ikman.lk/en/ad/alutinm-idikrn-ld-vttinaa-demhl-nivsk-kottttaaven-vikiniimttaha7810-for-sale-colombo,අලුතින්ම ඉදිකරන ලද වටිනා දෙමහල් නිවසක් කොට්ටාවෙන් විකිනීමට(Aha7810),Bedrooms: 4 | Bathrooms: 2,MEMBER,"Rs 29,500,000",3 days
https://ikman.lk/en/ad/solid-luxury-house-for-sale-in-kottawa-mattegoda-for-sale-colombo-18,Solid Luxury House for sale in Kottawa Mattegoda,Bedrooms: 5 | Bathrooms: 3,MEMBER,"Rs 45,000,000",3 days
https://ikman.lk/en/ad/vttinaa-temhl-nivsk-kottttaavenvikiniimttkneip290-for-sale-colombo,වටිනා තෙමහල් නිවසක් කොට්ටාවෙන්විකිනීමට(kneip290),Bedrooms: 4 | Bathrooms: 5,MEMBER,"Rs 31,000,000",3 days
https://ikman.lk/en/ad/10-perch-house-for-sale-parana-junction-athurugiriya-for-sale-colombo-1,"10 Perch House for Sale Parana Junction, Athurugiriya",Bedrooms: 4 | Bathrooms: 3,MEMBER,"Rs 29,800,000",3 days
https://ikman.lk/en/ad/brand-new-two-story-house-for-sale-in-piliyandala-madapatha-road-for-sale-colombo-10,Brand new Two Story House for sale in Piliyandala Madapatha Road,Bedrooms: 4 | Bathrooms: 3,MEMBER,"Rs 32,000,000",3 days
https://ikman.lk/en/ad/nidn-kaamr-3k-nviin-nivs-vikinniimttpiliyandala-polgasowita-for-sale-colombo-3,නිදන කාමර 3ක නවීන නිවස විකිණීමටPILIYANDALA POLGASOWITA,Bedrooms: 3 | Bathrooms: 2,MEMBER,"Rs 20,000,000",3 days
https://ikman.lk/en/ad/luxury-4-bedroom-modern-home-athurugiriya-for-sale-colombo-15,Luxury 4-Bedroom Modern Home Athurugiriya,Bedrooms: 4 | Bathrooms: 3,MEMBER,"Rs 43,000,000",3 days
https://ikman.lk/en/ad/brand-new-modern-single-storey-house-in-polgasowita-225-for-sale-colombo,Brand New Modern Single Storey House in Polgasowita 225,Bedrooms: 3 | Bathrooms: 3,MEMBER,"Rs 22,500,000",3 days
https://ikman.lk/en/ad/brand-new-two-storey-luxury-house-for-sale-in-kottawagii278-for-sale-colombo,Brand New Two Storey Luxury House for Sale In Kottawa(gii278),Bedrooms: 4 | Bathrooms: 3,MEMBER,"Rs 42,500,000",3 days
https://ikman.lk/en/ad/brand-new-spacious-beautiful-two-storey-house-in-gonapola-for-sale-colombo,Brand New Spacious Beautiful Two Storey House in Gonapola,Bedrooms: 4 | Bathrooms: 3,MEMBER,"Rs 31,500,000",3 days
https://ikman.lk/en/ad/mh444-three-storey-house-for-sale-in-malabe-for-sale-colombo-16,(MH444) Three Storey House for Sale in Malabe,Bedrooms: 4 | Bathrooms: 3,MEMBER,"Rs 35,000,000",3 days
https://ikman.lk/en/ad/velyaayktt-muhunlaa-pihitti-alutinm-idikrn-ld-demhl-nivs-vikiniimtt-and-8-for-sale-colombo,වෙල්‍යායකට මුහුන්ලා පිහිටි අලුතින්ම ඉදිකරන ලද දෙමහල් නිවස විකිනීමට(+#&8),Bedrooms: 4 | Bathrooms: 3,MEMBER,"Rs 49,500,000",3 days
https://ikman.lk/en/ad/velyaayktt-muhunlaa-pihitti-alutinm-idikrn-ld-demhl-nivs-vikiniimttheer2-for-sale-colombo,වෙල්‍යායකට මුහුන්ලා පිහිටි අලුතින්ම ඉදිකරන ලද දෙමහල් නිවස විකිනීමටheer2,Bedrooms: 4 | Bathrooms: 3,MEMBER,"Rs 49,500,000",3 days
https://ikman.lk/en/ad/velyaayktt-muhunlaa-pihitti-alutinm-idikrn-ld-demhl-nivs-vikiniimtthswee2-for-sale-colombo,වෙල්‍යායකට මුහුන්ලා පිහිටි අලුතින්ම ඉදිකරන ලද දෙමහල් නිවස විකිනීමටhswee2,Bedrooms: 4 | Bathrooms: 3,MEMBER,"Rs 49,500,000",3 days
https://ikman.lk/en/ad/sds-586-spacious-two-storey-house-sale-in-pitakotte-for-sale-colombo,(SDS - 586) Spacious Two Storey House Sale in Pitakotte,Bedrooms: 6 | Bathrooms: 5,MEMBER,"Rs 145,000,000",3 days
https://ikman.lk/en/ad/vttinaa-temhl-nivsk-mhrgm-ngryen-vikiniimtti6729pm-for-sale-colombo,වටිනා තෙමහල් නිවසක් මහරගම නගරයෙන් විකිනීමට(i6729pm),Bedrooms: 4 | Bathrooms: 3,MEMBER,"Rs 49,500,000",3 days
https://ikman.lk/en/ad/two-storey-4-bedrooms-house-for-sale-in-kahathuduwa-gonapola-for-sale-colombo-9,Two Storey 4 Bedrooms House for Sale in Kahathuduwa Gonapola,Bedrooms: 4 | Bathrooms: 2,MEMBER,"Rs 17,500,000",3 days
https://ikman.lk/en/ad/500m-to-maharagama-brand-new-three-storey-luxury-house-for-salej05mrii-for-sale-colombo,500m to Maharagama Brand New Three Storey Luxury House for Sale(j05#Mrii,Bedrooms: 4 | Bathrooms: 3,MEMBER,"Rs 69,500,000",3 days
https://ikman.lk/en/ad/alutm-nviin-demhl-nivsk-vikinniimtt-piliyndl-mddpaat-paaren-for-sale-colombo,අලුත්ම නවීන දෙමහල් නිවසක් විකිණීමට පිලියන්දල මඩපාත පාරෙන්,Bedrooms: 4 | Bathrooms: 2,MEMBER,"Rs 34,500,000",3 days
https://ikman.lk/en/ad/500m-to-maharagama-brand-new-three-storey-luxury-house-for-salejxzzmrii-for-sale-colombo,500m to Maharagama Brand New Three Storey Luxury House for Sale(jxzzMrii,Bedrooms: 4 | Bathrooms: 3,MEMBER,"Rs 69,500,000",3 days
https://ikman.lk/en/ad/brand-new-single-two-storey-house-for-sale-inn-mattegodanau29o1-for-sale-colombo,Brand New Single two storey house for sale inn Mattegoda((nau29o1,Bedrooms: 4 | Bathrooms: 4,MEMBER,"Rs 46,500,000",3 days
https://ikman.lk/en/ad/alnkaar-nviin-demhl-nivsk-vikinniimtt-kollmb-paartt-lgin-khtudduven-for-sale-colombo,අලංකාර නවීන දෙමහල් නිවසක් විකිණීමට කොළඹ පාරට ලගින් කහතුඩුවෙන්,Bedrooms: 4 | Bathrooms: 3,MEMBER,"Rs 36,000,000",3 days
https://ikman.lk/en/ad/6-bedroom-luxury-house-for-sale-at-nugegoda-em052ac-for-sale-colombo,6 Bedroom luxury House for Sale at Nugegoda (EM052AC),Bedrooms: 6 | Bathrooms: 6,MEMBER,"Rs 155,000,000",3 days
https://ikman.lk/en/ad/120-prdhaan-paartt-aasnnv-pihitti-alutm-nivsk-vikinniimtt-khtudduven-for-sale-colombo,120 ප්‍රධාන පාරට ආසන්නව පිහිටි අලුත්ම නිවසක් විකිණීමට කහතුඩුවෙන්,Bedrooms: 3 | Bathrooms: 2,MEMBER,"Rs 24,500,000",3 days
https://ikman.lk/en/ad/brand-new-two-storey-luxury-house-for-sale-in-kottawaap888-for-sale-colombo,Brand New Two Storey Luxury House for Sale In Kottawa(AP888),Bedrooms: 4 | Bathrooms: 3,MEMBER,"Rs 42,500,000",3 days
https://ikman.lk/en/ad/500m-to-maharagama-brand-new-three-storey-luxury-house-for-saleba782i-for-sale-colombo,500m to Maharagama Brand New Three Storey Luxury House for Sale(ba782i,Bedrooms: 4 | Bathrooms: 3,MEMBER,"Rs 69,500,000",3 days
https://ikman.lk/en/ad/brand-new-single-storey-house-for-sale-in-homagama-pitipana-for-sale-colombo,Brand New Single Storey House For Sale In Homagama Pitipana..,Bedrooms: 3 | Bathrooms: 2,MEMBER,"Rs 16,500,000",3 days
https://ikman.lk/en/ad/500m-to-maharagama-brand-new-three-storey-luxury-house-for-salejeerrrii-for-sale-colombo,500m to Maharagama Brand New Three Storey Luxury House for Sale(jeerrrii,Bedrooms: 4 | Bathrooms: 3,MEMBER,"Rs 69,500,000",3 days
https://ikman.lk/en/ad/brand-new-3-bedrooms-house-for-sale-in-piliyandala-madapatha-for-sale-colombo-6,BRAND NEW 3 BEDROOMS HOUSE FOR SALE IN PILIYANDALA MADAPATHA,Bedrooms: 3 | Bathrooms: 2,MEMBER,"Rs 23,500,000",3 days
https://ikman.lk/en/ad/brand-new-single-storey-luxury-house-for-sale-in-diyagamajb999-for-sale-colombo,Brand New Single Storey Luxury House for Sale In Diyagama(jb999),Bedrooms: 3 | Bathrooms: 2,MEMBER,"Rs 21,500,000",3 days
https://ikman.lk/en/ad/3-bedrooms-new-house-for-sale-in-homagama-godagama-for-sale-colombo-7,3 BEDROOMS NEW HOUSE FOR SALE IN HOMAGAMA GODAGAMA,Bedrooms: 3 | Bathrooms: 2,MEMBER,"Rs 21,500,000",3 days
https://ikman.lk/en/ad/brand-new-single-storey-quality-house-in-kiriwaththuduwa-for-sale-colombo,Brand New Single Storey Quality House in Kiriwaththuduwa,Bedrooms: 3 | Bathrooms: 2,MEMBER,"Rs 17,500,000",3 days
https://ikman.lk/en/ad/maharagama-3-storey-6br-solar-a-c-ultra-luxury-house-for-sale-for-sale-colombo,Maharagama 3 Storey 6BR Solar A/C Ultra Luxury House For Sale,Bedrooms: 6 | Bathrooms: 3,MEMBER,"Rs 59,900,000",3 days
https://ikman.lk/en/ad/brand-new-single-storey-luxury-house-for-sale-in-diyagamajuii8-for-sale-colombo,Brand New Single Storey Luxury House for Sale In Diyagama(juii8),Bedrooms: 3 | Bathrooms: 2,MEMBER,"Rs 21,500,000",3 days
https://ikman.lk/en/ad/brand-new-4-bedroom-house-for-sale-in-hokandara-thalawathugoda-and-c-c-8-for-sale-colombo,Brand New 4 bedroom House for Sale in Hokandara/Thalawathugoda(&$¢¢8),Bedrooms: 4 | Bathrooms: 3,MEMBER,"Rs 53,500,000",3 days
https://ikman.lk/en/ad/brand-new-completed-house-sale-athurugiriya-for-sale-colombo,Brand New Completed House Sale Athurugiriya,Bedrooms: 4 | Bathrooms: 3,MEMBER,"Rs 37,500,000",3 days
https://ikman.lk/en/ad/well-build-brand-new-super-house-sale-malabe-for-sale-colombo,Well Build Brand New Super House sale Malabe,Bedrooms: 3 | Bathrooms: 3,MEMBER,"Rs 28,500,000",3 days
https://ikman.lk/en/ad/all-completed-brand-new-box-house-in-malabe-for-sale-colombo,All Completed Brand New Box House In Malabe,Bedrooms: 3 | Bathrooms: 2,MEMBER,"Rs 26,500,000",3 days
https://ikman.lk/en/ad/two-storied-house-for-sale-talawatugoda-for-sale-colombo-16,Two Storied House For Sale Talawatugoda,Bedrooms: 4 | Bathrooms: 4,MEMBER,"Rs 48,000,000",3 days
https://ikman.lk/en/ad/house-for-sale-mattegoda-for-sale-colombo-21,House For Sale Mattegoda,Bedrooms: 4 | Bathrooms: 3,MEMBER,"Rs 31,500,000",3 days
https://ikman.lk/en/ad/brand-new-single-two-storey-house-for-sale-inn-mattegodappoi1-for-sale-colombo,Brand New Single two storey house for sale inn Mattegoda(ppoi1,Bedrooms: 4 | Bathrooms: 4,MEMBER,"Rs 46,500,000",3 days
https://ikman.lk/en/ad/newly-built-4-bedrooms-house-for-sale-in-piliyandala-kesbawa-for-sale-colombo-1,Newly Built 4 Bedrooms House for sale in Piliyandala Kesbawa,Bedrooms: 4 | Bathrooms: 2,MEMBER,"Rs 32,000,000",3 days
https://ikman.lk/en/ad/brand-new-4-bedroom-house-for-sale-in-hokandara-thalawathugodag7e898-for-sale-colombo,Brand New 4 bedroom House for Sale in Hokandara/Thalawathugoda(g7e898),Bedrooms: 4 | Bathrooms: 3,MEMBER,"Rs 53,500,000",3 days
https://ikman.lk/en/ad/brand-new-4-bedroom-house-for-sale-in-hokandara-thalawathugodai3788-for-sale-colombo,Brand New 4 bedroom House for Sale in Hokandara/Thalawathugoda(i3788),Bedrooms: 4 | Bathrooms: 3,MEMBER,"Rs 53,500,000",3 days
https://ikman.lk/en/ad/brand-new-single-storey-house-for-sale-in-kottawa-polgasowita-jvkkk-for-sale-colombo,Brand New Single Storey House for Sale in Kottawa Polgasowita (jvkkk),Bedrooms: 3 | Bathrooms: 2,MEMBER,"Rs 25,000,000",3 days
https://ikman.lk/en/ad/brand-new-single-storey-house-for-sale-in-kottawa-polgasowita-jha90209-for-sale-colombo,Brand New Single Storey House for Sale in Kottawa Polgasowita (jha90209),Bedrooms: 3 | Bathrooms: 2,MEMBER,"Rs 25,000,000",3 days
https://ikman.lk/en/ad/brand-new-single-storey-house-for-sale-in-kottawa-polgasowita-gw992008-for-sale-colombo,Brand New Single Storey House for Sale in Kottawa Polgasowita (gw992008),Bedrooms: 3 | Bathrooms: 2,MEMBER,"Rs 25,000,000",3 days
https://ikman.lk/en/ad/house-for-sale-colombo-15-for-sale-colombo-21,House For Sale Colombo 15,Bedrooms: 2 | Bathrooms: 1,,"Rs 9,000,000",3 days
https://ikman.lk/en/ad/newly-built-single-story-house-for-sale-in-polgasowita-for-sale-colombo,Newly Built Single Story House For Sale In Polgasowita,Bedrooms: 3 | Bathrooms: 3,MEMBER,"Rs 22,500,000",3 days
https://ikman.lk/en/ad/brand-new-single-storey-house-for-sale-in-kottawa-polgasowita-jv6719-for-sale-colombo,Brand New Single Storey House for Sale in Kottawa Polgasowita (jv6719),Bedrooms: 3 | Bathrooms: 2,MEMBER,"Rs 25,000,000",3 days
https://ikman.lk/en/ad/brand-new-single-story-house-for-sale-in-polgasowita-for-sale-colombo-2,Brand New Single Story House For Sale In Polgasowita,Bedrooms: 3 | Bathrooms: 2,MEMBER,"Rs 20,000,000",3 days
https://ikman.lk/en/ad/vttinaa-demhl-nivsk-kottttaav-rukmlgmin-vikiniimttap8292-for-sale-colombo,වටිනා දෙමහල් නිවසක් කොට්ටාව රුක්මල්ගමින් විකිනීමට(AP8292),Bedrooms: 3 | Bathrooms: 2,MEMBER,"Rs 27,500,000",3 days
https://ikman.lk/en/ad/10-perches-new-house-for-sale-in-piliyandala-for-sale-colombo-1,10 Perches New House for Sale in Piliyandala,Bedrooms: 3 | Bathrooms: 2,MEMBER,"Rs 17,000,000",3 days
https://ikman.lk/en/ad/beautiful-brand-new-2-story-house-for-sale-in-piliyandala-for-sale-colombo-1,Beautiful Brand New 2 Story House for Sale in Piliyandala,Bedrooms: 4 | Bathrooms: 3,MEMBER,"Rs 36,500,000",3 days
https://ikman.lk/en/ad/super-luxury-2-storey-house-for-sale-piliyandala-for-sale-colombo-1,Super Luxury 2 Storey House for Sale Piliyandala,Bedrooms: 3 | Bathrooms: 2,MEMBER,"Rs 33,000,000",3 days
https://ikman.lk/en/ad/piliyandala-batuwandara-new-house-for-sale-for-sale-colombo-1,Piliyandala Batuwandara New House for Sale,Bedrooms: 3 | Bathrooms: 2,MEMBER,"Rs 22,500,000",3 days
https://ikman.lk/en/ad/brand-new-condition-luxury-house-for-sale-piliyandala-for-sale-colombo-1,Brand New Condition Luxury House for Sale - Piliyandala,Bedrooms: 3 | Bathrooms: 2,MEMBER,"Rs 33,000,000",3 days
https://ikman.lk/en/ad/with-swimming-pool-brand-new-house-for-sale-in-piliyandala-town-for-sale-colombo-1,With Swimming Pool Brand New House for Sale in Piliyandala Town,Bedrooms: 5 | Bathrooms: 3,MEMBER,"Rs 62,500,000",3 days
https://ikman.lk/en/ad/vttinaa-demhl-nivs-punci-aturugiriyen-vikiniimttmai92029-for-sale-colombo,වටිනා දෙමහල් නිවස පුන්චි අතුරුගිරියෙන් විකිනීමට(mai92029),Bedrooms: 4 | Bathrooms: 3,MEMBER,"Rs 31,000,000",3 days
https://ikman.lk/en/ad/architectural-designed-house-for-sale-in-piliyandala-for-sale-colombo-2,Architectural Designed House for Sale in Piliyandala,Bedrooms: 3 | Bathrooms: 2,MEMBER,"Rs 25,000,000",3 days
https://ikman.lk/en/ad/piliyandala-kotagedara-junction-house-for-sale-for-sale-colombo,Piliyandala Kotagedara junction house for sale .,Bedrooms: 3 | Bathrooms: 1,,"Rs 17,000,000",3 days
https://ikman.lk/en/ad/brand-new-single-story-house-for-sale-in-jayaliyagama-for-sale-colombo,Brand New Single Story House For Sale In Jayaliyagama,Bedrooms: 3 | Bathrooms: 2,MEMBER,"Rs 20,000,000",3 days
https://ikman.lk/en/ad/vttinaa-demhl-nivsk-kottttaav-rukmlgmin-vikiniimttbw789a-for-sale-colombo,වටිනා දෙමහල් නිවසක් කොට්ටාව රුක්මල්ගමින් විකිනීමට(bw789a),Bedrooms: 3 | Bathrooms: 2,MEMBER,"Rs 27,500,000",3 days
https://ikman.lk/en/ad/in-piliyandala-town-luxury-brand-new-house-for-sale-for-sale-colombo-1,In Piliyandala Town Luxury Brand New House for Sale,Bedrooms: 5 | Bathrooms: 3,MEMBER,"Rs 62,500,000",3 days
https://ikman.lk/en/ad/house-for-sale-in-athurugiriya-for-sale-colombo-2805,House for sale in Athurugiriya,Bedrooms: 3 | Bathrooms: 1,,"Rs 31,500,000",3 days
https://ikman.lk/en/ad/spacious-brand-new-house-for-sale-in-piliyandala-for-sale-colombo-17,Spacious Brand New House for Sale in Piliyandala,Bedrooms: 5 | Bathrooms: 4,MEMBER,"Rs 39,500,000",3 days
https://ikman.lk/en/ad/attractive-house-in-highly-desirable-area-kottawa-for-sale-colombo,Attractive House in Highly Desirable Area Kottawa,Bedrooms: 5 | Bathrooms: 3,MEMBER,"Rs 65,000,000",3 days
https://ikman.lk/en/ad/in-piliyandala-town-luxury-house-for-sale-for-sale-colombo-1,In Piliyandala Town Luxury House for Sale,Bedrooms: 4 | Bathrooms: 3,MEMBER,"Rs 42,000,000",3 days
https://ikman.lk/en/ad/architectural-designed-house-for-sale-in-piliyandala-for-sale-colombo-3,Architectural Designed House for Sale in Piliyandala,Bedrooms: 5 | Bathrooms: 3,MEMBER,"Rs 45,000,000",3 days
https://ikman.lk/en/ad/brand-new-house-for-sale-in-piliyandala-for-sale-colombo-968,Brand New House for Sale in Piliyandala,Bedrooms: 3 | Bathrooms: 2,MEMBER,"Rs 24,500,000",3 days
https://ikman.lk/en/ad/mh461-brand-new-single-storey-house-for-sale-in-malabe-for-sale-colombo-23,(MH461) Brand New Single Storey House for Sale in Malabe,Bedrooms: 3 | Bathrooms: 2,MEMBER,"Rs 19,500,000",3 days
https://ikman.lk/en/ad/mh373-modern-luxury-house-for-sale-in-malabe-for-sale-colombo-16,(MH373) Modern Luxury House for Sale in Malabe,Bedrooms: 5 | Bathrooms: 4,MEMBER,"Rs 70,000,000",3 days
https://ikman.lk/en/ad/mh222-single-storey-house-for-sale-in-kaduwela-for-sale-colombo-17,(MH222) Single Storey House for Sale in Kaduwela,Bedrooms: 3 | Bathrooms: 2,MEMBER,"Rs 18,500,000",3 days
https://ikman.lk/en/ad/mh446-two-storey-house-for-sale-in-malabe-for-sale-colombo-15,(MH446) Two Storey House for Sale in Malabe,Bedrooms: 6 | Bathrooms: 4,MEMBER,"Rs 67,000,000",3 days
https://ikman.lk/en/ad/mh505-single-storey-house-for-sale-in-malabe-for-sale-colombo-2,(MH505) Single Storey House for Sale in Malabe,Bedrooms: 4 | Bathrooms: 2,MEMBER,"Rs 55,000,000",3 days
https://ikman.lk/en/ad/mh398-two-storey-house-for-sale-in-malabe-for-sale-colombo-16,(MH398) Two Storey House for Sale in Malabe,Bedrooms: 4 | Bathrooms: 3,MEMBER,"Rs 30,000,000",3 days
https://ikman.lk/en/ad/mh491-two-storey-house-for-sale-in-malabe-for-sale-colombo-14,(MH491) Two Storey House for Sale in Malabe,Bedrooms: 5 | Bathrooms: 3,MEMBER,"Rs 58,000,000",3 days
https://ikman.lk/en/ad/mh450-modern-luxury-three-storey-house-for-sale-in-athurugiriya-for-sale-colombo-20,(MH450) Modern Luxury Three Storey House for Sale in Athurugiriya,Bedrooms: 4 | Bathrooms: 3,MEMBER,"Rs 43,000,000",3 days
https://ikman.lk/en/ad/mh457-four-storey-house-for-sale-in-malabe-for-sale-colombo-18,(MH457) Four Storey House for Sale in Malabe,Bedrooms: 4 | Bathrooms: 4,MEMBER,"Rs 43,000,000",3 days
https://ikman.lk/en/ad/mh507-brand-new-single-storey-house-for-sale-in-athurugiriya-for-sale-colombo-2,(MH507) Brand New Single Storey House for Sale in Athurugiriya,Bedrooms: 3 | Bathrooms: 2,MEMBER,"Rs 28,500,000",3 days
https://ikman.lk/en/ad/mh321-two-storey-house-for-sale-in-moratuwa-for-sale-colombo-44,(MH321) Two Storey House for Sale in Moratuwa,Bedrooms: 4 | Bathrooms: 4,MEMBER,"Rs 55,000,000",3 days
https://ikman.lk/en/ad/mh131-house-with-land-for-sale-in-hokandara-land-value-only-for-sale-colombo-11,(MH131) House with Land for Sale in Hokandara (Land Value Only),Bedrooms: 4 | Bathrooms: 1,MEMBER,"Rs 32,500,000",3 days
https://ikman.lk/en/ad/mh295-single-storey-house-for-sale-in-kaduwela-for-sale-colombo-69,(MH295) Single Storey House for Sale in Kaduwela,Bedrooms: 4 | Bathrooms: 3,MEMBER,"Rs 39,500,000",3 days
https://ikman.lk/en/ad/mh377-brand-new-single-storey-house-for-sale-in-malabe-for-sale-colombo-13,(MH377) Brand New Single Storey House for Sale in Malabe,Bedrooms: 3 | Bathrooms: 2,MEMBER,"Rs 26,500,000",3 days
https://ikman.lk/en/ad/mh458-modern-two-storey-house-for-sale-in-arangala-malabe-for-sale-colombo-16,"(MH458) Modern Two Storey House for Sale in Arangala, Malabe",Bedrooms: 3 | Bathrooms: 3,MEMBER,"Rs 70,000,000",3 days
https://ikman.lk/en/ad/mh271-two-storey-house-for-sale-in-malabe-for-sale-colombo-53,(MH271) Two Storey House for Sale in Malabe,Bedrooms: 7 | Bathrooms: 5,MEMBER,"Rs 85,000,000",3 days
https://ikman.lk/en/ad/mh478-brand-new-single-storey-house-for-sale-in-athurugiriya-for-sale-colombo-16,(MH478) Brand New Single Storey House for Sale in Athurugiriya,Bedrooms: 3 | Bathrooms: 2,MEMBER,"Rs 31,500,000",3 days
https://ikman.lk/en/ad/mh497-brand-new-two-storey-house-for-sale-in-athurugiriya-for-sale-colombo-9,(MH497) Brand New Two Storey House for Sale in Athurugiriya,Bedrooms: 6 | Bathrooms: 6,MEMBER,"Rs 55,000,000",3 days
https://ikman.lk/en/ad/dh689-brand-new-three-storey-house-for-sale-in-kahathuduwa-for-sale-colombo-6,(DH689) Brand New Three Storey House for Sale in Kahathuduwa,Bedrooms: 5 | Bathrooms: 4,MEMBER,"Rs 49,500,000",3 days
https://ikman.lk/en/ad/dh569-two-storey-house-for-sale-in-homagama-for-sale-colombo-5,(DH569) Two Storey House for Sale in Homagama,Bedrooms: 3 | Bathrooms: 2,MEMBER,"Rs 19,500,000",3 days
https://ikman.lk/en/ad/piliyandala-madapatha-brand-new-house-for-sale-for-sale-colombo-1,Piliyandala Madapatha Brand New House for Sale,Bedrooms: 3 | Bathrooms: 2,MEMBER,"Rs 23,500,000",3 days
https://ikman.lk/en/ad/sh1504-three-storey-house-for-sale-in-r-gunarardhana-road-battaramulla-for-sale-colombo-7,(SH1504) Three Storey House for Sale in R Gunarardhana road Battaramulla,Bedrooms: 4 | Bathrooms: 4,MEMBER,"Rs 67,500,000",3 days
https://ikman.lk/en/ad/architectural-designed-brand-new-house-for-sale-in-piliyandala-for-sale-colombo-31,Architectural Designed Brand New House for Sale in Piliyandala,Bedrooms: 4 | Bathrooms: 2,MEMBER,"Rs 29,500,000",3 days
https://ikman.lk/en/ad/kottawa-sikuradapola-2-story-brand-new-house-for-sale-for-sale-colombo-1,Kottawa Sikuradapola 2 Story Brand New House for Sale,Bedrooms: 4 | Bathrooms: 3,MEMBER,"Rs 47,000,000",3 days
https://ikman.lk/en/ad/architectural-designed-brand-new-house-for-sale-in-piliyandala-for-sale-colombo-32,Architectural Designed Brand New House for Sale in Piliyandala,Bedrooms: 4 | Bathrooms: 3,MEMBER,"Rs 47,000,000",3 days
https://ikman.lk/en/ad/house-for-sale-millennium-city-athurugiriya-for-sale-colombo-2,"House for Sale - Millennium City, Athurugiriya",Bedrooms: 2 | Bathrooms: 2,,"Rs 12,500,000",3 days
https://ikman.lk/en/ad/architectural-designed-brand-new-house-for-sale-in-piliyandala-for-sale-colombo-33,Architectural Designed Brand New House for Sale in Piliyandala,Bedrooms: 3 | Bathrooms: 2,MEMBER,"Rs 20,000,000",3 days
https://ikman.lk/en/ad/property-for-sale-kesbawa-for-sale-colombo,property for sale kesbawa,Bedrooms: 3 | Bathrooms: 2,MEMBER,"Rs 25,000,000",3 days
https://ikman.lk/en/ad/beautiful-brand-new-house-for-sale-in-kottawa-for-sale-colombo-1,Beautiful Brand New House for Sale in Kottawa,Bedrooms: 3 | Bathrooms: 2,MEMBER,"Rs 20,000,000",3 days
https://ikman.lk/en/ad/new-house-for-sale-in-kesbawa-for-sale-colombo-3,new house for sale in kesbawa,Bedrooms: 3 | Bathrooms: 2,MEMBER,"Rs 25,000,000",3 days
https://ikman.lk/en/ad/single-story-brand-new-house-for-sale-in-piliyandala-for-sale-colombo-37,Single Story Brand New House for Sale in Piliyandala,Bedrooms: 3 | Bathrooms: 2,MEMBER,"Rs 20,000,000",3 days
https://ikman.lk/en/ad/modern-house-for-sale-in-kottawa-for-sale-colombo-148,modern house for sale in kottawa,Bedrooms: 4 | Bathrooms: 3,MEMBER,"Rs 42,500,000",3 days
https://ikman.lk/en/ad/luxury-property-for-sale-in-kottawa-for-sale-colombo-4,luxury property for sale in kottawa,Bedrooms: 4 | Bathrooms: 3,MEMBER,"Rs 42,500,000",3 days
https://ikman.lk/en/ad/luxury-property-for-sale-in-kottawa-for-sale-colombo-3,luxury property for sale in kottawa,Bedrooms: 4 | Bathrooms: 3,MEMBER,"Rs 42,500,000",3 days
https://ikman.lk/en/ad/brand-new-single-storey-house-for-sale-in-athurugiriya-for-sale-colombo-77,Brand New Single Storey House for sale in Athurugiriya,Bedrooms: 3 | Bathrooms: 2,,"Rs 32,500,000",3 days
https://ikman.lk/en/ad/thalawathugoda-beautiful-luxury-house-for-sale-for-sale-colombo-1,thalawathugoda Beautiful luxury house for sale,Bedrooms: 4 | Bathrooms: 3,MEMBER,"Rs 53,500,000",3 days
https://ikman.lk/en/ad/luxury-modern-house-for-sale-in-dehiwala-for-sale-colombo-2,luxury modern house for sale in dehiwala,Bedrooms: 5 | Bathrooms: 5,MEMBER,"Rs 85,000,000",3 days
https://ikman.lk/en/ad/15-p-valuable-house-for-sale-in-colombo-6-for-sale-colombo,15 P valuable house for sale in colombo 6,Bedrooms: 4 | Bathrooms: 4,MEMBER,"Rs 225,000,000",3 days
https://ikman.lk/en/ad/super-house-for-sale-in-battaramulla-with-furnitured-for-sale-colombo,super house for sale in battaramulla with furnitured,Bedrooms: 5 | Bathrooms: 4,MEMBER,"Rs 255,000,000",3 days
https://ikman.lk/en/ad/prestigious-house-for-sale-nugegoda-for-sale-colombo-7,Prestigious House for Sale Nugegoda,Bedrooms: 10 | Bathrooms: 5,MEMBER,"Rs 65,000,000",3 days
https://ikman.lk/en/ad/premium-house-for-dehiwala-for-sale-colombo,Premium House for Dehiwala,Bedrooms: 3 | Bathrooms: 2,MEMBER,"Rs 42,000,000",3 days
https://ikman.lk/en/ad/house-for-sale-dehiwela-nedimala-for-sale-colombo-3,House for Sale Dehiwela Nedimala,Bedrooms: 5 | Bathrooms: 3,,"Rs 40,000,000",3 days
https://ikman.lk/en/ad/4-bedroom-3-bathroom-house-for-sale-piliyandala-for-sale-colombo-2,4 Bedroom 3 Bathroom House for Sale Piliyandala,Bedrooms: 4 | Bathrooms: 3,MEMBER,"Rs 44,000,000",3 days
https://ikman.lk/en/ad/prestigious-single-story-house-for-sale-pannipitiya-for-sale-colombo-1,Prestigious Single Story House for Sale Pannipitiya,Bedrooms: 3 | Bathrooms: 2,MEMBER,"Rs 22,500,000",3 days
https://ikman.lk/en/ad/nawala-luxury-villa-for-sale-for-sale-colombo,Nawala - Luxury Villa for sale,Bedrooms: 5 | Bathrooms: 5,MEMBER,"Rs 200,000,000",3 days
https://ikman.lk/en/ad/kottawa-brand-new-house-for-sale-for-sale-colombo,Kottawa - Brand New House for sale,Bedrooms: 4 | Bathrooms: 3,MEMBER,"Rs 47,000,000",4 days
https://ikman.lk/en/ad/kalubowila-2-storied-house-for-sale-60m-481p-2200sqft-for-sale-colombo,Kalubowila 2 storied house for sale 60m 4.81p 2200sqft,Bedrooms: 4 | Bathrooms: 3,MEMBER,"Rs 60,000,000",4 days
https://ikman.lk/en/ad/nugegoda-luxury-house-for-sale-for-sale-colombo-16,Nugegoda - Luxury House for sale,Bedrooms: 4 | Bathrooms: 3,MEMBER,"Rs 88,000,000",4 days
https://ikman.lk/en/ad/colombo-06-bed-room-house-on-1270-perches-of-land-for-sale-for-sale-colombo-3,Colombo 06 - Bed Room House on 12.70 Perches of Land for Sale,Bedrooms: 6 | Bathrooms: 6,MEMBER,"Rs 152,000,000",4 days
https://ikman.lk/en/ad/two-stories-house-for-sale-in-mattakkuliya-for-sale-colombo-1,Two Stories House for Sale in Mattakkuliya,Bedrooms: 2 | Bathrooms: 2,,"Rs 17,500,000",4 days
https://ikman.lk/en/ad/pannipitiya-isuru-uyana-05-br-house-on-16-perches-of-land-for-sale-for-sale-colombo-6,Pannipitiya - Isuru Uyana 05 BR House on 16 Perches of Land for Sale,Bedrooms: 5 | Bathrooms: 2,MEMBER,"Rs 38,000,000",4 days
https://ikman.lk/en/ad/mount-lavinia-03-storied-house-on-16-perches-of-land-for-sale-for-sale-colombo-8,Mount Lavinia 03 Storied House on 16 Perches of Land for Sale,Bedrooms: 7 | Bathrooms: 4,MEMBER,"Rs 70,000,000",4 days
https://ikman.lk/en/ad/thalawathugoda-02-storied-large-house-on-502-perches-of-land-for-sale-for-sale-colombo-8,Thalawathugoda 02 Storied Large House on 50.2 Perches of Land For Sale,Bedrooms: 4 | Bathrooms: 3,MEMBER,"Rs 140,000,000",4 days
https://ikman.lk/en/ad/nugegoda-02-storied-old-house-on-265-perches-of-land-for-sale-for-sale-colombo-9,Nugegoda 02 Storied Old House on 26.5 Perches of Land for Sale,Bedrooms: 4 | Bathrooms: 4,MEMBER,"Rs 130,000,000",4 days
https://ikman.lk/en/ad/homagama-meegoda-04-bed-room-house-on-1065-perches-of-land-for-sale-for-sale-colombo-7,Homagama - Meegoda 04 Bed Room House on 10.65 Perches of Land for Sale,Bedrooms: 4 | Bathrooms: 1,MEMBER,"Rs 12,000,000",4 days
https://ikman.lk/en/ad/rajagiriya-buthgamuwa-road-04-br-house-on-11-perches-of-land-for-sale-for-sale-colombo-2,"Rajagiriya, Buthgamuwa Road 04 BR House on 11 Perches of Land for Sale",Bedrooms: 4 | Bathrooms: 2,MEMBER,"Rs 75,000,000",4 days
https://ikman.lk/en/ad/athurugiriya-jayanthi-rd-2-storied-house-on-95-perches-of-land-for-sale-for-sale-colombo-5,Athurugiriya Jayanthi Rd 2 Storied House on 9.5 Perches of Land for Sale,Bedrooms: 4 | Bathrooms: 2,MEMBER,"Rs 31,000,000",4 days
https://ikman.lk/en/ad/house-for-sale-in-colombo-06-for-sale-colombo-138,House for sale in Colombo 06,Bedrooms: 5 | Bathrooms: 4,MEMBER,"Rs 275,000,000",4 days
https://ikman.lk/en/ad/house-for-sale-in-colombo-06-for-sale-colombo-135,House for Sale in Colombo 06,Bedrooms: 4 | Bathrooms: 3,MEMBER,"Rs 240,000,000",4 days
https://ikman.lk/en/ad/nawala-koswatta-02-liveable-houses-on-25-perches-of-land-for-sale-for-sale-colombo-10,Nawala Koswatta 02 Liveable Houses on 25 Perches of Land for Sale,Bedrooms: 7 | Bathrooms: 6,MEMBER,"Rs 125,000,000",4 days
https://ikman.lk/en/ad/piliyandala-makuluduwa-04-bed-room-house-on-40-perches-of-land-for-sale-for-sale-colombo-10,"Piliyandala, Makuluduwa 04 Bed Room House on 40 Perches of Land for Sale",Bedrooms: 4 | Bathrooms: 3,MEMBER,"Rs 100,000,000",4 days
https://ikman.lk/en/ad/valuable-house-for-sale-kottawa-pannipitiya-for-sale-colombo-1,Valuable House for Sale Kottawa Pannipitiya,Bedrooms: 5 | Bathrooms: 3,MEMBER,"Rs 65,000,000",4 days
https://ikman.lk/en/ad/nugegoda-arthurs-place-house-on-235-perches-of-land-for-sale-for-sale-colombo-12,"Nugegoda, Arthur's place House on 23.5 Perches of Land for Sale",Bedrooms: 6 | Bathrooms: 6,MEMBER,"Rs 180,000,000",4 days
https://ikman.lk/en/ad/kaduwela-pahala-bomiriya-03-storied-house-on-09-perches-of-land-for-sale-for-sale-colombo-11,Kaduwela Pahala Bomiriya 03 Storied house on 09 Perches of Land for Sale,Bedrooms: 4 | Bathrooms: 2,MEMBER,"Rs 36,000,000",4 days
https://ikman.lk/en/ad/elegant-family-home-for-sale-in-pannipitiya-for-sale-colombo,Elegant Family Home for Sale in Pannipitiya,Bedrooms: 5 | Bathrooms: 3,MEMBER,"Rs 65,000,000",4 days
https://ikman.lk/en/ad/two-storey-modern-house-for-sale-in-dehiwala-hill-street-for-sale-colombo,Two-storey modern house for sale in dehiwala Hill Street,Bedrooms: 5 | Bathrooms: 3,,"Rs 65,000,000",4 days
https://ikman.lk/en/ad/3-bedroom-house-for-sale-kotte-madiwela-em970-for-sale-colombo,"3 Bedroom House for Sale - Kotte, Madiwela (EM970)",Bedrooms: 3 | Bathrooms: 2,MEMBER,"Rs 42,000,000",4 days
https://ikman.lk/en/ad/luxury-5br-house-for-sale-bellanvilla-boralesgamuwa-for-sale-colombo,"Luxury 5BR House for Sale – Bellanvilla, Boralesgamuwa",Bedrooms: 5 | Bathrooms: 5,MEMBER,"Rs 105,000,000",4 days
https://ikman.lk/en/ad/spacious-5br-house-with-boralesgamuwa-for-sale-colombo,Spacious 5BR House with – Boralesgamuwa,Bedrooms: 5 | Bathrooms: 6,MEMBER,"Rs 130,000,000",4 days
https://ikman.lk/en/ad/brand-new-house-for-sale-in-mount-lavinia-for-sale-colombo-107,Brand new house for sale in Mount Lavinia,Bedrooms: 5 | Bathrooms: 6,MEMBER,"Rs 83,000,000",4 days
https://ikman.lk/en/ad/house-for-sale-in-ratmalana-maligawa-rd-for-sale-colombo,House for sale in ratmalana - Maligawa rd,Bedrooms: 5 | Bathrooms: 3,MEMBER,"Rs 36,000,000",4 days
https://ikman.lk/en/ad/well-maintained-two-storey-house-for-sale-kottawa-for-sale-colombo,Well-Maintained Two-Storey House for Sale – Kottawa,Bedrooms: 4 | Bathrooms: 2,MEMBER,"Rs 28,500,000",4 days
https://ikman.lk/en/ad/22-perch-land-with-a-single-storied-03-bedroom-house-for-sale-at-kotte-for-sale-colombo-19,22 Perch Land with a Single Storied 03 Bedroom House for Sale at Kotte,Bedrooms: 3 | Bathrooms: 3,MEMBER,"Rs 75,000,000",4 days
https://ikman.lk/en/ad/maharagama-06-bed-rooms-large-house-on-16-perches-of-land-for-sale-for-sale-colombo-9,Maharagama 06 Bed Rooms Large house on 16 Perches of Land for Sale,Bedrooms: 6 | Bathrooms: 5,MEMBER,"Rs 63,000,000",4 days
https://ikman.lk/en/ad/colombo-05-thimbirigasyaya-road-03-bed-room-house-for-sale-for-sale-colombo-12,"Colombo 05, Thimbirigasyaya Road 03 Bed Room House for Sale",Bedrooms: 3 | Bathrooms: 2,MEMBER,"Rs 240,000,000",4 days
https://ikman.lk/en/ad/rajagiriya-kalapaluwawa-04-bedroom-upstair-house-at-1st-lane-for-sale-for-sale-colombo-16,Rajagiriya - Kalapaluwawa 04 Bedroom Upstair House at 1st Lane for Sale,Bedrooms: 4 | Bathrooms: 3,MEMBER,"Rs 62,000,000",4 days
https://ikman.lk/en/ad/nugegoda-mirihana-02-upstair-houses-on-165-perches-of-land-for-sale-for-sale-colombo-1,Nugegoda Mirihana 02 Upstair Houses on 16.5 Perches of Land for Sale,Bedrooms: 9 | Bathrooms: 5,MEMBER,"Rs 95,000,000",4 days
https://ikman.lk/en/ad/kohuwala-pamankada-saranankara-road-4-br-house-on-8-perches-for-sale-for-sale-colombo,Kohuwala Pamankada Saranankara Road 4 BR house on 8 perches for sale,Bedrooms: 4 | Bathrooms: 3,MEMBER,"Rs 60,000,000",4 days
https://ikman.lk/en/ad/brand-new-modern-house-for-sale-in-malabe-for-sale-colombo-5,Brand New Modern House for Sale in Malabe,Bedrooms: 4 | Bathrooms: 4,MEMBER,"Rs 62,500,000",4 days
https://ikman.lk/en/ad/athurugiriya-moratuwahena-rd-4-br-house-on-235-perches-of-land-for-sale-for-sale-colombo,Athurugiriya Moratuwahena Rd 4 BR house on 23.5 perches of land for sale,Bedrooms: 4 | Bathrooms: 3,MEMBER,"Rs 65,000,000",4 days
https://ikman.lk/en/ad/brand-new-super-luxury-20p-house-for-sale-in-boralesgamuwa-for-sale-colombo-40,Brand New Super Luxury 20P House For Sale In Boralesgamuwa,Bedrooms: 4 | Bathrooms: 4,MEMBER,"Rs 145,000,000",4 days
https://ikman.lk/en/ad/house-for-sale-nawala-for-sale-colombo-237,House for Sale Nawala,Bedrooms: 4 | Bathrooms: 4,MEMBER,"Rs 95,760,000",4 days
https://ikman.lk/en/ad/mount-lavinia-vihara-mw-05-br-house-on-789-perches-of-land-for-sale-for-sale-colombo,Mount Lavinia Vihara Mw 05 BR house on 7.89 perches of Land for Sale,Bedrooms: 5 | Bathrooms: 5,MEMBER,"Rs 75,000,000",4 days
https://ikman.lk/en/ad/sale-house-in-moratuwa-for-sale-colombo-1,Sale House in Moratuwa,Bedrooms: 3 | Bathrooms: 3,MEMBER,"Rs 42,000,000",4 days
https://ikman.lk/en/ad/modern-house-for-sale-in-piliyandala-for-sale-colombo-207,Modern House for Sale in Piliyandala,Bedrooms: 3 | Bathrooms: 2,MEMBER,"Rs 25,000,000",4 days
https://ikman.lk/en/ad/20p-land-with-well-maintained-luxury-house-ratmalana-for-sale-colombo,20P Land with Well-Maintained Luxury House – Ratmalana,Bedrooms: 6 | Bathrooms: 3,,"Rs 60,000,000",4 days
https://ikman.lk/en/ad/b-new-super-luxury-gated-community-house-for-sale-in-piliyandala-for-sale-colombo-59,B/New Super Luxury Gated Community House For Sale In Piliyandala,Bedrooms: 4 | Bathrooms: 3,MEMBER,"Rs 92,000,000",4 days
https://ikman.lk/en/ad/full-fill-brand-new-house-in-malabe-for-sale-colombo-8,Full Fill Brand New House In Malabe,Bedrooms: 3 | Bathrooms: 2,MEMBER,"Rs 28,500,000",4 days
https://ikman.lk/en/ad/modern-3-bedroom-house-for-sale-in-kesbewa-piliyandala-for-sale-colombo,"Modern 3-Bedroom House for Sale in Kesbewa, Piliyandala",Bedrooms: 3 | Bathrooms: 2,MEMBER,"Rs 25,000,000",4 days
https://ikman.lk/en/ad/luxury-brand-new-house-sale-athurugiriya-for-sale-colombo-34,Luxury Brand New House Sale Athurugiriya,Bedrooms: 4 | Bathrooms: 3,MEMBER,"Rs 47,500,000",4 days
https://ikman.lk/en/ad/prime-88-residencies-b-new-gated-community-house-for-sale-in-piliyandala-for-sale-colombo-27,Prime 88 Residencies B/New Gated Community House for Sale in Piliyandala,Bedrooms: 3 | Bathrooms: 3,MEMBER,"Rs 35,000,000",4 days
https://ikman.lk/en/ad/modern-single-storied-house-sale-athurugiriya-for-sale-colombo-4,Modern Single Storied House Sale Athurugiriya,Bedrooms: 3 | Bathrooms: 2,MEMBER,"Rs 26,000,000",4 days
https://ikman.lk/en/ad/house-for-sale-in-athurugiriya-peaceful-residential-location-for-sale-colombo,House for Sale in Athurugiriya – Peaceful Residential Location,Bedrooms: 2 | Bathrooms: 1,MEMBER,"Rs 18,000,000",4 days
https://ikman.lk/en/ad/10-p-with-luxury-house-sale-malabe-for-sale-colombo,10 P With Luxury House Sale Malabe,Bedrooms: 4 | Bathrooms: 3,MEMBER,"Rs 65,000,000",4 days
https://ikman.lk/en/ad/sukhoopbhoogii-demhl-nivs-vikinniimtt-piliyandala-madapatha-road-for-sale-colombo,සුඛෝපභෝගී දෙමහල් නිවස විකිණීමට PILIYANDALA MADAPATHA ROAD,Bedrooms: 4 | Bathrooms: 2,MEMBER,"Rs 29,500,000",4 days
https://ikman.lk/en/ad/10-perch-brand-new-luxury-single-storey-house-for-sale-in-athurugiriya-for-sale-colombo-21,10 Perch Brand New Luxury Single Storey House for Sale in Athurugiriya,Bedrooms: 3 | Bathrooms: 2,MEMBER,"Rs 28,000,000",4 days
https://ikman.lk/en/ad/super-luxury-three-storey-house-for-sale-in-piliyandala-for-sale-colombo-16,Super Luxury Three Storey House for Sale in Piliyandala,Bedrooms: 4 | Bathrooms: 3,MEMBER,"Rs 45,000,000",4 days
https://ikman.lk/en/ad/luxury-house-for-sale-malabe-for-sale-colombo-257,Luxury House For Sale Malabe,Bedrooms: 4 | Bathrooms: 3,MEMBER,"Rs 39,800,000",4 days
https://ikman.lk/en/ad/brand-new-super-luxury-house-for-sale-in-piliyandala-madapatha-road-for-sale-colombo-111,Brand New Super Luxury House For Sale In Piliyandala Madapatha Road.,Bedrooms: 4 | Bathrooms: 3,MEMBER,"Rs 95,000,000",4 days
https://ikman.lk/en/ad/modern-luxury-2-storied-5br-house-for-sale-in-piliyandala-kesbewa-for-sale-colombo-31,Modern Luxury 2-Storied 5BR House For Sale In Piliyandala Kesbewa,Bedrooms: 5 | Bathrooms: 3,MEMBER,"Rs 40,000,000",4 days
https://ikman.lk/en/ad/two-story-house-for-sale-in-piliyandala-kesbawa-for-sale-colombo-3,Two Story House for sale in Piliyandala Kesbawa,Bedrooms: 4 | Bathrooms: 3,MEMBER,"Rs 33,500,000",4 days
https://ikman.lk/en/ad/best-two-storied-house-for-sale-malabe-for-sale-colombo,Best Two Storied House For sale Malabe,Bedrooms: 4 | Bathrooms: 3,MEMBER,"Rs 35,000,000",4 days
https://ikman.lk/en/ad/luxury-6-bedroom-house-for-sale-in-colombo-havelock-town-for-sale-colombo,Luxury 6 Bedroom House for Sale in Colombo – Havelock Town,Bedrooms: 6 | Bathrooms: 4,MEMBER,"Rs 300,000,000",4 days
https://ikman.lk/en/ad/furnished-super-luxury-4br-house-for-sale-in-kottawa-mattegoda-for-sale-colombo-32,Furnished Super Luxury 4BR House For Sale In Kottawa Mattegoda,Bedrooms: 3 | Bathrooms: 3,MEMBER,"Rs 31,900,000",4 days
https://ikman.lk/en/ad/super-luxury-house-with-35-perch-land-for-sale-in-nawala-koswatta-for-sale-colombo-32,Super Luxury House With 35 Perch Land For Sale In Nawala Koswatta,Bedrooms: 4 | Bathrooms: 4,MEMBER,"Rs 225,000,000",4 days
https://ikman.lk/en/ad/house-for-sale-colombo-09-for-sale-colombo-5,House for Sale Colombo 09,Bedrooms: 3 | Bathrooms: 1,,"Rs 11,500,000",4 days
https://ikman.lk/en/ad/brand-new-super-luxury-3-storey-house-for-sale-at-boralesgamuwa-for-sale-colombo-6,Brand New Super Luxury 3-Storey House for Sale at Boralesgamuwa,Bedrooms: 5 | Bathrooms: 5,MEMBER,"Rs 105,000,000",4 days
https://ikman.lk/en/ad/house-for-sale-in-homagama-for-sale-colombo-2810,House For sale in Homagama,Bedrooms: 2 | Bathrooms: 1,,"Rs 18,000,000",4 days
https://ikman.lk/en/ad/well-architecture-design-single-storey-house-in-kahathuduwa-for-sale-colombo,Well Architecture Design Single Storey House in Kahathuduwa,Bedrooms: 3 | Bathrooms: 2,MEMBER,"Rs 26,000,000",4 days
https://ikman.lk/en/ad/20p-super-luxury-house-for-sale-in-summer-field-residences-boralesgamuwa-for-sale-colombo-30,20P Super Luxury House For Sale In Summer Field Residences Boralesgamuwa,Bedrooms: 4 | Bathrooms: 5,MEMBER,"Rs 145,000,000",4 days
https://ikman.lk/en/ad/super-luxury-brand-new-house-with-pool-for-sale-in-pelawatta-for-sale-colombo-5,Super Luxury Brand New House With Pool For Sale In Pelawatta,Bedrooms: 4 | Bathrooms: 4,MEMBER,"Rs 255,000,000",4 days
https://ikman.lk/en/ad/new-house-for-sale-athurugiriya-for-sale-colombo-106,New house for sale athurugiriya,Bedrooms: 3 | Bathrooms: 2,,"Rs 19,800,000",4 days
https://ikman.lk/en/ad/spacious-family-home-for-sale-in-attidiya-for-sale-colombo,Spacious Family Home for Sale in Attidiya,Bedrooms: 5 | Bathrooms: 2,MEMBER,"Rs 125,000,000",4 days
https://ikman.lk/en/ad/super-luxury-villa-with-indoor-pool-for-sale-boralesgamuwa-for-sale-colombo,Super Luxury Villa with Indoor Pool for Sale – Boralesgamuwa,Bedrooms: 4 | Bathrooms: 4,MEMBER,"Rs 185,000,000",4 days
https://ikman.lk/en/ad/4-bedroom-luxury-furnished-house-for-sale-colombo-05-em164rk-for-sale-colombo,4 Bedroom Luxury Furnished House for Sale – Colombo 05 (EM164RK),Bedrooms: 4 | Bathrooms: 3,MEMBER,"Rs 190,000,000",
https://ikman.lk/en/ad/modern-4-bedroom-home-just-1km-from-sliit-campus-for-sale-colombo,Modern 4-Bedroom Home Just 1km from SLIIT Campus,Bedrooms: 4 | Bathrooms: 4,,"Rs 33,000,000",4 days
https://ikman.lk/en/ad/commercial-and-residential-property-near-kohuwala-junction-for-sale-colombo,Commercial & Residential Property Near Kohuwala Junction,Bedrooms: 5 | Bathrooms: 5,,"Rs 110,000,000",4 days
https://ikman.lk/en/ad/4-storey-luxury-residence-with-lift-dehiwala-nedimala-for-sale-colombo,4-Storey Luxury Residence with Lift – Dehiwala (Nedimala),Bedrooms: 4 | Bathrooms: 4,MEMBER,"Rs 180,000,000",4 days
https://ikman.lk/en/ad/3-storey-family-home-with-rooftop-terrace-kalubowila-for-sale-colombo,3-Storey Family Home with Rooftop Terrace – Kalubowila,Bedrooms: 8 | Bathrooms: 6,MEMBER,"Rs 150,000,000",4 days
https://ikman.lk/en/ad/house-with-slab-for-sale-in-wellampitiya-for-sale-colombo-138,House with Slab for Sale in Wellampitiya,Bedrooms: 2 | Bathrooms: 2,MEMBER,"Rs 14,000,000",4 days
https://ikman.lk/en/ad/single-storey-house-for-sale-in-wellampitiya-for-sale-colombo-865,Single Storey House for Sale in Wellampitiya,Bedrooms: 2 | Bathrooms: 2,MEMBER,"Rs 8,500,000",4 days
https://ikman.lk/en/ad/3-bedrooms-house-for-sale-in-piliyandala-polgasowita-for-sale-colombo-4,3 Bedrooms House for sale in Piliyandala Polgasowita,Bedrooms: 3 | Bathrooms: 2,MEMBER,"Rs 22,500,000",4 days
https://ikman.lk/en/ad/luxury-6-bedroom-house-for-sale-in-pitakotte-mission-road-for-sale-colombo-64,Luxury 6-Bedroom House for Sale in Pitakotte – Mission Road,Bedrooms: 6 | Bathrooms: 6,MEMBER,"Rs 300,000,000",4 days
https://ikman.lk/en/ad/sds-583-valuable-two-storey-house-sale-in-maharagama-for-sale-colombo,(SDS - 583) Valuable Two Storey House Sale in Maharagama,Bedrooms: 5 | Bathrooms: 3,MEMBER,"Rs 52,000,000",4 days
https://ikman.lk/en/ad/brand-new-house-for-rent-in-homagama-pitipana-for-sale-colombo,Brand New House For Rent In Homagama Pitipana,Bedrooms: 4 | Bathrooms: 2,MEMBER,"Rs 19,000,000",4 days
https://ikman.lk/en/ad/ultra-luxury-living-at-clover-villas-prime-signature-home-for-sale-colombo-103,Ultra Luxury Living at Clover Villas – Prime Signature Home,Bedrooms: 4 | Bathrooms: 5,MEMBER,"Rs 85,000,000",4 days
https://ikman.lk/en/ad/two-story-house-for-sale-in-kottawa-for-sale-colombo-316,Two Story House For Sale In Kottawa,Bedrooms: 4 | Bathrooms: 2,MEMBER,"Rs 29,500,000",4 days
https://ikman.lk/en/ad/house-for-sale-in-boralesgamuwa-malani-bulathsinghala-mawatha-for-sale-colombo,House For Sale In Boralesgamuwa Malani Bulathsinghala Mawatha,Bedrooms: 5 | Bathrooms: 3,MEMBER,"Rs 36,000,000",4 days
https://ikman.lk/en/ad/two-story-house-for-sale-in-maharagama-arewwala-for-sale-colombo-2,Two Story House For Sale In Maharagama Arewwala 🏘️🏘️,Bedrooms: 3 | Bathrooms: 2,MEMBER,"Rs 35,000,000",4 days
https://ikman.lk/en/ad/brand-new-single-storey-house-kahathuduwa-for-sale-colombo,Brand New Single Storey House – Kahathuduwa,Bedrooms: 3 | Bathrooms: 2,MEMBER,"Rs 26,000,000",4 days
https://ikman.lk/en/ad/brand-new-solid-modern-super-luxury-house-piliyandala-for-sale-colombo-292,Brand New solid Modern super luxury House-piliyandala,Bedrooms: 3 | Bathrooms: 2,MEMBER,"Rs 25,000,000",4 days
https://ikman.lk/en/ad/ati-sukhoopbhoogii-alnkaar-nivs-vikinniimtt-piliyandala-for-sale-colombo-165,අති සුඛෝපභෝගී අලංකාර නිවස විකිණීමට piliyandala,Bedrooms: 3 | Bathrooms: 2,MEMBER,"Rs 25,000,000",4 days
https://ikman.lk/en/ad/ati-sukhoopbhoogii-alnkaar-nviintm-nivs-vikinniimtt-piliyandala-for-sale-colombo-702,අති සුඛෝපභෝගී අලංකාර නවීනතම නිවස විකිණීමට Piliyandala,Bedrooms: 4 | Bathrooms: 4,MEMBER,"Rs 65,000,000",4 days
https://ikman.lk/en/ad/alnkaar-ati-sukhoopbhoogii-nviintm-nivs-vikinniimtt-piliyandala-for-sale-colombo-126,අලංකාර අති සුඛෝපභෝගී නවීනතම නිවස විකිණීමට piliyandala,Bedrooms: 4 | Bathrooms: 3,MEMBER,"Rs 37,500,000",4 days
https://ikman.lk/en/ad/solid-brand-new-modern-super-luxury-3-storey-house-for-sale-piliyandala-for-sale-colombo,Solid Brand New Modern Super Luxury 3 Storey House for Sale Piliyandala,Bedrooms: 8 | Bathrooms: 7,MEMBER,"Rs 87,500,000",4 days
https://ikman.lk/en/ad/new-super-luxury-2-storey-house-for-sale-piliyandala-for-sale-colombo,New Super Luxury 2 Storey House for Sale Piliyandala,Bedrooms: 4 | Bathrooms: 4,MEMBER,"Rs 37,500,000",4 days
https://ikman.lk/en/ad/brand-new-modern-super-luxury-house-piliyandala-for-sale-colombo-174,Brand New Modern super luxury House-piliyandala,Bedrooms: 4 | Bathrooms: 4,MEMBER,"Rs 56,000,000",4 days
https://ikman.lk/en/ad/brand-new-2-storey-luxury-house-for-sale-in-polgasowita-for-sale-colombo,Brand New 2-Storey Luxury House for Sale in Polgasowita,Bedrooms: 4 | Bathrooms: 4,MEMBER,"Rs 36,500,000",4 days
https://ikman.lk/en/ad/brand-new-solid-modern-super-luxury-2-story-house-werahara-for-sale-colombo,Brand New solid Modern super luxury 2 Story House werahara,Bedrooms: 4 | Bathrooms: 4,MEMBER,"Rs 62,500,000",4 days
https://ikman.lk/en/ad/brand-new-modern-super-luxury-2-storey-house-for-sale-piliyandala-city-for-sale-colombo-2,Brand New Modern Super Luxury 2 Storey House for Sale - Piliyandala City,Bedrooms: 4 | Bathrooms: 4,MEMBER,"Rs 41,000,000",4 days
https://ikman.lk/en/ad/brand-new-solid-modern-super-2-storey-house-piliyandala-for-sale-colombo,Brand New Solid Modern Super 2 Storey House-Piliyandala,Bedrooms: 5 | Bathrooms: 4,MEMBER,"Rs 55,000,000",4 days
https://ikman.lk/en/ad/brand-new-modern-super-luxury-2-storey-house-piliyandala-town-for-sale-colombo,Brand New Modern Super Luxury 2 Storey House-Piliyandala Town,Bedrooms: 5 | Bathrooms: 4,MEMBER,"Rs 63,000,000",4 days
https://ikman.lk/en/ad/spacious-house-sale-in-piliyandala-town-for-sale-colombo-2,Spacious House Sale in Piliyandala Town,Bedrooms: 4 | Bathrooms: 4,MEMBER,"Rs 42,000,000",4 days
https://ikman.lk/en/ad/ati-nviin-pnnyee-angsmpuurnn-nv-demhl-nivs-piliyndlin-for-sale-colombo,අති නවීන පන්නයේ අංගසම්පූර්ණ නව දෙමහල් නිවස පිලියන්දලින්,Bedrooms: 5 | Bathrooms: 4,MEMBER,"Rs 48,000,000",4 days
https://ikman.lk/en/ad/brand-new-solid-modern-super-luxury-2-story-house-piliyandala-for-sale-colombo-163,Brand New solid Modern super luxury 2 Story House-piliyandala,Bedrooms: 5 | Bathrooms: 4,MEMBER,"Rs 45,000,000",4 days
https://ikman.lk/en/ad/solid-spacious-house-for-sale-in-piliyandala-town-near-moratuwa-road-for-sale-colombo-1,Solid Spacious House for Sale in Piliyandala Town Near Moratuwa Road,Bedrooms: 5 | Bathrooms: 5,MEMBER,"Rs 55,000,000",4 days
https://ikman.lk/en/ad/unique-design-house-positioned-on-piliyandala-120-road-for-sale-for-sale-colombo,"Unique Design House, Positioned on Piliyandala 120 Road for Sale",Bedrooms: 4 | Bathrooms: 4,MEMBER,"Rs 38,000,000",4 days
https://ikman.lk/en/ad/uss-nimaevumkin-yut-sundr-nivsk-vikinniimtt-piliyndlin-for-sale-colombo,උසස් නිමැවුමකින් යුත සුන්දර නිවසක් විකිණීමට පිලියන්දලින්,Bedrooms: 3 | Bathrooms: 2,MEMBER,"Rs 20,000,000",4 days
https://ikman.lk/en/ad/luxury-house-for-sale-in-colombo-7-for-sale-colombo-14,Luxury House For Sale In Colombo 7,Bedrooms: 4 | Bathrooms: 3,,"Rs 200,000,000",4 days
https://ikman.lk/en/ad/house-for-sale-in-dehiwala-for-sale-colombo-3477,House for Sale in Dehiwala,Bedrooms: 8 | Bathrooms: 6,MEMBER,"Rs 320,000,000",4 days
https://ikman.lk/en/ad/3-bedrooms-solid-house-for-sale-in-piliyandala-dampe-for-sale-colombo-11,3 Bedrooms Solid House for sale in Piliyandala Dampe,Bedrooms: 3 | Bathrooms: 2,MEMBER,"Rs 28,000,000",4 days
https://ikman.lk/en/ad/luxury-modern-house-for-sale-in-kottawa-for-sale-colombo-3,Luxury Modern House for Sale in Kottawa,Bedrooms: 4 | Bathrooms: 3,MEMBER,"Rs 36,500,000",4 days
https://ikman.lk/en/ad/luxury-modern-house-for-sale-in-piliyandala-for-sale-colombo-134,Luxury Modern House for Sale in Piliyandala,Bedrooms: 4 | Bathrooms: 3,MEMBER,"Rs 36,500,000",4 days
https://ikman.lk/en/ad/single-storey-house-for-sale-in-wellampitiya-for-sale-colombo-864,Single Storey House for Sale in Wellampitiya,Bedrooms: 2 | Bathrooms: 1,MEMBER,"Rs 7,800,000",4 days
https://ikman.lk/en/ad/brand-new-house-with-slab-for-sale-in-wellampitiya-for-sale-colombo-135,Brand New House with Slab for Sale in Wellampitiya,Bedrooms: 2 | Bathrooms: 2,MEMBER,"Rs 13,500,000",4 days
https://ikman.lk/en/ad/two-storey-house-for-sale-in-wellampitiya-for-sale-colombo-1069,Two Storey House for Sale in Wellampitiya,Bedrooms: 4 | Bathrooms: 2,MEMBER,"Rs 19,000,000",4 days
https://ikman.lk/en/ad/dh1296-architect-designed-three-storey-house-for-sale-in-talawatugoda-for-sale-colombo-2,(DH1296) Architect Designed Three Storey House for Sale in Talawatugoda,Bedrooms: 4 | Bathrooms: 6,MEMBER,"Rs 60,000,000",4 days
https://ikman.lk/en/ad/two-story-house-for-sale-in-piliyandala-for-sale-colombo-439,Two Story House For Sale In Piliyandala,Bedrooms: 7 | Bathrooms: 3,MEMBER,"Rs 35,000,000",4 days
https://ikman.lk/en/ad/house-for-sale-in-raththanapitiya-for-sale-colombo-2,House For Sale In Raththanapitiya,Bedrooms: 2 | Bathrooms: 1,MEMBER,"Rs 30,000,000",4 days
https://ikman.lk/en/ad/house-for-sale-in-maharagama-arewwala-for-sale-colombo-7,House For Sale In Maharagama Arewwala,Bedrooms: 4 | Bathrooms: 1,MEMBER,"Rs 14,000,000",4 days
https://ikman.lk/en/ad/two-story-house-for-sale-in-dehiwala-aththidiya-for-sale-colombo-1,Two Story House For Sale In Dehiwala Aththidiya,Bedrooms: 5 | Bathrooms: 3,MEMBER,"Rs 90,000,000",4 days
https://ikman.lk/en/ad/house-for-sale-in-maharagama-for-sale-colombo-1951,House For Sale In Maharagama,Bedrooms: 8 | Bathrooms: 4,MEMBER,"Rs 66,500,000",4 days
https://ikman.lk/en/ad/luxury-three-story-house-for-sale-in-boralesgamuwa-for-sale-colombo-5,Luxury Three Story House For Sale In Boralesgamuwa,Bedrooms: 7 | Bathrooms: 3,MEMBER,"Rs 150,000,000",4 days
https://ikman.lk/en/ad/two-story-house-for-sale-in-maharagama-for-sale-colombo-159,Two Story House For Sale In Maharagama 🏘️🏘️,Bedrooms: 7 | Bathrooms: 2,MEMBER,"Rs 135,000,000",4 days
https://ikman.lk/en/ad/house-for-sale-in-kelaniya-pilapitiya-for-sale-colombo,House For Sale In Kelaniya Pilapitiya,Bedrooms: 6 | Bathrooms: 3,MEMBER,"Rs 45,000,000",4 days
https://ikman.lk/en/ad/two-story-house-for-sale-in-boralesgamuwa-for-sale-colombo-187,Two Story House For Sale In Boralesgamuwa,Bedrooms: 4 | Bathrooms: 2,MEMBER,"Rs 33,000,000",4 days
https://ikman.lk/en/ad/house-for-sale-in-kottawa-rukmalgama-for-sale-colombo-2,House For Sale In Kottawa Rukmalgama,Bedrooms: 3 | Bathrooms: 2,MEMBER,"Rs 37,500,000",4 days
https://ikman.lk/en/ad/brand-new-house-for-sale-in-piliyandala-for-sale-colombo-775,Brand New House For Sale In Piliyandala,Bedrooms: 4 | Bathrooms: 4,MEMBER,"Rs 31,000,000",4 days
https://ikman.lk/en/ad/two-story-house-for-sale-in-boralesgamuwa-werahera-for-sale-colombo-3,Two Story House For Sale In Boralesgamuwa werahera,Bedrooms: 5 | Bathrooms: 3,MEMBER,"Rs 49,500,000",4 days
https://ikman.lk/en/ad/single-house-for-sale-in-pannipitiya-arewwala-for-sale-colombo-1,Single House for Sale in Pannipitiya Arewwala,Bedrooms: 4 | Bathrooms: 3,MEMBER,"Rs 35,000,000",4 days
https://ikman.lk/en/ad/house-for-sale-in-boralesgamuwa-werahera-for-sale-colombo-2,House For Sale In Boralesgamuwa Werahera,Bedrooms: 2 | Bathrooms: 1,MEMBER,"Rs 12,000,000",4 days
https://ikman.lk/en/ad/single-storey-house-for-sale-in-colombo-09-for-sale-colombo-64,Single Storey House for Sale in Colombo 09,Bedrooms: 3 | Bathrooms: 1,MEMBER,"Rs 19,000,000",4 days
https://ikman.lk/en/ad/furnished-beautiful-house-for-sale-maharagama-for-sale-colombo,Furnished Beautiful house For Sale Maharagama,Bedrooms: 4 | Bathrooms: 3,MEMBER,"Rs 55,000,000",4 days
https://ikman.lk/en/ad/two-story-house-for-sale-in-panipitiya-rathmaldaniya-road-for-sale-colombo-1,Two Story House For Sale In Panipitiya Rathmaldaniya Road,Bedrooms: 4 | Bathrooms: 3,MEMBER,"Rs 61,000,000",4 days
https://ikman.lk/en/ad/brand-new-3-bedrooms-house-for-sale-in-piliyandala-kesbawa-for-sale-colombo-35,Brand new 3 Bedrooms House for sale in Piliyandala Kesbawa,Bedrooms: 3 | Bathrooms: 2,MEMBER,"Rs 25,000,000",4 days
https://ikman.lk/en/ad/tnimhl-nivsk-vikinniimtt-homgm-munmlee-maargyee-for-sale-colombo,තනිමහල් නිවසක් විකිණීමට හොමගම මුනමලේ මාර්ගයේ.,Bedrooms: 3 | Bathrooms: 1,MEMBER,"Rs 14,000,000",4 days
https://ikman.lk/en/ad/31-perch-luxury-home-for-sale-nugegoda-for-sale-colombo,31 Perch Luxury Home for Sale – Nugegoda,Bedrooms: 5 | Bathrooms: 8,MEMBER,"Rs 270,000,000",4 days
https://ikman.lk/en/ad/luxury-home-for-sale-in-kaduwela-for-sale-colombo,Luxury Home for Sale in Kaduwela,Bedrooms: 4 | Bathrooms: 4,MEMBER,"Rs 43,000,000",4 days
https://ikman.lk/en/ad/2br-house-for-sale-in-athurugiriya-for-sale-colombo,2BR House for Sale in Athurugiriya,Bedrooms: 2 | Bathrooms: 2,MEMBER,"Rs 28,500,000",4 days
https://ikman.lk/en/ad/brand-new-uncommon-designed-2-story-house-for-sale-in-piliyandala-for-sale-colombo-1,Brand New Uncommon Designed 2 Story House for Sale in Piliyandala,Bedrooms: 4 | Bathrooms: 3,MEMBER,"Rs 36,500,000",4 days
https://ikman.lk/en/ad/modern-3-bedroom-house-for-sale-athurugiriya-for-sale-colombo-19,Modern 3 Bedroom House for Sale – Athurugiriya,Bedrooms: 3 | Bathrooms: 2,MEMBER,"Rs 28,500,000",4 days
https://ikman.lk/en/ad/luxury-home-with-swimming-pool-oruwala-athurugiriya-for-sale-colombo,"Luxury Home with Swimming Pool – Oruwala, Athurugiriya",Bedrooms: 4 | Bathrooms: 3,MEMBER,"Rs 68,500,000",4 days
https://ikman.lk/en/ad/brand-new-house-sale-athurugiriya-for-sale-colombo-90,Brand New House Sale Athurugiriya,Bedrooms: 3 | Bathrooms: 2,MEMBER,"Rs 28,500,000",4 days
https://ikman.lk/en/ad/brand-new-super-luxury-two-story-house-for-sale-in-boralesgamuwa-for-sale-colombo-1,Brand New Super Luxury Two Story House for Sale in Boralesgamuwa,Bedrooms: 4 | Bathrooms: 5,MEMBER,"Rs 109,000,000",4 days
https://ikman.lk/en/ad/half-built-house-for-sale-in-kolonnawa-for-sale-colombo-3,Half Built House for Sale in Kolonnawa,Bedrooms: 5 | Bathrooms: 3,MEMBER,"Rs 30,000,000",4 days
https://ikman.lk/en/ad/brand-new-single-storey-house-for-sale-in-wellampitiya-for-sale-colombo-33,Brand New Single Storey House for Sale in Wellampitiya,Bedrooms: 2 | Bathrooms: 2,MEMBER,"Rs 16,500,000",4 days
https://ikman.lk/en/ad/house-for-sale-in-wellampitiya-for-sale-colombo-4905,House for Sale in Wellampitiya,Bedrooms: 3 | Bathrooms: 2,MEMBER,"Rs 9,300,000",4 days
https://ikman.lk/en/ad/single-storey-brand-new-house-for-sale-in-kotikawatta-for-sale-colombo-5,Single Storey Brand New House for Sale in Kotikawatta,Bedrooms: 2 | Bathrooms: 2,MEMBER,"Rs 12,000,000",4 days
https://ikman.lk/en/ad/single-storey-house-for-sale-in-gothatuwa-for-sale-colombo-57,Single Storey House for Sale in Gothatuwa,Bedrooms: 4 | Bathrooms: 1,MEMBER,"Rs 23,000,000",4 days
https://ikman.lk/en/ad/architecture-modern-design-two-storey-luxury-house-in-piliyandala-for-sale-colombo,Architecture Modern Design Two Storey Luxury House in Piliyandala,Bedrooms: 4 | Bathrooms: 4,MEMBER,"Rs 42,000,000",4 days
https://ikman.lk/en/ad/nawala-luxurious-house-for-sale-for-sale-colombo-8,Nawala Luxurious House For Sale.,Bedrooms: 5 | Bathrooms: 3,MEMBER,"Rs 170,000,000",4 days
https://ikman.lk/en/ad/house-for-sale-in-rajagiriya-for-sale-colombo-1273,House for Sale in Rajagiriya,Bedrooms: 4 | Bathrooms: 2,MEMBER,"Rs 50,000,000",4 days
https://ikman.lk/en/ad/colombo-05-luxurious-house-for-sale-for-sale-colombo-16,Colombo 05 Luxurious House for Sale,Bedrooms: 4 | Bathrooms: 3,MEMBER,"Rs 250,000,000",4 days
https://ikman.lk/en/ad/luxury-2-storey-house-for-sale-in-rukmalgama-kottawa-for-sale-colombo,Luxury 2-Storey House for Sale in Rukmalgama – Kottawa,Bedrooms: 5 | Bathrooms: 3,MEMBER,"Rs 34,500,000",4 days
https://ikman.lk/en/ad/luxury-2-storey-house-for-sale-in-rukmalgama-near-athurugiriya-for-sale-colombo-1,Luxury 2-Storey House for Sale in Rukmalgama – Near Athurugiriya,Bedrooms: 5 | Bathrooms: 3,MEMBER,"Rs 34,500,000",4 days
https://ikman.lk/en/ad/three-story-house-for-sale-in-nawala-for-sale-colombo-3,Three Story House for Sale in Nawala,Bedrooms: 2 | Bathrooms: 2,MEMBER,"Rs 102,000,000",4 days
https://ikman.lk/en/ad/modern-single-story-house-for-sale-athurugiriya-for-sale-colombo-10,Modern Single-Story House for Sale – Athurugiriya,Bedrooms: 3 | Bathrooms: 3,MEMBER,"Rs 24,800,000",4 days
https://ikman.lk/en/ad/ph366-three-storey-house-for-sale-in-nugegoda-delkada-for-sale-colombo-1,(PH366) Three Storey House for Sale in Nugegoda Delkada,Bedrooms: 4 | Bathrooms: 3,MEMBER,"Rs 45,000,000",4 days
https://ikman.lk/en/ad/aturugiriyen-alut-m-nivsk-vikiniimtt-for-sale-colombo,අතුරුගිරියෙන් අලුත් ම නිවසක් විකිනීමට,Bedrooms: 3 | Bathrooms: 2,MEMBER,"Rs 25,500,000",4 days
https://ikman.lk/en/ad/ph839-three-storey-house-for-sale-in-maharagama-for-sale-colombo-7,(PH839) Three Storey House for Sale in Maharagama,Bedrooms: 6 | Bathrooms: 3,MEMBER,"Rs 72,500,000",4 days
https://ikman.lk/en/ad/ph550-two-storey-house-for-sale-in-maharagama-for-sale-colombo-7,(PH550) Two Storey House for Sale in Maharagama,Bedrooms: 4 | Bathrooms: 3,MEMBER,"Rs 70,000,000",4 days
https://ikman.lk/en/ad/ph994-two-storey-house-for-sale-in-maharagama-for-sale-colombo-2,(PH994) Two Storey House for Sale in Maharagama,Bedrooms: 5 | Bathrooms: 2,MEMBER,"Rs 48,000,000",4 days
https://ikman.lk/en/ad/gated-comminity-house-for-sale-in-nugegoda-ch1774-for-sale-colombo-5,Gated Comminity House For Sale In Nugegoda - CH1774,Bedrooms: 3 | Bathrooms: 3,MEMBER,"Rs 48,000,000",4 days
https://ikman.lk/en/ad/ph764-luxury-three-storey-house-for-sale-in-maharagama-for-sale-colombo-3,(PH764) Luxury Three Storey House for Sale in Maharagama,Bedrooms: 5 | Bathrooms: 5,MEMBER,"Rs 105,000,000",4 days
https://ikman.lk/en/ad/colombo-07-super-location-luxury-house-for-sale-for-sale-colombo-54,Colombo 07 Super Location Luxury House For Sale,Bedrooms: 4 | Bathrooms: 3,MEMBER,"Rs 230,000,000",4 days
https://ikman.lk/en/ad/nugegoda-super-luxurious-house-for-sale-for-sale-colombo-14,Nugegoda Super Luxurious House For Sale.,Bedrooms: 5 | Bathrooms: 8,MEMBER,"Rs 270,000,000",4 days
https://ikman.lk/en/ad/paadukk-ngryen-angsmpuurnn-nivsk-kk-15073-for-sale-colombo,🏡✨ පාදුක්ක නගරයෙන් අංගසම්පූර්ණ නිවසක් / KK 15073,Bedrooms: 2 | Bathrooms: 1,MEMBER,"Rs 9,500,000",4 days
https://ikman.lk/en/ad/ph522-two-storey-house-for-sale-in-nugegoda-for-sale-colombo-8,(PH522) Two Storey House for Sale in Nugegoda,Bedrooms: 4 | Bathrooms: 4,MEMBER,"Rs 120,000,000",4 days
https://ikman.lk/en/ad/modern-two-story-house-for-sale-in-nugegoda-for-sale-colombo-2,Modern Two Story House for Sale in Nugegoda,Bedrooms: 5 | Bathrooms: 4,MEMBER,"Rs 80,000,000",4 days
https://ikman.lk/en/ad/ph1000-2-storey-houses-for-sale-in-mirihana-for-sale-colombo-1,(PH1000) 2 Storey Houses for Sale in Mirihana,Bedrooms: 9 | Bathrooms: 5,MEMBER,"Rs 95,000,000",4 days
https://ikman.lk/en/ad/ph944-super-luxury-modern-house-for-sale-boralesgamuwa-for-sale-colombo-8,(PH944) Super Luxury modern House for Sale Boralesgamuwa,Bedrooms: 4 | Bathrooms: 6,MEMBER,"Rs 185,000,000",4 days
https://ikman.lk/en/ad/thalawathugoda-gated-community-luxury-house-for-sale-prime-location-for-sale-colombo-17,Thalawathugoda Gated Community Luxury House For Sale Prime Location,Bedrooms: 4 | Bathrooms: 5,MEMBER,"Rs 82,000,000",4 days
https://ikman.lk/en/ad/valuable-brand-new-house-in-homagama-for-sale-colombo,Valuable Brand new House In Homagama,Bedrooms: 4 | Bathrooms: 2,MEMBER,"Rs 18,800,000",4 days
https://ikman.lk/en/ad/house-for-sale-in-thalapathpitiya-nugegoda-for-sale-colombo-3,"House for Sale in Thalapathpitiya, Nugegoda",Bedrooms: 3 | Bathrooms: 3,MEMBER,"Rs 48,000,000",4 days
https://ikman.lk/en/ad/spacious-family-home-for-sale-in-pannipitiya-12-perches-for-sale-colombo,Spacious Family Home for Sale in Pannipitiya – 12 Perches,Bedrooms: 4 | Bathrooms: 3,MEMBER,"Rs 79,500,000",4 days
https://ikman.lk/en/ad/well-build-brand-new-single-house-sale-homagama-for-sale-colombo,Well Build Brand New Single House Sale Homagama,Bedrooms: 4 | Bathrooms: 2,MEMBER,"Rs 19,500,000",4 days
https://ikman.lk/en/ad/single-storied-house-for-sale-homagama-for-sale-colombo,Single Storied House For Sale Homagama,Bedrooms: 3 | Bathrooms: 2,MEMBER,"Rs 16,700,000",4 days
https://ikman.lk/en/ad/brand-new-2-story-house-for-sale-in-piliyandala-for-sale-colombo-181,Brand New 2 Story House for Sale in Piliyandala,Bedrooms: 4 | Bathrooms: 3,MEMBER,"Rs 44,000,000",4 days
https://ikman.lk/en/ad/4-bedroom-family-home-for-sale-in-malabe-for-sale-colombo,4 Bedroom Family Home for Sale in Malabe,Bedrooms: 4 | Bathrooms: 2,MEMBER,"Rs 25,000,000",4 days
https://ikman.lk/en/ad/beautiful-modern-house-for-sale-in-malabe-for-sale-colombo-3,Beautiful Modern House for Sale in Malabe,Bedrooms: 5 | Bathrooms: 3,MEMBER,"Rs 71,000,000",4 days
https://ikman.lk/en/ad/modern-box-type-brand-new-home-for-sale-malabe-prime-area-for-sale-colombo,Modern Box-Type Brand New Home for Sale – Malabe Prime Area,Bedrooms: 3 | Bathrooms: 2,MEMBER,"Rs 38,000,000",4 days
https://ikman.lk/en/ad/modern-luxury-home-for-sale-athurugiriya-for-sale-colombo,Modern Luxury Home for Sale – Athurugiriya,Bedrooms: 4 | Bathrooms: 4,MEMBER,"Rs 47,500,000",4 days
https://ikman.lk/en/ad/2-storied-brand-new-house-in-talawatugoda-for-sale-colombo-1,2 storied Brand New house In Talawatugoda,Bedrooms: 4 | Bathrooms: 4,MEMBER,"Rs 69,500,000",4 days
https://ikman.lk/en/ad/with-furniture-2-storey-house-for-sale-athurugiriya-highway-for-sale-colombo-21,With Furniture 2-Storey House for Sale – Athurugiriya highway,Bedrooms: 3 | Bathrooms: 3,MEMBER,"Rs 34,000,000",4 days
https://ikman.lk/en/ad/single-storey-house-for-sale-millennium-city-for-sale-colombo-12,Single-Storey House for Sale – Millennium City,Bedrooms: 3 | Bathrooms: 1,MEMBER,"Rs 19,900,000",4 days
https://ikman.lk/en/ad/modern-architect-designed-house-for-sale-athurugiriya-for-sale-colombo-3,Modern Architect-Designed House for Sale Athurugiriya,Bedrooms: 2 | Bathrooms: 2,MEMBER,"Rs 28,500,000",4 days
https://ikman.lk/en/ad/modern-2-storey-house-for-sale-grandpass-colombo-14-for-sale-colombo,"Modern 2-Storey House for Sale – Grandpass, Colombo 14",Bedrooms: 2 | Bathrooms: 2,MEMBER,"Rs 12,000,000",4 days
https://ikman.lk/en/ad/thalawathugoda-house-for-sale-for-sale-colombo-218,Thalawathugoda House for Sale,Bedrooms: 4 | Bathrooms: 3,MEMBER,"Rs 67,000,000",4 days
https://ikman.lk/en/ad/super-brand-new-house-sale-talawatugoda-for-sale-colombo-7,Super Brand new House Sale Talawatugoda,Bedrooms: 4 | Bathrooms: 3,MEMBER,"Rs 53,500,000",4 days
https://ikman.lk/en/ad/house-sale-with-furniture-for-sale-colombo-1,House Sale With Furniture,Bedrooms: 3 | Bathrooms: 2,MEMBER,"Rs 35,000,000",4 days
https://ikman.lk/en/ad/brand-new-modern-house-for-sale-in-godagama-junction-for-sale-colombo,Brand New Modern house for sale in Godagama junction,Bedrooms: 3 | Bathrooms: 2,,"Rs 19,500,000",4 days
https://ikman.lk/en/ad/vel-yaayktt-maayimv-kaaptt-paarttm-muhunnlaa-nivsk-kk-14653-for-sale-colombo,🌾 වෙල් යායකට මායිම්ව 🛣️ කාපට් පාරටම මුහුණලා නිවසක් / KK 14653,Bedrooms: 5 | Bathrooms: 1,MEMBER,"Rs 8,800,000",4 days
https://ikman.lk/en/ad/beautiful-brand-new-house-sale-malabe-for-sale-colombo-31,Beautiful Brand New House Sale Malabe,Bedrooms: 4 | Bathrooms: 4,MEMBER,"Rs 49,000,000",4 days
https://ikman.lk/en/ad/all-facility-with-brand-new-house-in-malabe-for-sale-colombo-16,All Facility With Brand New House In Malabe,Bedrooms: 3 | Bathrooms: 3,MEMBER,"Rs 34,000,000",4 days
https://ikman.lk/en/ad/luxury-brand-new-house-for-sale-in-piliyandala-kesbewa-for-sale-colombo-14,Luxury Brand New House for sale in Piliyandala Kesbewa,Bedrooms: 4 | Bathrooms: 3,MEMBER,"Rs 44,000,000",4 days
https://ikman.lk/en/ad/single-story-brand-new-house-for-sale-in-piliyandala-for-sale-colombo-38,Single Story Brand New House for Sale in Piliyandala,Bedrooms: 3 | Bathrooms: 2,MEMBER,"Rs 23,500,000",4 days
https://ikman.lk/en/ad/brand-new-2-story-house-for-sale-in-boralesgamuwa-for-sale-colombo-1,Brand New 2 Story House for Sale in Boralesgamuwa,Bedrooms: 4 | Bathrooms: 2,MEMBER,"Rs 29,500,000",4 days
https://ikman.lk/en/ad/brand-new-luxury-house-for-sale-in-dehiwala-for-sale-colombo-1,brand new luxury house for sale in dehiwala,Bedrooms: 5 | Bathrooms: 5,MEMBER,"Rs 180,000,000",4 days
https://ikman.lk/en/ad/architecture-designed-luxury-house-in-malabe-for-sale-colombo,Architecture Designed Luxury House In Malabe,Bedrooms: 4 | Bathrooms: 5,MEMBER,"Rs 59,500,000",4 days
https://ikman.lk/en/ad/beautiful-modern-brand-new-house-for-sale-in-athurugiriya-for-sale-colombo-12,Beautiful Modern Brand New House for Sale in Athurugiriya,Bedrooms: 3 | Bathrooms: 2,MEMBER,"Rs 31,500,000",4 days
https://ikman.lk/en/ad/nawala-8-perch-3-storey-5br-super-luxury-house-for-sale-for-sale-colombo-2,Nawala 8 Perch 3 Storey 5BR Super Luxury House For Sale,Bedrooms: 5 | Bathrooms: 4,MEMBER,"Rs 79,000,000",4 days
https://ikman.lk/en/ad/valuable-house-for-sale-in-boralesgamuwa-for-sale-colombo-2,Valuable House for Sale in Boralesgamuwa,Bedrooms: 5 | Bathrooms: 5,,"Rs 58,000,000",4 days
https://ikman.lk/en/ad/sh1459-two-storey-house-for-sale-in-palawatta-for-sale-colombo-9,(SH1459) Two Storey House for Sale in Palawatta,Bedrooms: 4 | Bathrooms: 3,MEMBER,"Rs 95,000,000",4 days
https://ikman.lk/en/ad/elegant-battaramulla-5-br-house-for-sale-for-sale-colombo-2,Elegant Battaramulla 5 BR House For Sale,Bedrooms: 5 | Bathrooms: 5,MEMBER,"Rs 105,000,000",4 days
https://ikman.lk/en/ad/roof-top-with-brand-new-house-sale-malabe-for-sale-colombo-1,Roof Top With Brand New House Sale Malabe,Bedrooms: 3 | Bathrooms: 2,MEMBER,"Rs 29,000,000",4 days
https://ikman.lk/en/ad/brand-new-2-story-house-for-sale-in-moratuwa-piliyandala-for-sale-colombo-2,Brand New 2 Story House for Sale in Moratuwa Piliyandala,Bedrooms: 4 | Bathrooms: 2,MEMBER,"Rs 29,500,000",4 days
https://ikman.lk/en/ad/battaramulla-11-perch-single-storey-spacious-house-for-sale-for-sale-colombo-11,Battaramulla 11 Perch Single Storey Spacious House For Sale,Bedrooms: 3 | Bathrooms: 2,MEMBER,"Rs 32,000,000",4 days
https://ikman.lk/en/ad/brand-new-beautiful-modern-house-for-sale-in-kesbewa-piliyandala-for-sale-colombo-1,"Brand New Beautiful Modern House for Sale in Kesbewa, Piliyandala",Bedrooms: 4 | Bathrooms: 3,MEMBER,"Rs 33,500,000",4 days
https://ikman.lk/en/ad/battaramulla-architect-designed-super-luxury-house-for-sale-for-sale-colombo-9,Battaramulla Architect-Designed Super Luxury House for Sale,Bedrooms: 3 | Bathrooms: 3,MEMBER,"Rs 67,500,000",4 days
https://ikman.lk/en/ad/maharagama-3-storey-6br-solar-a-c-super-luxury-house-for-sale-for-sale-colombo-2,Maharagama 3 Storey 6BR Solar A/C Super Luxury House For Sale,Bedrooms: 6 | Bathrooms: 3,MEMBER,"Rs 59,900,000",4 days
https://ikman.lk/en/ad/2-stories-hours-for-sale-in-malebe-for-sale-colombo-1,2 STORIES HOURS For SALE in MALEBE,Bedrooms: 5 | Bathrooms: 3,,"Rs 41,000,000",4 days
https://ikman.lk/en/ad/battaramulla-architecture-designed-brand-new-house-for-sale-for-sale-colombo-3,Battaramulla Architecture-Designed Brand New House for Sale,Bedrooms: 5 | Bathrooms: 5,MEMBER,"Rs 175,000,000",4 days
https://ikman.lk/en/ad/two-storied-box-type-house-for-sale-in-kahanthota-road-malabe-for-sale-colombo,"Two storied Box type House for Sale in Kahanthota Road, Malabe.",Bedrooms: 4 | Bathrooms: 3,MEMBER,"Rs 45,000,000",4 days
https://ikman.lk/en/ad/super-house-for-sale-with-furnitured-battaramulla-for-sale-colombo,super house for sale with furnitured battaramulla,Bedrooms: 4 | Bathrooms: 4,MEMBER,"Rs 255,000,000",4 days
https://ikman.lk/en/ad/35p-3st-super-luxury-house-for-sale-in-pitakotte-for-sale-colombo,35p 3st super luxury house for sale in pitakotte,Bedrooms: 6 | Bathrooms: 6,MEMBER,"Rs 300,000,000",4 days
https://ikman.lk/en/ad/two-storey-house-for-sale-gothatuwa-for-sale-colombo-1,Two - Storey House for Sale – Gothatuwa,Bedrooms: 4 | Bathrooms: 3,MEMBER,"Rs 30,000,000",4 days
https://ikman.lk/en/ad/3-bed-with-brand-new-house-sale-athurugiriya-for-sale-colombo-42,3 Bed With Brand New House Sale Athurugiriya,Bedrooms: 3 | Bathrooms: 2,MEMBER,"Rs 19,500,000",4 days
https://ikman.lk/en/ad/brand-new-well-architecture-design-single-storey-house-in-polgasowita-for-sale-colombo,Brand New Well Architecture Design Single Storey House in Polgasowita,Bedrooms: 3 | Bathrooms: 3,MEMBER,"Rs 22,500,000",4 days
https://ikman.lk/en/ad/three-storied-house-for-sale-koshene-road-malabe-for-sale-colombo-5,"Three Storied House for Sale – Koshene Road, Malabe.",Bedrooms: 5 | Bathrooms: 3,MEMBER,"Rs 37,500,000",4 days
https://ikman.lk/en/ad/two-storey-house-for-sale-in-piliyandala-for-sale-colombo-171,Two Storey House for Sale in Piliyandala,Bedrooms: 6 | Bathrooms: 3,MEMBER,"Rs 75,000,000",4 days
https://ikman.lk/en/ad/elegant-two-story-family-home-for-sale-malabe-mihindu-mawatha-for-sale-colombo-4,Elegant Two-Story Family Home for Sale – Malabe (Mihindu Mawatha),Bedrooms: 4 | Bathrooms: 3,MEMBER,"Rs 30,000,000",4 days
https://ikman.lk/en/ad/house-with-land-for-sale-in-nugegoda-for-sale-colombo-8,House with Land for Sale in Nugegoda,Bedrooms: 3 | Bathrooms: 2,MEMBER,"Rs 45,000,000",4 days
https://ikman.lk/en/ad/colombo-07-higly-residential-location-super-luxury-house-for-sale-for-sale-colombo-15,Colombo 07 Higly Residential Location Super Luxury House For Sale,Bedrooms: 3 | Bathrooms: 4,MEMBER,"Rs 230,000,000",4 days
https://ikman.lk/en/ad/nviintm-nivs-vikinniimtt-piliyandala-kesbawa-junction-for-sale-colombo,නවීනතම නිවස විකිණීමට PILIYANDALA KESBAWA JUNCTION,Bedrooms: 4 | Bathrooms: 3,MEMBER,"Rs 46,500,000",4 days
https://ikman.lk/en/ad/8-bedroom-super-luxury-house-with-pool-nugegoda-for-sale-colombo,8 Bedroom Super Luxury House with Pool – Nugegoda,Bedrooms: 8 | Bathrooms: 6,MEMBER,"Rs 200,000,000",4 days
https://ikman.lk/en/ad/house-for-sale-in-piliyandala-kk-13014-for-sale-colombo-2,House for sale in piliyandala / KK 13014,Bedrooms: 4 | Bathrooms: 3,MEMBER,"Rs 37,000,000",4 days
https://ikman.lk/en/ad/brand-new-2-story-house-for-sale-in-piliyandala-for-sale-colombo-182,Brand New 2 Story House for Sale in Piliyandala,Bedrooms: 4 | Bathrooms: 2,MEMBER,"Rs 29,500,000",4 days
https://ikman.lk/en/ad/brand-new-box-type-two-storey-house-for-sale-in-piliyandala-for-sale-colombo,Brand New Box Type Two Storey House For Sale In Piliyandala,Bedrooms: 4 | Bathrooms: 2,MEMBER,"Rs 29,500,000",4 days
https://ikman.lk/en/ad/three-storey-modern-house-for-sale-in-pannipitiya-for-sale-colombo-2,Three Storey Modern House for Sale in Pannipitiya,Bedrooms: 6 | Bathrooms: 6,MEMBER,"Rs 59,000,000",4 days
https://ikman.lk/en/ad/battaramulla-wickramasinghapura-luxury-house-for-sale-in-prime-location-for-sale-colombo-1,Battaramulla Wickramasinghapura Luxury House for Sale in Prime Location,Bedrooms: 4 | Bathrooms: 3,MEMBER,"Rs 67,500,000",4 days
https://ikman.lk/en/ad/two-storied-best-house-sale-athurugiriya-for-sale-colombo-7,Two Storied Best House Sale Athurugiriya,Bedrooms: 3 | Bathrooms: 2,MEMBER,"Rs 25,500,000",4 days
https://ikman.lk/en/ad/single-storey-house-for-sale-in-moratuwa-for-sale-colombo-4,Single Storey House for Sale in Moratuwa,Bedrooms: 2 | Bathrooms: 2,MEMBER,"Rs 32,000,000",4 days
https://ikman.lk/en/ad/two-storey-house-for-sale-in-kottawa-for-sale-colombo-209,Two Storey House for Sale in Kottawa,Bedrooms: 3 | Bathrooms: 2,MEMBER,"Rs 29,500,000",4 days
https://ikman.lk/en/ad/elegant-2-storey-house-for-sale-battaramulla-for-sale-colombo-1,Elegant 2-Storey House for Sale – Battaramulla,Bedrooms: 5 | Bathrooms: 3,MEMBER,"Rs 160,000,000",4 days
https://ikman.lk/en/ad/tnimhl-brand-new-nivsk-vikinniimtt-aet-boralesgamuwa-for-sale-colombo-1,තනිමහල් Brand New නිවසක් විකිණීමට ඇත - Boralesgamuwa,Bedrooms: 3 | Bathrooms: 2,MEMBER,"Rs 23,500,000",4 days
https://ikman.lk/en/ad/luxury-modern-3-storey-house-for-sale-nawinna-udahamulla-for-sale-colombo-1,"Luxury Modern 3-Storey House for Sale – Nawinna, Udahamulla",Bedrooms: 4 | Bathrooms: 4,MEMBER,"Rs 52,000,000",4 days
https://ikman.lk/en/ad/tnimhl-brand-new-nivsk-vikinniimtt-aet-moratuwa-for-sale-colombo-1,තනිමහල් Brand New නිවසක් විකිණීමට ඇත - Moratuwa,Bedrooms: 3 | Bathrooms: 2,MEMBER,"Rs 23,500,000",4 days
https://ikman.lk/en/ad/brand-new-3-bedrooms-house-for-sale-in-homagama-kiriwaththuduwa-for-sale-colombo-51,Brand New 3 Bedrooms House for sale in Homagama Kiriwaththuduwa,Bedrooms: 3 | Bathrooms: 2,MEMBER,"Rs 22,500,000",4 days
https://ikman.lk/en/ad/house-for-sale-in-ratmalana-for-sale-colombo-907,House For Sale In Ratmalana,Bedrooms: 3 | Bathrooms: 1,MEMBER,"Rs 37,500,000",4 days
https://ikman.lk/en/ad/house-for-sale-colombo-06-for-sale-colombo-13,House For Sale Colombo 06,Bedrooms: 5 | Bathrooms: 5,MEMBER,"Rs 225,000,000",4 days
https://ikman.lk/en/ad/two-storey-house-for-sale-in-mount-lavinia-for-sale-colombo-32,Two Storey House For Sale In Mount Lavinia,Bedrooms: 5 | Bathrooms: 4,MEMBER,"Rs 67,500,000",4 days
https://ikman.lk/en/ad/luxury-4br-house-with-3-car-parking-pannipitiya-for-sale-colombo,Luxury 4BR House with 3-Car Parking – Pannipitiya,Bedrooms: 4 | Bathrooms: 3,MEMBER,"Rs 79,500,000",4 days
https://ikman.lk/en/ad/brand-new-house-for-sale-in-dehiwala-for-sale-colombo-229,Brand New House For Sale in Dehiwala,Bedrooms: 4 | Bathrooms: 3,MEMBER,"Rs 95,000,000",4 days
https://ikman.lk/en/ad/ultra-luxury-two-storey-residence-in-prime-thalawathugoda-for-sale-colombo-67,Ultra-Luxury Two-Storey Residence in Prime Thalawathugoda,Bedrooms: 5 | Bathrooms: 3,MEMBER,"Rs 115,000,000",4 days
https://ikman.lk/en/ad/beautiful-family-home-for-sale-thalawathugoda-for-sale-colombo-2,Beautiful Family Home for Sale – Thalawathugoda,Bedrooms: 5 | Bathrooms: 3,MEMBER,"Rs 56,000,000",4 days
https://ikman.lk/en/ad/two-storey-house-for-sale-in-colombo-10-for-sale-colombo-107,Two Storey House for Sale in Colombo 10,Bedrooms: 4 | Bathrooms: 2,MEMBER,"Rs 50,000,000",4 days
https://ikman.lk/en/ad/tnimhl-brand-new-nivsk-vikinniimtt-aet-piliyandala-for-sale-colombo-2,තනිමහල් Brand New නිවසක් විකිණීමට ඇත - Piliyandala,Bedrooms: 3 | Bathrooms: 2,MEMBER,"Rs 23,500,000",4 days
https://ikman.lk/en/ad/house-for-sale-in-dehiwala-for-sale-colombo-3476,House For Sale In Dehiwala,Bedrooms: 5 | Bathrooms: 3,MEMBER,"Rs 122,000,000",4 days
https://ikman.lk/en/ad/house-for-sale-in-dehiwala-for-sale-colombo-3475,House For Sale In Dehiwala,Bedrooms: 4 | Bathrooms: 3,MEMBER,"Rs 100,000,000",4 days
https://ikman.lk/en/ad/single-storey-old-house-for-sale-in-colombo-10-for-sale-colombo,Single Storey Old House for Sale in Colombo 10,Bedrooms: 3 | Bathrooms: 2,MEMBER,"Rs 27,000,000",4 days
https://ikman.lk/en/ad/brand-new-3-bedrooms-house-for-sale-in-piliyandala-kahathuduwa-for-sale-colombo-58,Brand new 3 Bedrooms House for sale in Piliyandala Kahathuduwa,Bedrooms: 3 | Bathrooms: 2,MEMBER,"Rs 25,000,000",4 days
https://ikman.lk/en/ad/sale-piliyandala-1-story-unfurnished-house-for-nzms3061-for-sale-colombo,"Sale Piliyandala, 1 Story, Unfurnished House For (NZMS3061)",Bedrooms: 3 | Bathrooms: 2,MEMBER,"Rs 18,500,000",4 days
https://ikman.lk/en/ad/sale-thalawathugoda-single-story-house-with-basement-mgs2033-for-sale-colombo,"Sale Thalawathugoda, Single Story House With Basement (MGS2033)",Bedrooms: 3 | Bathrooms: 2,MEMBER,"Rs 49,000,000",4 days
https://ikman.lk/en/ad/sale-mount-lavinia-single-story-house-with-3-parking-s141-for-sale-colombo,Sale Mount Lavinia Single Story House With 3 Parking (S141),Bedrooms: 3 | Bathrooms: 2,MEMBER,"Rs 55,000,000",4 days
https://ikman.lk/en/ad/luxury-solar-powered-home-for-sale-on-23-perches-battaramulla-for-sale-colombo,Luxury Solar-Powered Home for Sale on 23 Perches – Battaramulla,Bedrooms: 3 | Bathrooms: 3,MEMBER,"Rs 58,000,000",4 days
https://ikman.lk/en/ad/brand-new-three-storey-house-for-sale-in-wellampitiya-for-sale-colombo,Brand New Three-Storey House for Sale in Wellampitiya,Bedrooms: 4 | Bathrooms: 3,MEMBER,"Rs 33,000,000",4 days
https://ikman.lk/en/ad/house-for-sale-in-madapatha-piliyandala-for-sale-colombo-2,"House for Sale in Madapatha, Piliyandala",Bedrooms: 4 | Bathrooms: 1,,"Rs 17,000,000",4 days
https://ikman.lk/en/ad/prcs-168-k-alnkaar-alutm-nivs-ikmnin-vikiniimtt-mttegodd-for-sale-colombo,පර්චස් 16.8 ක අලංකාර අලුත්ම නිවස ඉක්මනින් විකිනීමට - මත්තෙගොඩ,Bedrooms: 5 | Bathrooms: 3,MEMBER,"Rs 37,000,000",4 days
https://ikman.lk/en/ad/house-for-sale-with-18-perch-land-for-sale-colombo,HOUSE for SALE with (18 Perch LAND ),Bedrooms: 2 | Bathrooms: 1,,"Rs 35,550,000",4 days
https://ikman.lk/en/ad/single-storey-house-for-sale-in-wellampitiya-for-sale-colombo-863,Single Storey House for Sale in Wellampitiya,Bedrooms: 3 | Bathrooms: 2,MEMBER,"Rs 15,500,000",4 days
https://ikman.lk/en/ad/luxury-4-bedrooms-modern-house-for-sale-piliyandala-polgasowita-for-sale-colombo-10,Luxury 4 Bedrooms Modern House for sale Piliyandala Polgasowita,Bedrooms: 4 | Bathrooms: 2,MEMBER,"Rs 33,000,000",4 days
https://ikman.lk/en/ad/luxury-house-for-sale-in-kahatuduwa-for-sale-colombo-73,Luxury House For Sale in Kahatuduwa,Bedrooms: 3 | Bathrooms: 2,MEMBER,"Rs 24,500,000",4 days
https://ikman.lk/en/ad/luxury-house-for-sale-in-piliyandala-with-115-prches-for-sale-colombo,Luxury House For Sale in Piliyandala With 11.5 Prches,Bedrooms: 4 | Bathrooms: 3,MEMBER,"Rs 44,000,000",4 days
https://ikman.lk/en/ad/4-br-apartment-for-sale-in-colombo-2-pda298-for-sale-colombo-9,4 BR Apartment for Sale in Colombo 2- PDA298,Bedrooms: 4 | Bathrooms: 4,MEMBER,"Rs 330,000,000",4 days
https://ikman.lk/en/ad/3-bedrooms-house-for-sale-in-piliyandala-kesbawa-for-sale-colombo-26,3 Bedrooms House for Sale in -Piliyandala Kesbawa,Bedrooms: 3 | Bathrooms: 2,MEMBER,"Rs 22,500,000",4 days
https://ikman.lk/en/ad/11-perches-mordern-2-storied-luxury-house-in-kasbawa-for-sale-colombo,11 Perches - Mordern 2 Storied Luxury House in Kasbawa,Bedrooms: 3 | Bathrooms: 3,MEMBER,"Rs 43,000,000",4 days
https://ikman.lk/en/ad/luxury-house-for-sale-in-batuwandara-for-sale-colombo-7,Luxury House For Sale in Batuwandara,Bedrooms: 4 | Bathrooms: 2,MEMBER,"Rs 34,500,000",4 days
https://ikman.lk/en/ad/sh1545-three-storey-house-for-sale-in-pelawatta-akuregoda-junction-for-sale-colombo-1,(SH1545) Three Storey House for Sale in Pelawatta akuregoda junction,Bedrooms: 4 | Bathrooms: 4,MEMBER,"Rs 125,000,000",4 days
https://ikman.lk/en/ad/4-bedroom-house-for-sale-at-kaduwela-for-sale-colombo-1,4 Bedroom House for Sale at Kaduwela,Bedrooms: 4 | Bathrooms: 2,,"Rs 29,000,000",4 days
https://ikman.lk/en/ad/modern-2-storey-house-for-sale-in-thalawathugoda-dolalanda-gardens-for-sale-colombo-4,Modern 2-Storey House for Sale in Thalawathugoda – Dolalanda Gardens,Bedrooms: 4 | Bathrooms: 2,MEMBER,"Rs 75,000,000",4 days
https://ikman.lk/en/ad/ultra-luxury-two-storey-residence-in-prime-thalawathugoda-for-sale-colombo-66,Ultra-Luxury Two-Storey Residence in Prime Thalawathugoda,Bedrooms: 5 | Bathrooms: 3,MEMBER,"Rs 115,000,000",4 days
https://ikman.lk/en/ad/angsmpurnn-alnkaar-nviin-nv-nivsk-vikinniimtt-kirivttudduv-for-sale-colombo,අංගසම්පුර්ණ අලංකාර නවීන නව නිවසක් විකිණීමට - කිරිවත්තුඩුව,Bedrooms: 3 | Bathrooms: 2,,"Rs 17,500,000",
https://ikman.lk/en/ad/kaaptt-paartt-muhunnlaa-angsmpuurnn-nivsk-kk-8340-for-sale-colombo,කාපට් පාරට මුහුණලා අංගසම්පූර්ණ නිවසක් / KK 8340,Bedrooms: 3 | Bathrooms: 2,MEMBER,"Rs 19,500,000",4 days
https://ikman.lk/en/ad/super-luxury-3-storey-architectural-house-for-sale-kalalgoda-for-sale-colombo-21,"Super Luxury 3-Storey Architectural House for Sale – Kalalgoda,",Bedrooms: 5 | Bathrooms: 5,MEMBER,"Rs 78,000,000",4 days
https://ikman.lk/en/ad/luxury-upstair-house-for-sale-in-nugegoda-for-sale-colombo-4,Luxury Upstair House for Sale in Nugegoda.,Bedrooms: 4 | Bathrooms: 4,MEMBER,"Rs 75,000,000",4 days
https://ikman.lk/en/ad/two-storied-well-maintained-house-for-sale-very-close-to-main-road-for-sale-colombo,Two Storied Well-Maintained House for Sale - Very Close to Main Road,Bedrooms: 4 | Bathrooms: 3,MEMBER,"Rs 36,000,000",4 days
https://ikman.lk/en/ad/brand-new-2-storey-house-for-sale-athurugiriya-prime-residential-area-for-sale-colombo-4,Brand New 2-Storey House for Sale – Athurugiriya Prime Residential Area,Bedrooms: 3 | Bathrooms: 3,MEMBER,"Rs 34,000,000",4 days
https://ikman.lk/en/ad/brand-new-luxury-house-for-sale-at-homagama-town-for-sale-colombo,Brand New Luxury House for Sale at Homagama Town,Bedrooms: 5 | Bathrooms: 4,MEMBER,"Rs 45,000,000",4 days
https://ikman.lk/en/ad/comfortable-family-home-for-sale-athurugiriya-area-for-sale-colombo,Comfortable Family Home for Sale – Athurugiriya Area,Bedrooms: 3 | Bathrooms: 2,MEMBER,"Rs 21,000,000",4 days
https://ikman.lk/en/ad/2-storied-house-for-sale-in-malabe-for-sale-colombo-2,2 Storied House For Sale in Malabe,Bedrooms: 3 | Bathrooms: 2,MEMBER,"Rs 27,500,000",4 days
https://ikman.lk/en/ad/brand-new-single-storey-house-in-kahathuduwa-for-sale-colombo-1,Brand New Single Storey House in Kahathuduwa,Bedrooms: 3 | Bathrooms: 2,MEMBER,"Rs 19,000,000",4 days
https://ikman.lk/en/ad/new-luxury-house-for-sale-pannipitiya-for-sale-colombo,New Luxury House for Sale – Pannipitiya,Bedrooms: 2 | Bathrooms: 2,MEMBER,"Rs 39,000,000",4 days
https://ikman.lk/en/ad/house-for-sale-great-location-for-sale-colombo-28,House for Sale – Great Location,Bedrooms: 5 | Bathrooms: 3,MEMBER,"Rs 65,000,000",4 days
https://ikman.lk/en/ad/vttinaa-demhl-nivsk-tlvtugodd-for-sale-colombo,වටිනා දෙමහල් නිවසක් තලවතුගොඩ,Bedrooms: 4 | Bathrooms: 4,MEMBER,"Rs 48,000,000",4 days
https://ikman.lk/en/ad/two-storied-modern-luxury-house-sale-talawatugoda-for-sale-colombo,Two Storied Modern Luxury House Sale Talawatugoda,Bedrooms: 4 | Bathrooms: 3,MEMBER,"Rs 135,000,000",4 days
https://ikman.lk/en/ad/valuable-house-sale-malabe-for-sale-colombo-13,Valuable House Sale Malabe,Bedrooms: 4 | Bathrooms: 2,MEMBER,"Rs 30,000,000",4 days
https://ikman.lk/en/ad/house-for-sale-in-nugegoda-sa4208-for-sale-colombo-1,House For Sale In Nugegoda ( SA4208),Bedrooms: 3 | Bathrooms: 2,,"Rs 45,000,000",4 days
https://ikman.lk/en/ad/brand-new-house-for-sale-athurugiriya-for-sale-colombo-872,Brand New House for Sale Athurugiriya,Bedrooms: 4 | Bathrooms: 4,MEMBER,"Rs 45,000,000",4 days
https://ikman.lk/en/ad/ultra-modern-brand-new-house-sale-pannipitiya-for-sale-colombo,Ultra Modern Brand New House Sale Pannipitiya,Bedrooms: 6 | Bathrooms: 5,MEMBER,"Rs 52,000,000",4 days
https://ikman.lk/en/ad/valuable-house-for-sale-kottawa-for-sale-colombo-4,Valuable House For Sale Kottawa,Bedrooms: 4 | Bathrooms: 3,MEMBER,"Rs 31,500,000",4 days
https://ikman.lk/en/ad/super-luxury-house-sale-battaramulla-for-sale-colombo-13,Super Luxury House Sale Battaramulla,Bedrooms: 4 | Bathrooms: 4,MEMBER,"Rs 255,000,000",4 days
https://ikman.lk/en/ad/single-storied-brand-new-house-sale-talahena-battaramulla-for-sale-colombo,"Single Storied Brand New House sale Talahena , Battaramulla",Bedrooms: 3 | Bathrooms: 3,MEMBER,"Rs 29,000,000",4 days
https://ikman.lk/en/ad/10-p-with-super-house-sale-malabe-for-sale-colombo,10 P With Super House Sale Malabe,Bedrooms: 3 | Bathrooms: 2,MEMBER,"Rs 28,500,000",4 days
https://ikman.lk/en/ad/single-storied-super-house-sale-malabe-for-sale-colombo-9,Single Storied Super House Sale Malabe,Bedrooms: 3 | Bathrooms: 3,MEMBER,"Rs 26,500,000",4 days
https://ikman.lk/en/ad/brand-new-two-storied-house-sale-talawatugoda-for-sale-colombo,Brand New Two Storied House sale Talawatugoda,Bedrooms: 4 | Bathrooms: 4,MEMBER,"Rs 53,500,000",4 days
https://ikman.lk/en/ad/architecture-designed-luxury-house-for-sale-in-piliyandala-for-sale-colombo-28,Architecture Designed luxury House for sale in Piliyandala,Bedrooms: 5 | Bathrooms: 4,MEMBER,"Rs 60,000,000",4 days
https://ikman.lk/en/ad/sukhoopbhoogii-nviin-demhl-nivs-vikinniimtt-kottawa-mattegoda-for-sale-colombo-3,සුඛෝපභෝගී නවීන දෙමහල් නිවස විකිණීමට Kottawa Mattegoda,Bedrooms: 4 | Bathrooms: 3,MEMBER,"Rs 46,500,000",4 days
https://ikman.lk/en/ad/luxury-modern-two-story-house-for-sale-in-piliyandala-for-sale-colombo,Luxury Modern Two Story House for Sale in Piliyandala,Bedrooms: 4 | Bathrooms: 3,MEMBER,"Rs 36,500,000",4 days
https://ikman.lk/en/ad/super-luxury-katubedda-moratuwa-brand-new-house-for-sale-for-sale-colombo,Super Luxury Katubedda Moratuwa - Brand-New House For SAle,Bedrooms: 4 | Bathrooms: 4,MEMBER,"Rs 68,500,000",4 days
https://ikman.lk/en/ad/modern-2-storied-house-for-a-special-price-athurugiriya-for-sale-colombo,Modern 2 Storied House For a SPECIAL PRICE - Athurugiriya,Bedrooms: 4 | Bathrooms: 2,MEMBER,"Rs 24,000,000",4 days
https://ikman.lk/en/ad/alutm-demhl-nivsk-piliyndl-kottttaav-bs-paar-addrin-vikinniimtt-for-sale-colombo,අලුත්ම දෙමහල් නිවසක් පිලියන්දල කොට්ටාව බස් පාර අද්දරින් විකිණීමට,Bedrooms: 4 | Bathrooms: 3,MEMBER,"Rs 36,000,000",4 days
https://ikman.lk/en/ad/nviin-pnnytt-saeduu-nivs-vikinniimtt-piliyandala-kahathuduwa-for-sale-colombo-3,නවීන පන්නයට සැදූ නිවස විකිණීමට Piliyandala Kahathuduwa,Bedrooms: 3 | Bathrooms: 2,MEMBER,"Rs 26,000,000",4 days
https://ikman.lk/en/ad/spacious-house-for-sale-in-kaduwela-for-sale-colombo,SPACIOUS HOUSE FOR SALE IN KADUWELA,Bedrooms: 3 | Bathrooms: 2,MEMBER,"Rs 13,000,000",4 days
https://ikman.lk/en/ad/architecturally-designed-luxury-two-story-house-for-sale-piliyandala-for-sale-colombo-2,Architecturally Designed Luxury Two Story House for Sale-Piliyandala,Bedrooms: 5 | Bathrooms: 5,MEMBER,"Rs 75,000,000",4 days
https://ikman.lk/en/ad/ultra-luxury-brand-new-house-for-sale-piliyandala-for-sale-colombo,Ultra Luxury Brand New House for Sale – Piliyandala,Bedrooms: 5 | Bathrooms: 3,MEMBER,"Rs 62,500,000",3 days
https://ikman.lk/en/ad/architecture-designed-luxury-house-for-sale-in-piliyandala-madapatha-rd-for-sale-colombo-2,Architecture Designed Luxury House for sale in Piliyandala Madapatha Rd,Bedrooms: 4 | Bathrooms: 3,MEMBER,"Rs 42,000,000",4 days
https://ikman.lk/en/ad/luxury-well-designed-and-build-house-with-beautiful-garden-nugegoda-town-for-sale-colombo,Luxury Well Designed & Build House With Beautiful Garden - Nugegoda Town,Bedrooms: 4 | Bathrooms: 3,MEMBER,"Rs 85,000,000",4 days
https://ikman.lk/en/ad/house-for-sale-nugegoda-delkanda-prime-location-facing-the-lake-for-sale-colombo,House For Sale Nugegoda Delkanda - Prime Location Facing the Lake,Bedrooms: 4 | Bathrooms: 2,MEMBER,"Rs 79,500,000",4 days
https://ikman.lk/en/ad/two-story-house-for-sale-in-maharagama-nugagoda-road-119-for-sale-colombo,TWO STORY HOUSE FOR SALE IN MAHARAGAMA NUGAGODA ROAD (119),Bedrooms: 4 | Bathrooms: 3,MEMBER,"Rs 54,000,000",4 days
https://ikman.lk/en/ad/luxury-house-for-sale-in-piliyandala-with-pool-for-sale-colombo-1,Luxury House For Sale in Piliyandala With Pool,Bedrooms: 5 | Bathrooms: 3,MEMBER,"Rs 65,000,000",4 days
https://ikman.lk/en/ad/13-perches-bricks-walls-luxury-2-storied-house-mattegoda-for-sale-colombo,13 Perches - Bricks Walls Luxury 2 Storied House Mattegoda,Bedrooms: 4 | Bathrooms: 3,MEMBER,"Rs 45,000,000",4 days
https://ikman.lk/en/ad/nidn-kaamr-3k-nviintm-nivs-vikinniimtt-piliyandala-polgasowita-for-sale-colombo-6,නිදන කාමර 3ක නවීනතම නිවස විකිණීමට PILIYANDALA POLGASOWITA,Bedrooms: 3 | Bathrooms: 2,MEMBER,"Rs 20,000,000",4 days
https://ikman.lk/en/ad/brand-new-single-house-for-sale-in-kottawa-diyagama-for-sale-colombo,BRAND NEW SINGLE HOUSE FOR SALE IN KOTTAWA DIyagama,Bedrooms: 3 | Bathrooms: 2,MEMBER,"Rs 21,500,000",4 days
https://ikman.lk/en/ad/supar-luxury-brand-new-3-story-house-for-sale-in-maharagama-for-sale-colombo,SUPAR LUXURY BRAND NEW 3 STORY HOUSE FOR SALE IN MAHARAGAMA,Bedrooms: 4 | Bathrooms: 4,MEMBER,"Rs 72,500,000",4 days
https://ikman.lk/en/ad/brand-new-single-house-for-sale-in-kottawa-diyagama-for-sale-colombo-1,BRAND NEW SINGLE HOUSE FOR SALE IN KOTTAWA Diyagama,Bedrooms: 3 | Bathrooms: 2,MEMBER,"Rs 22,500,000",4 days
https://ikman.lk/en/ad/modern-two-storey-house-for-sale-in-maharagama-piliyandala-road-for-sale-colombo-1,Modern Two Storey House for Sale in Maharagama Piliyandala Road .,Bedrooms: 3 | Bathrooms: 3,MEMBER,"Rs 46,500,000",4 days
https://ikman.lk/en/ad/lssnprisryk-pihittii-suprimhaal3nivsk-vikinimtt-mhrgm-hyilevlektt-aasnyee-for-sale-colombo,ලස්සනපරිසරයක පිහිටී සුපරිමහාල්3නිවසක් විකිනිමට මහරගම හයිලෙවල්එකට ආසන්යේ,Bedrooms: 4 | Bathrooms: 4,MEMBER,"Rs 72,500,000",4 days
https://ikman.lk/en/ad/hyilevlektt-aasnyee-velyaaktt-muhunlaa-alut-demhl-nivsk-vikinimtt-for-sale-colombo,හයිලෙවල්එකට ආසන්යේ වෙල්යාකට මුහුනලා අලුත් දෙමහල් නිවසක් විකිනිමට,Bedrooms: 4 | Bathrooms: 4,MEMBER,"Rs 49,500,000",4 days
https://ikman.lk/en/ad/two-storied-luxury-house-sale-in-nawala-koswatta-for-sale-colombo,Two Storied Luxury House Sale in Nawala Koswatta,Bedrooms: 7 | Bathrooms: 7,MEMBER,"Rs 300,000,000",4 days
https://ikman.lk/en/ad/tnimhl-nivsk-vikinimtt-maalbei-horyissn-paaslaasnnv-for-sale-colombo,තනිමහල් නිවසක් විකිනිමට මාලබෙි හොරයිෂන් පාසලආසන්නව,Bedrooms: 3 | Bathrooms: 1,MEMBER,"Rs 27,000,000",4 days
https://ikman.lk/en/ad/hyilevlektt-aasnnyee-geyk-hoyn-obtt-supri-mhaal-3-nivsk-vikinim-for-sale-colombo,හයිලෙවල්එකට ආසන්නයේ ගෙයක් හොයන ඔබට සුපරි මහාල් 3 නිවසක් විකිනිම,Bedrooms: 4 | Bathrooms: 4,MEMBER,"Rs 49,500,000",4 days
https://ikman.lk/en/ad/pdinciviy-haeki-nivsk-smg-prics-20-vikinimtt-kottittaavei-for-sale-colombo,පදිංචිවිය හැකි නිවසක් සමග පරිචස් 20 විකිනිමට කොටිටාවෙි,Bedrooms: 3 | Bathrooms: 2,MEMBER,"Rs 26,000,000",4 days
https://ikman.lk/en/ad/super-two-storey-house-for-sale-in-pannipitiya-for-sale-colombo,Super Two Storey House for Sale in Pannipitiya,Bedrooms: 4 | Bathrooms: 4,MEMBER,"Rs 79,000,000",4 days
https://ikman.lk/en/ad/super-tree-story-house-for-sale-in-thalawatugoda-weeramawatha-for-sale-colombo-1,Super Tree Story House for Sale in Thalawatugoda Weeramawatha,Bedrooms: 4 | Bathrooms: 4,MEMBER,"Rs 78,000,000",4 days
https://ikman.lk/en/ad/alut-demhl-nivsk-vikinimtt-khtudduv-korlim-for-sale-colombo,⭕අලුත් දෙමහල් නිවසක් විකිනිමට කහතුඩුව කොරලඉම,Bedrooms: 4 | Bathrooms: 3,MEMBER,"Rs 32,000,000",4 days
https://ikman.lk/en/ad/two-story-house-for-sale-in-kottawa-rathmaldaniya-road-for-sale-colombo-5,Two Story House for Sale in Kottawa Rathmaldaniya Road,Bedrooms: 4 | Bathrooms: 3,MEMBER,"Rs 61,000,000",4 days
https://ikman.lk/en/ad/demhl-nivsk-vikinimtt-nugeegodd-paaepiliyaan-for-sale-colombo-1,දෙමහල් නිවසක් විකිනිමට නුගේගොඩ පෑපිලියාන,Bedrooms: 4 | Bathrooms: 4,MEMBER,"Rs 54,000,000",4 days
https://ikman.lk/en/ad/three-storey-house-for-sale-in-battaramulla-for-sale-colombo-1,Three Storey House for Sale in Battaramulla,Bedrooms: 5 | Bathrooms: 4,MEMBER,"Rs 160,000,000",4 days
https://ikman.lk/en/ad/two-storey-house-for-sale-in-kottawa-for-sale-colombo-164,Two Storey House for Sale in Kottawa,Bedrooms: 4 | Bathrooms: 3,MEMBER,"Rs 80,000,000",4 days
https://ikman.lk/en/ad/dh781-two-storey-house-for-sale-in-dehiwala-kaudana-road-for-sale-colombo-8,(DH781) Two Storey House for Sale in Dehiwala Kaudana Road,Bedrooms: 6 | Bathrooms: 3,MEMBER,"Rs 51,000,000",4 days
https://ikman.lk/en/ad/mh493-modern-two-storey-house-for-sale-in-pannipitiya-for-sale-colombo-6,(MH493) Modern Two Storey House for Sale in Pannipitiya,Bedrooms: 3 | Bathrooms: 2,MEMBER,"Rs 36,000,000",4 days
https://ikman.lk/en/ad/mh495-furnished-house-for-sale-in-kesbewa-for-sale-colombo-16,(MH495) Furnished House for Sale in Kesbewa,Bedrooms: 3 | Bathrooms: 2,MEMBER,"Rs 22,000,000",4 days
https://ikman.lk/en/ad/mh371-6br-house-with-modern-amenities-for-sale-in-malabe-for-sale-colombo-10,(MH371) 6Br House with Modern Amenities for Sale in Malabe,Bedrooms: 6 | Bathrooms: 4,MEMBER,"Rs 89,000,000",4 days
https://ikman.lk/en/ad/mh412-under-construction-two-storey-house-for-sale-in-athurugiriya-for-sale-colombo-1,(MH412) Under Construction Two Storey House for Sale in Athurugiriya,Bedrooms: 3 | Bathrooms: 2,MEMBER,"Rs 30,000,000",4 days
https://ikman.lk/en/ad/mh479-brand-new-luxury-3-storey-house-for-sale-in-malabe-for-sale-colombo-16,(MH479) Brand New Luxury 3 Storey House for Sale in Malabe,Bedrooms: 4 | Bathrooms: 4,MEMBER,"Rs 59,500,000",4 days
https://ikman.lk/en/ad/vttinaa-demhl-nivs-punci-aturugiriyen-vikiniimtt-for-sale-colombo,වටිනා දෙමහල් නිවස පුන්චි අතුරුගිරියෙන් විකිනීමට,Bedrooms: 4 | Bathrooms: 3,MEMBER,"Rs 31,000,000",4 days
https://ikman.lk/en/ad/mh285-two-storey-house-for-sale-in-kaduwela-for-sale-colombo-20,(MH285) Two Storey House for Sale in Kaduwela,Bedrooms: 4 | Bathrooms: 2,MEMBER,"Rs 25,000,000",4 days
https://ikman.lk/en/ad/mh455-two-storey-house-for-sale-in-athurugiriya-oruwala-for-sale-colombo-18,(MH455) Two Storey House for Sale in Athurugiriya Oruwala,Bedrooms: 5 | Bathrooms: 2,MEMBER,"Rs 35,000,000",4 days
https://ikman.lk/en/ad/mh485-modern-two-storey-luxury-house-for-sale-in-athurugiriya-for-sale-colombo-16,(MH485) Modern Two Storey Luxury House for Sale in Athurugiriya,Bedrooms: 3 | Bathrooms: 3,MEMBER,"Rs 38,500,000",4 days
https://ikman.lk/en/ad/mh483-brand-new-luxury-single-storey-house-for-sale-in-malabe-for-sale-colombo-11,(MH483) Brand New Luxury Single Storey House for Sale in Malabe,Bedrooms: 3 | Bathrooms: 3,MEMBER,"Rs 32,500,000",4 days
https://ikman.lk/en/ad/mh195-newly-built-two-storey-house-for-sale-in-malabe-for-sale-colombo-13,(MH195) Newly Built Two Storey House for Sale in Malabe,Bedrooms: 5 | Bathrooms: 4,MEMBER,"Rs 49,500,000",4 days
https://ikman.lk/en/ad/mh315-single-storey-house-for-sale-in-athurugiriya-for-sale-colombo-59,(MH315) Single Storey House for Sale in Athurugiriya,Bedrooms: 3 | Bathrooms: 2,MEMBER,"Rs 27,500,000",4 days
https://ikman.lk/en/ad/mh397-two-storey-house-for-sale-in-malabe-for-sale-colombo-27,(MH397) Two Storey House for Sale in Malabe,Bedrooms: 5 | Bathrooms: 3,MEMBER,"Rs 55,000,000",4 days
https://ikman.lk/en/ad/mh441-brand-new-spacious-two-storey-house-for-sale-in-angoda-for-sale-colombo-21,(MH441) Brand New Spacious Two Storey House for Sale in Angoda,Bedrooms: 5 | Bathrooms: 4,MEMBER,"Rs 47,000,000",4 days
https://ikman.lk/en/ad/newly-built-luxury-house-for-sale-erawwala-pannipitiya-for-sale-colombo-12,"Newly Built Luxury House for Sale – Erawwala, Pannipitiya",Bedrooms: 4 | Bathrooms: 3,MEMBER,"Rs 49,500,000",4 days
https://ikman.lk/en/ad/mh496-brand-new-two-storey-house-for-sale-in-athurugiriya-for-sale-colombo-9,(MH496) Brand New Two Storey House for Sale in Athurugiriya,Bedrooms: 5 | Bathrooms: 3,MEMBER,"Rs 37,500,000",4 days
https://ikman.lk/en/ad/mh477-single-storey-house-for-sale-in-athurugiriya-for-sale-colombo-15,(MH477) Single Storey House for Sale in Athurugiriya,Bedrooms: 2 | Bathrooms: 2,MEMBER,"Rs 29,500,000",4 days
https://ikman.lk/en/ad/house-for-sale-close-to-malabe-city-for-sale-colombo-1,House for Sale Close to Malabe City,Bedrooms: 3 | Bathrooms: 2,MEMBER,"Rs 40,000,000",4 days
https://ikman.lk/en/ad/kh774-modern-two-storey-house-for-sale-in-battaramulla-thalahena-for-sale-colombo-3,(KH774) Modern Two Storey House for Sale in Battaramulla Thalahena,Bedrooms: 4 | Bathrooms: 4,MEMBER,"Rs 68,000,000",4 days
https://ikman.lk/en/ad/sh1531-15-perch-two-storey-house-for-sale-in-thalawathugoda-for-sale-colombo-2,(SH1531) 15 Perch two Storey House for Sale in Thalawathugoda,Bedrooms: 4 | Bathrooms: 2,MEMBER,"Rs 75,000,000",4 days
https://ikman.lk/en/ad/134-perches-old-single-storied-house-for-sale-in-palawatta-for-sale-colombo,13.4 Perches - Old Single Storied House For Sale in Palawatta,Bedrooms: 7 | Bathrooms: 4,MEMBER,"Rs 46,000,000",4 days
https://ikman.lk/en/ad/brand-new-3-bed-house-for-sale-maknndana-for-sale-colombo,Brand New 3 Bed House for Sale-Maknndana,Bedrooms: 3 | Bathrooms: 2,MEMBER,"Rs 24,500,000",4 days
https://ikman.lk/en/ad/vttinaa-demhl-nivsk-kottttaav-rukmlgmin-vikiniimtt-for-sale-colombo,වටිනා දෙමහල් නිවසක් කොට්ටාව රුක්මල්ගමින් විකිනීමට,Bedrooms: 3 | Bathrooms: 2,MEMBER,"Rs 27,500,000",4 days
https://ikman.lk/en/ad/luxury-3-storey-house-with-rooftop-bar-for-sale-kotte-for-sale-colombo,Luxury 3-Storey House with Rooftop Bar for Sale – Kotte,Bedrooms: 5 | Bathrooms: 5,MEMBER,"Rs 220,000,000",4 days
https://ikman.lk/en/ad/nugegoda-house-for-sale-for-sale-colombo-151,Nugegoda House for Sale,Bedrooms: 5 | Bathrooms: 8,MEMBER,"Rs 300,000,000",4 days
https://ikman.lk/en/ad/super-luxury-house-for-sale-in-wellawatta-for-sale-colombo-1,Super Luxury House For Sale In Wellawatta,Bedrooms: 5 | Bathrooms: 5,MEMBER,"Rs 225,000,000",4 days
https://ikman.lk/en/ad/kotte-modern-5br-luxury-house-for-sale-in-prime-residential-area-for-sale-colombo,Kotte Modern 5BR Luxury House for Sale in Prime Residential Area,Bedrooms: 5 | Bathrooms: 3,MEMBER,"Rs 125,000,000",4 days
https://ikman.lk/en/ad/house-for-sale-in-dehiwala-for-sale-colombo-3437,House for Sale in Dehiwala,Bedrooms: 5 | Bathrooms: 4,MEMBER,"Rs 90,000,000",4 days
https://ikman.lk/en/ad/luxury-brand-new-2-story-house-for-sale-makandana-for-sale-colombo,Luxury Brand New 2 Story House for Sale-Makandana,Bedrooms: 4 | Bathrooms: 3,MEMBER,"Rs 44,000,000",4 days
https://ikman.lk/en/ad/brand-new-super-luxury-house-for-sale-dehiwala-hill-street-for-sale-colombo-3,Brand New Super Luxury House for Sale – Dehiwala Hill Street,Bedrooms: 4 | Bathrooms: 3,MEMBER,"Rs 95,000,000",4 days
https://ikman.lk/en/ad/brand-new-house-for-sale-in-piliyandala-jabureliya-main-bus-road-for-sale-colombo-1,Brand New House For Sale In Piliyandala -Jabureliya Main Bus Road,Bedrooms: 3 | Bathrooms: 2,MEMBER,"Rs 24,500,000",4 days
https://ikman.lk/en/ad/beautiful-luxury-house-for-sale-katubedda-moratuwa-for-sale-colombo-3,Beautiful Luxury House for Sale Katubedda Moratuwa,Bedrooms: 4 | Bathrooms: 4,MEMBER,"Rs 68,500,000",4 days
https://ikman.lk/en/ad/modern-luxury-house-for-sale-malabe-for-sale-colombo-12,Modern Luxury House for Sale Malabe,Bedrooms: 5 | Bathrooms: 3,MEMBER,"Rs 71,000,000",4 days
https://ikman.lk/en/ad/beautiful-modern-house-for-sale-athurugiriya-for-sale-colombo-3,Beautiful Modern House for Sale Athurugiriya,Bedrooms: 3 | Bathrooms: 2,MEMBER,"Rs 38,500,000",4 days
https://ikman.lk/en/ad/architect-designed-super-luxury-house-for-sale-battaramulla-for-sale-colombo-2,Architect-Designed Super Luxury House for Sale – Battaramulla,Bedrooms: 3 | Bathrooms: 3,MEMBER,"Rs 68,500,000",4 days
https://ikman.lk/en/ad/beautiful-brand-new-single-storey-house-for-sale-athurugiriya-for-sale-colombo-6,Beautiful Brand New Single Storey House for Sale Athurugiriya,Bedrooms: 3 | Bathrooms: 2,MEMBER,"Rs 31,500,000",4 days
https://ikman.lk/en/ad/brand-new-house-for-sale-in-malabe-for-sale-colombo-1507,Brand New House for Sale in Malabe,Bedrooms: 4 | Bathrooms: 4,MEMBER,"Rs 59,500,000",4 days
https://ikman.lk/en/ad/luxury-house-for-sale-in-pannipitiya-for-sale-colombo-161,Luxury House For Sale in Pannipitiya,Bedrooms: 4 | Bathrooms: 3,MEMBER,"Rs 49,500,000",4 days
https://ikman.lk/en/ad/2-storey-3br-modern-house-for-sale-in-nugegoda-udahamulla-for-sale-colombo,2 storey 3BR modern house for sale in nugegoda udahamulla,Bedrooms: 3 | Bathrooms: 3,MEMBER,"Rs 46,000,000",4 days
https://ikman.lk/en/ad/piliyandala-famaliy-house-for-sale-for-sale-colombo,piliyandala famaliy house for sale,Bedrooms: 5 | Bathrooms: 3,MEMBER,"Rs 44,000,000",4 days
https://ikman.lk/en/ad/nviin-pnnyee-alutm-tnimhl-prmitimt-nivsk-vikinniimtt-kirivttudduv-for-sale-colombo,නවීන පන්නයේ අලුත්ම තනිමහල් ප්‍රමිතිමත් නිවසක් විකිණීමට කිරිවත්තුඩුව,Bedrooms: 3 | Bathrooms: 2,MEMBER,"Rs 17,500,000",4 days
https://ikman.lk/en/ad/luxury-modern-house-for-sale-in-kottawa-for-sale-colombo-2,luxury modern house for sale in kottawa,Bedrooms: 4 | Bathrooms: 3,MEMBER,"Rs 42,500,000",4 days
https://ikman.lk/en/ad/with-furnitured-luxury-house-for-sale-battaramulla-for-sale-colombo,with furnitured luxury house for sale Battaramulla,Bedrooms: 4 | Bathrooms: 4,MEMBER,"Rs 255,000,000",4 days
https://ikman.lk/en/ad/architecture-design-house-for-sale-in-pitakotte-for-sale-colombo,Architecture Design House for Sale in Pitakotte,Bedrooms: 5 | Bathrooms: 5,MEMBER,"Rs 220,000,000",4 days
https://ikman.lk/en/ad/modern-famaliy-house-for-sale-boralasgamuwa-for-sale-colombo,modern famaliy house for sale boralasgamuwa,Bedrooms: 4 | Bathrooms: 3,MEMBER,"Rs 109,000,000",4 days
https://ikman.lk/en/ad/boralasgamuwa-luxury-famaliy-house-for-sale-for-sale-colombo,boralasgamuwa luxury famaliy house for sale,Bedrooms: 4 | Bathrooms: 3,MEMBER,"Rs 109,000,000",4 days
https://ikman.lk/en/ad/brand-new-singale-story-luxury-house-in-25m-kiriwattuduwa-for-sale-colombo,BRAND NEW SINGALE STORY LUXURY HOUSE In 25M KIRIWATTUDUWA,Bedrooms: 3 | Bathrooms: 2,,"Rs 22,500,000",4 days
https://ikman.lk/en/ad/luxury-family-house-for-sale-in-thalawathugoda-for-sale-colombo,luxury family house for sale in thalawathugoda,Bedrooms: 4 | Bathrooms: 3,MEMBER,"Rs 53,500,000",4 days
https://ikman.lk/en/ad/brand-new-singale-story-4-bedroom-house-in-pitipana-for-sale-colombo,BRAND NEW SINGALE STORY 4 BEDROOM HOUSE In PITIPANA,Bedrooms: 4 | Bathrooms: 2,,"Rs 18,500,000",4 days
https://ikman.lk/en/ad/a-modern-design-two-storey-house-for-sale-in-piliyandala-for-sale-colombo,A Modern Design Two Storey House For Sale in Piliyandala,Bedrooms: 4 | Bathrooms: 4,MEMBER,"Rs 44,000,000",4 days
https://ikman.lk/en/ad/a-brand-new-singale-story-house-in-diyagama-for-sale-colombo-7,A BRAND NEW SINGALE STORY HOUSE In DIYAGAMA,Bedrooms: 3 | Bathrooms: 2,,"Rs 21,000,000",4 days
https://ikman.lk/en/ad/brand-new-eye-catching-03-storey-house-in-kahathuduwa-for-sale-colombo,Brand New Eye Catching 03 Storey House in Kahathuduwa,Bedrooms: 4 | Bathrooms: 3,MEMBER,"Rs 36,000,000",4 days
https://ikman.lk/en/ad/nidnkaamr-htrk-shit-tnimhl-nivsk-vikinniimtt-khtudduven-for-sale-colombo,නිදනකාමර හතරක් සහිත තනිමහල් නිවසක් විකිණීමට කහතුඩුවෙන්,Bedrooms: 4 | Bathrooms: 2,MEMBER,"Rs 11,500,000",4 days
https://ikman.lk/en/ad/brand-new-superb-two-storey-quality-house-in-piliyandala-for-sale-colombo,Brand New Superb Two Storey Quality House in Piliyandala,Bedrooms: 4 | Bathrooms: 2,MEMBER,"Rs 34,500,000",4 days
https://ikman.lk/en/ad/brand-new-quality-two-storey-house-in-piliyandala-for-sale-colombo-2,Brand New Quality Two Storey House in Piliyandala,Bedrooms: 5 | Bathrooms: 4,MEMBER,"Rs 39,000,000",4 days
https://ikman.lk/en/ad/alutm-nviin-maadiliyee-sukhoopbhoogii-demhl-nivsk-vikinniimtt-piliyndl-for-sale-colombo-1,අලුත්ම නවීන මාදිලියේ සුඛෝපභෝගී දෙමහල් නිවසක් විකිණීමට පිලියන්දල,Bedrooms: 4 | Bathrooms: 4,MEMBER,"Rs 43,000,000",4 days
https://ikman.lk/en/ad/brand-new-five-bedroom-house-for-sale-in-polgasowita-for-sale-colombo,Brand New Five Bedroom House For Sale In Polgasowita,Bedrooms: 5 | Bathrooms: 3,MEMBER,"Rs 29,500,000",4 days
https://ikman.lk/en/ad/luxury-5-bedroom-architectural-residence-for-sale-nugegoda-em181rk-for-sale-colombo,Luxury 5 Bedroom Architectural Residence for Sale – Nugegoda (EM181RK),Bedrooms: 5 | Bathrooms: 7,MEMBER,"Rs 300,000,000",4 days
https://ikman.lk/en/ad/4-bedroom-luxury-house-for-sale-moratuwa-em965-for-sale-colombo,4 Bedroom Luxury House for Sale - Moratuwa (EM965),Bedrooms: 4 | Bathrooms: 3,MEMBER,"Rs 62,000,000",4 days
https://ikman.lk/en/ad/afa26-single-storey-house-with-34p-for-sale-mirihana-nugegoda-for-sale-colombo,(AFA26) Single Storey House with 34P for Sale Mirihana Nugegoda,Bedrooms: 5 | Bathrooms: 5,MEMBER,"Rs 250,000,000",4 days
https://ikman.lk/en/ad/afa994-02-story-house-with-3314-sale-at-thalahena-battaramulla-for-sale-colombo,"(AFA994) 02 Story House With 33.14 Sale At Thalahena, Battaramulla",Bedrooms: 4 | Bathrooms: 4,MEMBER,"Rs 92,000,000",4 days
https://ikman.lk/en/ad/afa936-165-p-02-story-house-sale-at-d-wejesinghe-mawatha-pelawatha-for-sale-colombo,(AFA936) 16.5 P 02 Story House Sale At D Wejesinghe mawatha Pelawatha,Bedrooms: 4 | Bathrooms: 3,MEMBER,"Rs 52,800,000",4 days
https://ikman.lk/en/ad/afa281-2-story-house-sale-at-nugegoda-for-sale-colombo,(AFA281) 2 Story house Sale At Nugegoda,Bedrooms: 5 | Bathrooms: 3,MEMBER,"Rs 48,000,000",4 days
https://ikman.lk/en/ad/afa279-house-for-sale-in-thalawathuogoda-hokandara-for-sale-colombo-1,(AFA279) House for Sale in Thalawathuogoda Hokandara.,Bedrooms: 4 | Bathrooms: 4,MEMBER,"Rs 69,000,000",4 days
https://ikman.lk/en/ad/afa263-super-luxury-03-story-house-for-sale-in-ethulkotte-for-sale-colombo,(AFA263) Super Luxury 03 Story House For Sale In Ethulkotte,Bedrooms: 4 | Bathrooms: 3,MEMBER,"Rs 135,000,000",4 days
https://ikman.lk/en/ad/02-story-luxury-house-with-31-p-for-sale-in-kibulawela-kotte-for-sale-colombo,02 Story Luxury House With 31 P for sale in Kibulawela Kotte,Bedrooms: 4 | Bathrooms: 2,MEMBER,"Rs 83,500,000",4 days
https://ikman.lk/en/ad/afa163-02-story-house-with-15-p-sale-at-alhena-road-maharagama-for-sale-colombo,(AFA163) 02 Story House with 15 P Sale at Alhena Road Maharagama,Bedrooms: 4 | Bathrooms: 3,MEMBER,"Rs 55,000,000",4 days
https://ikman.lk/en/ad/afa136-02-story-house-with-27-p-sale-at-20-meters-ebuldeneya-junction-for-sale-colombo,(AFA136) 02 Story House With 27 P Sale At 20 Meters Ebuldeneya Junction,Bedrooms: 4 | Bathrooms: 3,MEMBER,"Rs 108,000,000",4 days
https://ikman.lk/en/ad/afa137-03-storey-house-for-sale-nugegoda-for-sale-colombo,(AFA137) 03 Storey House for Sale Nugegoda,Bedrooms: 5 | Bathrooms: 3,MEMBER,"Rs 65,000,000",4 days
https://ikman.lk/en/ad/afa106-design-super-luxury-house-for-sale-in-heart-of-nugegoda-for-sale-colombo,(AFA106) Design Super Luxury House for Sale in Heart of Nugegoda,Bedrooms: 8 | Bathrooms: 6,MEMBER,"Rs 200,000,000",4 days
https://ikman.lk/en/ad/afa326-02-storey-house-for-sale-in-nawala-for-sale-colombo-1,(AFA326) 02 Storey House for Sale in Nawala,Bedrooms: 5 | Bathrooms: 4,MEMBER,"Rs 105,000,000",4 days
https://ikman.lk/en/ad/afa324-luxurious-house-for-sale-delkandanugegoda-for-sale-colombo-1,"(AFA324) Luxurious | House for Sale Delkanda,nugegoda",Bedrooms: 5 | Bathrooms: 5,MEMBER,"Rs 143,000,000",4 days
https://ikman.lk/en/ad/afa322-luxury-02-storey-house-with-13p-for-sale-at-kohuwala-nugegoda-for-sale-colombo,(AFA322) Luxury 02 Storey House with 13P for Sale at Kohuwala Nugegoda,Bedrooms: 4 | Bathrooms: 3,MEMBER,"Rs 120,000,000",4 days
https://ikman.lk/en/ad/20-p-with-single-story-house-sale-in-pannipitiya-for-sale-colombo,20 P With Single Story house Sale in Pannipitiya,Bedrooms: 3 | Bathrooms: 2,MEMBER,"Rs 40,000,000",4 days
https://ikman.lk/en/ad/afa316-02-story-house-with-14-p-sale-at-nugegoda-for-sale-colombo-1,(AFA316) 02 Story House with 14 P Sale at Nugegoda,Bedrooms: 5 | Bathrooms: 3,MEMBER,"Rs 88,000,000",4 days
https://ikman.lk/en/ad/afa315-02-story-house-for-sale-katubedda-for-sale-colombo-1,(AFA315) 02 Story House for Sale Katubedda,Bedrooms: 4 | Bathrooms: 2,MEMBER,"Rs 85,000,000",4 days
https://ikman.lk/en/ad/02-story-luxury-house-sale-at-malwatha-rd-dehiwala-for-sale-colombo,02 Story Luxury House Sale At Malwatha Rd Dehiwala,Bedrooms: 6 | Bathrooms: 4,MEMBER,"Rs 110,000,000",4 days
https://ikman.lk/en/ad/afa599-02-story-house-with-1148-p-sale-at-malabe-for-sale-colombo,(AFA599) 02 Story House With 11.48 P Sale At Malabe,Bedrooms: 4 | Bathrooms: 4,MEMBER,"Rs 39,000,000",4 days
https://ikman.lk/en/ad/afa592265-perches-valuable-property-for-sale-in-nugegoda-for-sale-colombo,(AFA592)🔹26.5 Perches Valuable Property For Sale In Nugegoda,Bedrooms: 4 | Bathrooms: 2,MEMBER,"Rs 120,000,000",4 days
https://ikman.lk/en/ad/afa588-luxury-house-with-18-p-sale-at-rajagiriya-for-sale-colombo,(AFA588) Luxury House With 18 P sale At Rajagiriya,Bedrooms: 4 | Bathrooms: 3,MEMBER,"Rs 65,000,000",4 days
https://ikman.lk/en/ad/afa542-02-story-house-and-16-p-sale-at-wathegedra-road-maharagama-for-sale-colombo,(AFA542) 02 Story House & 16 P sale At wathegedra Road Maharagama,Bedrooms: 4 | Bathrooms: 3,MEMBER,"Rs 67,500,000",4 days
https://ikman.lk/en/ad/afa46402-story-house-with-07-p-sale-at-near-olv-convert-moratuwa-for-sale-colombo,(AFA464)02 Story House With 07 P Sale At Near OLV Convert Moratuwa,Bedrooms: 3 | Bathrooms: 3,MEMBER,"Rs 26,000,000",4 days
https://ikman.lk/en/ad/afa462-03-walpola-house-with-22p-for-sale-nugegoda-for-sale-colombo,(AFA462) 03 Walpola House with 22P for Sale Nugegoda,Bedrooms: 3 | Bathrooms: 3,MEMBER,"Rs 85,000,000",4 days
https://ikman.lk/en/ad/afa459-03-storey-house-for-sale-pepiliyana-nugegoda-for-sale-colombo,(AFA459) 03 Storey House for Sale Pepiliyana Nugegoda,Bedrooms: 5 | Bathrooms: 4,MEMBER,"Rs 61,000,000",4 days
https://ikman.lk/en/ad/afa642-02-story-house-with-105-p-sale-at-aturugiriya-for-sale-colombo,(AFA642) 02 Story House With 10.5 P Sale At Aturugiriya,Bedrooms: 4 | Bathrooms: 4,MEMBER,"Rs 45,000,000",4 days
https://ikman.lk/en/ad/afa637-house-for-sale-in-moratuwa-for-sale-colombo,(AFA637) HOUSE FOR SALE IN MORATUWA,Bedrooms: 4 | Bathrooms: 4,MEMBER,"Rs 58,000,000",4 days
https://ikman.lk/en/ad/afa636-modern-luxury-house-sale-at-colombo-4-for-sale-colombo,(AFA636) MODERN LUXURY HOUSE Sale At Colombo 4,Bedrooms: 4 | Bathrooms: 4,MEMBER,"Rs 300,000,000",4 days
https://ikman.lk/en/ad/afa634-02-story-house-sale-at-epitamulla-road-pitakotte-for-sale-colombo,(AFA634) 02 Story House Sale At Epitamulla road Pitakotte,Bedrooms: 5 | Bathrooms: 4,MEMBER,"Rs 55,000,000",4 days
https://ikman.lk/en/ad/afa633-8-p-with-slab-house-sale-at-7-mile-post-nugegoda-for-sale-colombo,(AFA633 )8 P With Slab House Sale At 7 Mile Post Nugegoda,Bedrooms: 3 | Bathrooms: 2,MEMBER,"Rs 37,500,000",4 days
https://ikman.lk/en/ad/afa628-02-story-house-and-24-p-sale-at-maharagama-for-sale-colombo,(AFA628) 02 Story House & 24 P sale At Maharagama,Bedrooms: 6 | Bathrooms: 3,MEMBER,"Rs 65,000,000",4 days
https://ikman.lk/en/ad/afa618-3-p-with-single-story-house-sale-at-thalawathugoda-for-sale-colombo,(AFA618) 3 P with Single Story House Sale At Thalawathugoda,Bedrooms: 3 | Bathrooms: 2,MEMBER,"Rs 35,750,000",4 days
https://ikman.lk/en/ad/afa844-designed-02-storey-house-for-sale-battramulla-for-sale-colombo,(AFA844) Designed 02 Storey House for Sale Battramulla,Bedrooms: 4 | Bathrooms: 3,MEMBER,"Rs 85,000,000",4 days
https://ikman.lk/en/ad/afa808-02-story-house-with-22-p-sale-at-battramulla-for-sale-colombo,(AFA808) 02 Story House With 22 P Sale At Battramulla,Bedrooms: 4 | Bathrooms: 3,MEMBER,"Rs 155,000,000",4 days
https://ikman.lk/en/ad/afa173-03-storey-house-with-6p-for-sale-at-maharagama-for-sale-colombo,(AFA173) 03 Storey House with 6P for Sale at Maharagama,Bedrooms: 4 | Bathrooms: 3,MEMBER,"Rs 49,000,000",4 days
https://ikman.lk/en/ad/afa169-exclusive-luxury-house-for-sale-battaramulla-for-sale-colombo,(AFA169) Exclusive Luxury House for Sale – Battaramulla,Bedrooms: 5 | Bathrooms: 5,MEMBER,"Rs 175,000,000",4 days
https://ikman.lk/en/ad/afa168-luxury-villa-estate-for-sale-malabe-kahanthota-area-for-sale-colombo,(AFA168) Luxury Villa Estate for Sale – Malabe (Kahanthota Area),Bedrooms: 7 | Bathrooms: 6,MEMBER,"Rs 150,000,000",4 days
https://ikman.lk/en/ad/afa167-28p-house-for-sale-nugegoda-for-sale-colombo,(AFA167) 28P House for Sale – Nugegoda,Bedrooms: 3 | Bathrooms: 3,MEMBER,"Rs 154,000,000",4 days
https://ikman.lk/en/ad/afa862-prime-house-for-sale-in-kotte-beddagana-for-sale-colombo,(AFA862) Prime House for Sale in Kotte – Beddagana,Bedrooms: 4 | Bathrooms: 4,MEMBER,"Rs 120,000,000",4 days
https://ikman.lk/en/ad/afa848-02-story-house-sale-at-400-m-to-piliyandala-town-for-sale-colombo,(AFA848) 02 Story House Sale At 400 m to piliyandala Town,Bedrooms: 4 | Bathrooms: 2,MEMBER,"Rs 35,000,000",4 days
https://ikman.lk/en/ad/afa852-03-storey-new-house-for-sale-jayamangala-road-nugegoda-for-sale-colombo,"(AFA852) 03 Storey New House for Sale Jayamangala Road, Nugegoda",Bedrooms: 6 | Bathrooms: 5,MEMBER,"Rs 95,000,000",4 days
https://ikman.lk/en/ad/afa854-swiming-pool-with-super-luxury-house-sale-at-colombo-07-for-sale-colombo,(AFA854) Swiming Pool With Super Luxury HOUSE Sale At Colombo 07,Bedrooms: 4 | Bathrooms: 3,MEMBER,"Rs 235,000,000",4 days
https://ikman.lk/en/ad/afa189-jayanthipura-luxury-brand-new-house-for-sale-in-battaramulla-for-sale-colombo-1,(AFA189) Jayanthipura Luxury Brand New House for Sale in Battaramulla,Bedrooms: 6 | Bathrooms: 6,MEMBER,"Rs 450,000,000",4 days
https://ikman.lk/en/ad/afa187-02-storey-house-sale-at-colombo-03-for-sale-colombo,(AFA187) 02 Storey House Sale at Colombo 03,Bedrooms: 4 | Bathrooms: 3,MEMBER,"Rs 450,000,000",4 days
https://ikman.lk/en/ad/afa186-02-storey-house-sale-in-pagoda-road-nugegoda-for-sale-colombo,"(AFA186) 02 Storey House Sale in Pagoda Road, Nugegoda",Bedrooms: 4 | Bathrooms: 4,MEMBER,"Rs 127,500,000",4 days
https://ikman.lk/en/ad/afa184-03-storey-house-with-25p-sale-at-attidiya-for-sale-colombo,(AFA184) 03 Storey House with 25P Sale at Attidiya,Bedrooms: 5 | Bathrooms: 2,MEMBER,"Rs 110,000,000",4 days
https://ikman.lk/en/ad/afa181-02-storey-house-for-sale-in-hortan-place-colombo-07-for-sale-colombo,"(AFA181) 02 Storey House for Sale in Hortan Place, Colombo 07",Bedrooms: 6 | Bathrooms: 4,MEMBER,"Rs 463,750,000",4 days
https://ikman.lk/en/ad/afa177-03-storey-house-for-sale-in-kohuwala-for-sale-colombo,(AFA177) 03 Storey House for Sale in Kohuwala,Bedrooms: 3 | Bathrooms: 3,MEMBER,"Rs 215,000,000",4 days
https://ikman.lk/en/ad/afa174-02-storey-house-with-109p-for-sale-epitamulla-road-pitakotte-for-sale-colombo,(AFA174) 02 Storey House with 10.9P for Sale Epitamulla Road Pitakotte,Bedrooms: 4 | Bathrooms: 2,MEMBER,"Rs 46,500,000",4 days
https://ikman.lk/en/ad/afa216-water-front-02-storey-house-for-sale-at-delkada-nugegoda-for-sale-colombo,(AFA216) Water Front 02 Storey House for Sale at Delkada Nugegoda,Bedrooms: 4 | Bathrooms: 2,MEMBER,"Rs 80,000,000",4 days
https://ikman.lk/en/ad/afa214-new-03-storey-luxury-house-with-20p-land-sale-at-pitakotte-for-sale-colombo,(AFA214) New 03 Storey Luxury House with 20P Land Sale at Pitakotte,Bedrooms: 5 | Bathrooms: 5,MEMBER,"Rs 220,000,000",4 days
https://ikman.lk/en/ad/afa212-02-storey-house-sale-at-wethasinghe-garden-pitakotte-for-sale-colombo,(AFA212) 02 Storey House Sale at Wethasinghe Garden Pitakotte,Bedrooms: 4 | Bathrooms: 3,MEMBER,"Rs 175,000,000",4 days
https://ikman.lk/en/ad/afa208-house-for-sale-in-rajagiriya-for-sale-colombo-1,(AFA208) House for Sale in Rajagiriya,Bedrooms: 5 | Bathrooms: 3,MEMBER,"Rs 85,000,000",4 days
https://ikman.lk/en/ad/afa204-two-storey-house-for-sale-in-ratmalana-for-sale-colombo-1,(AFA204) Two-Storey House for Sale in Ratmalana,Bedrooms: 5 | Bathrooms: 3,MEMBER,"Rs 45,000,000",4 days
https://ikman.lk/en/ad/two-storied-house-for-sale-in-near-malabe-town-for-sale-colombo,Two Storied House for Sale in Near Malabe Town,Bedrooms: 5 | Bathrooms: 4,MEMBER,"Rs 55,000,000",4 days
https://ikman.lk/en/ad/afa200-house-for-sale-in-hokandara-road-thalawathugoda-for-sale-colombo-1,(AFA200) House for Sale in Hokandara Road Thalawathugoda,Bedrooms: 4 | Bathrooms: 4,MEMBER,"Rs 85,000,000",4 days
https://ikman.lk/en/ad/luxury-spacious-house-for-sale-in-battaramulla-for-sale-colombo-1,Luxury | Spacious House for sale in Battaramulla,Bedrooms: 4 | Bathrooms: 3,MEMBER,"Rs 67,500,000",4 days
https://ikman.lk/en/ad/newly-built-house-for-sale-in-kohuwala-for-sale-colombo-4,Newly Built |House for sale in Kohuwala,Bedrooms: 6 | Bathrooms: 3,MEMBER,"Rs 150,000,000",4 days
https://ikman.lk/en/ad/8-p-single-storied-house-with-anex-for-sale-dehiwala-athidiya-for-sale-colombo,8 P SINGLE STORIED HOUSE WITH ANEX FOR SALE DEHIWALA ATHIDIYA,Bedrooms: 3 | Bathrooms: 2,,"Rs 55,000,000",4 days
https://ikman.lk/en/ad/85-p-5-bhk-architect-design-luxury-house-for-sale-in-dehiwala-for-sale-colombo,8.5 P 5 BHK ARCHITECT DESIGN LUXURY HOUSE FOR SALE IN DEHIWALA,Bedrooms: 5 | Bathrooms: 4,,"Rs 79,000,000",4 days
https://ikman.lk/en/ad/spacious-house-for-sale-in-rathmalana-for-sale-colombo-3,Spacious House for Sale in Rathmalana,Bedrooms: 6 | Bathrooms: 6,,"Rs 65,000,000",4 days
https://ikman.lk/en/ad/house-for-sale-in-colombo-7-for-sale-colombo-146,House for sale in Colombo 7,Bedrooms: 6 | Bathrooms: 5,MEMBER,"Rs 264,000,000",4 days
https://ikman.lk/en/ad/35-perch-house-for-sale-in-pelawatte-for-sale-colombo-1,35 Perch House for Sale in Pelawatte,Bedrooms: 4 | Bathrooms: 2,MEMBER,"Rs 118,000,000",4 days
https://ikman.lk/en/ad/3-story-house-for-sale-in-dehiwala-kalubovila-for-sale-colombo,3 story house for sale in Dehiwala - kalubovila,Bedrooms: 8 | Bathrooms: 6,MEMBER,"Rs 145,000,000",4 days
https://ikman.lk/en/ad/house-for-sale-in-rathmalana-for-sale-colombo-545,House for sale in rathmalana,Bedrooms: 5 | Bathrooms: 5,MEMBER,"Rs 59,000,000",5 days
https://ikman.lk/en/ad/15-perch-house-for-sale-in-maharagama-for-sale-colombo-1,15 Perch House for Sale in Maharagama,Bedrooms: 4 | Bathrooms: 3,MEMBER,"Rs 65,000,000",5 days
https://ikman.lk/en/ad/newly-renovated-house-for-sale-in-nugegoda-for-sale-colombo,Newly renovated house for sale in nugegoda,Bedrooms: 5 | Bathrooms: 4,MEMBER,"Rs 107,000,000",5 days
https://ikman.lk/en/ad/modern-brand-new-6-perches-house-for-sale-at-london-sqaure-2-kolonnawa-for-sale-colombo,MODERN BRAND NEW 6 PERCHES HOUSE FOR SALE AT LONDON SQAURE-2 KOLONNAWA,Bedrooms: 3 | Bathrooms: 2,,"Rs 23,500,000",5 days
https://ikman.lk/en/ad/12-perches-land-with-house-for-sale-in-dehiwala-for-sale-colombo,12 Perches Land with House for Sale in Dehiwala,Bedrooms: 5 | Bathrooms: 3,,"Rs 90,000,000",5 days
https://ikman.lk/en/ad/best-house-for-sale-dehiwala-for-sale-colombo-15,Best House for sale Dehiwala,Bedrooms: 4 | Bathrooms: 4,MEMBER,"Rs 180,000,000",5 days
https://ikman.lk/en/ad/house-for-sale-in-colombo-09-for-sale-colombo-143,House for sale in Colombo 09,Bedrooms: 3 | Bathrooms: 1,MEMBER,"Rs 58,500,000",5 days
https://ikman.lk/en/ad/furnished-house-for-sale-dehiwala-for-sale-colombo-1,Furnished House for Sale Dehiwala,Bedrooms: 4 | Bathrooms: 4,MEMBER,"Rs 180,000,000",5 days
https://ikman.lk/en/ad/top-single-story-house-for-sale-pannipitiya-for-sale-colombo-1,Top Single Story House for Sale Pannipitiya,Bedrooms: 3 | Bathrooms: 2,MEMBER,"Rs 22,500,000",5 days
https://ikman.lk/en/ad/top-house-for-sale-dehiwala-for-sale-colombo-28,Top House for sale Dehiwala,Bedrooms: 4 | Bathrooms: 4,MEMBER,"Rs 180,000,000",5 days
https://ikman.lk/en/ad/top-house-for-sale-dehiwala-for-sale-colombo-31,Top House for Sale Dehiwala,Bedrooms: 4 | Bathrooms: 4,MEMBER,"Rs 180,000,000",5 days
https://ikman.lk/en/ad/house-for-sale-in-maharagama-for-sale-colombo-2035,House for sale in Maharagama,Bedrooms: 2 | Bathrooms: 1,MEMBER,"Rs 55,000,000",5 days
https://ikman.lk/en/ad/house-for-sale-in-nugegoda-for-sale-colombo-2094,House for sale in Nugegoda,Bedrooms: 3 | Bathrooms: 2,MEMBER,"Rs 43,000,000",5 days
https://ikman.lk/en/ad/brand-new-luxury-house-for-sale-in-pollgasovita-for-sale-colombo,brand new luxury house for sale in pollgasovita,Bedrooms: 4 | Bathrooms: 4,MEMBER,"Rs 36,000,000",5 days
https://ikman.lk/en/ad/mulleriyawa-brand-new-modern-luxury-house-for-sale-for-sale-colombo,Mulleriyawa Brand New Modern Luxury House For Sale,Bedrooms: 5 | Bathrooms: 3,MEMBER,"Rs 77,500,000",5 days
https://ikman.lk/en/ad/super-modern-house-for-sale-athurugiriya-for-sale-colombo-1,Super Modern House for Sale – Athurugiriya,Bedrooms: 3 | Bathrooms: 3,MEMBER,"Rs 25,000,000",5 days
https://ikman.lk/en/ad/storey-house-for-sale-mount-lavinia-for-sale-colombo,Storey House For Sale Mount Lavinia,Bedrooms: 4 | Bathrooms: 4,MEMBER,"Rs 87,000,000",5 days
https://ikman.lk/en/ad/modern-house-for-sale-in-thalawathugoda-for-sale-colombo-876,Modern House for Sale in Thalawathugoda,Bedrooms: 4 | Bathrooms: 3,MEMBER,"Rs 135,000,000",5 days
https://ikman.lk/en/ad/brand-new-house-for-sale-in-athurugiriya-for-sale-colombo-2107,Brand New House for Sale in Athurugiriya,Bedrooms: 4 | Bathrooms: 2,MEMBER,"Rs 39,000,000",5 days
https://ikman.lk/en/ad/2-storey-house-for-sale-in-thalawathugoda-for-sale-colombo-68,2 Storey House For Sale in Thalawathugoda,Bedrooms: 5 | Bathrooms: 3,MEMBER,"Rs 125,000,000",5 days
https://ikman.lk/en/ad/brand-new-house-for-sale-in-thalawathugoda-for-sale-colombo-2385,Brand New House For Sale in Thalawathugoda,Bedrooms: 9 | Bathrooms: 8,MEMBER,"Rs 200,000,000",5 days
https://ikman.lk/en/ad/modern-architectural-luxury-home-for-sale-mount-lavinia-for-sale-colombo,Modern Architectural Luxury Home for Sale – Mount Lavinia,Bedrooms: 5 | Bathrooms: 6,MEMBER,"Rs 85,000,000",5 days
https://ikman.lk/en/ad/brand-new-house-for-sale-in-thalawathugoda-for-sale-colombo-1901,Brand New House for Sale in Thalawathugoda,Bedrooms: 4 | Bathrooms: 3,MEMBER,"Rs 79,500,000",5 days
https://ikman.lk/en/ad/5br-commercial-residential-property-gangodawila-for-sale-colombo,5BR Commercial / Residential Property – Gangodawila,Bedrooms: 5 | Bathrooms: 4,MEMBER,"Rs 80,000,000",5 days
https://ikman.lk/en/ad/4-bedroom-family-villa-for-sale-in-hokandara-for-sale-colombo,4 Bedroom Family Villa for Sale in Hokandara,Bedrooms: 4 | Bathrooms: 4,MEMBER,"Rs 150,000,000",5 days
https://ikman.lk/en/ad/best-2-unit-house-for-sale-maharagama-for-sale-colombo,Best 2 unit House for sale Maharagama,Bedrooms: 4 | Bathrooms: 2,MEMBER,"Rs 19,500,000",5 days
https://ikman.lk/en/ad/beautiful-single-story-house-for-sale-piliyandala-for-sale-colombo-4,Beautiful Single Story House for sale Piliyandala,Bedrooms: 4 | Bathrooms: 2,MEMBER,"Rs 32,000,000",5 days
https://ikman.lk/en/ad/beautiful-single-story-house-for-sale-piliyandala-for-sale-colombo-3,Beautiful Single Story House for sale Piliyandala,Bedrooms: 4 | Bathrooms: 2,MEMBER,"Rs 32,000,000",5 days
https://ikman.lk/en/ad/beautiful-single-story-house-for-sale-piliyandala-for-sale-colombo-2,Beautiful Single Story House for sale Piliyandala,Bedrooms: 4 | Bathrooms: 2,MEMBER,"Rs 32,000,000",5 days
https://ikman.lk/en/ad/hrs-547-two-storey-house-sale-in-pamunuwa-for-sale-colombo-2,(HRS-547) Two Storey House Sale in Pamunuwa,Bedrooms: 3 | Bathrooms: 2,MEMBER,"Rs 35,000,000",5 days
https://ikman.lk/en/ad/nisklnk-prisryk-geyk-shit-iddmkiddmee-vttinaa-kmtt-for-sale-colombo,නිස්කලංක පරිසරයක ගෙයක් සහිත ඉඩමක්...ඉඩමේ වටිනා කමට...,Bedrooms: 3 | Bathrooms: 2,,"Rs 2,250,000",5 days
https://ikman.lk/en/ad/athurugiriya-house-for-sale-for-sale-colombo-137,Athurugiriya House for Sale,Bedrooms: 4 | Bathrooms: 1,,"Rs 18,600,000",5 days
https://ikman.lk/en/ad/brand-single-house-for-sale-in-kasbawa-jamburaliya-for-sale-colombo,BRAND SINGLE HOUSE FOR SALE IN KASBAWA JAMBURALIYA,Bedrooms: 3 | Bathrooms: 2,MEMBER,"Rs 25,000,000",5 days
https://ikman.lk/en/ad/spacious-two-storey-house-for-sale-lake-terrace-athurugiriya-for-sale-colombo,"Spacious Two-Storey House for Sale – Lake Terrace, Athurugiriya",Bedrooms: 5 | Bathrooms: 2,MEMBER,"Rs 48,000,000",5 days
https://ikman.lk/en/ad/three-storied-house-for-sale-in-dehiwela-for-sale-colombo,Three storied house for sale in Dehiwela,Bedrooms: 6 | Bathrooms: 5,,"Rs 78,000,000",5 days
https://ikman.lk/en/ad/house-for-sale-in-kalubowila-for-sale-colombo-571,house for sale in Kalubowila,Bedrooms: 4 | Bathrooms: 3,,"Rs 32,500,000",5 days
https://ikman.lk/en/ad/brand-new-luxury-two-story-home-in-piliyandala-for-sale-colombo-1,Brand New Luxury Two-Story Home in Piliyandala,Bedrooms: 4 | Bathrooms: 2,MEMBER,"Rs 36,000,000",5 days
https://ikman.lk/en/ad/luxury-home-for-sale-rajagiriya-for-sale-colombo,Luxury Home for Sale – Rajagiriya,Bedrooms: 5 | Bathrooms: 5,MEMBER,"Rs 145,000,000",5 days
https://ikman.lk/en/ad/2-bedrooms-apartment-for-rent-nugegoda-for-sale-colombo,2 Bedrooms Apartment For Rent - Nugegoda,Bedrooms: 2 | Bathrooms: 2,,"Rs 140,000",5 days
https://ikman.lk/en/ad/brand-new-luxury-two-storey-house-for-sale-malabe-for-sale-colombo-27,Brand New Luxury Two-Storey House for Sale Malabe,Bedrooms: 4 | Bathrooms: 4,MEMBER,"Rs 59,500,000",5 days
https://ikman.lk/en/ad/recently-renovated-two-storey-house-for-sale-in-malabe-for-sale-colombo-2,Recently Renovated Two-Storey House for Sale in Malabe,Bedrooms: 3 | Bathrooms: 3,MEMBER,"Rs 29,500,000",5 days
https://ikman.lk/en/ad/3-storey-house-for-sale-in-malabe-dual-road-access-for-sale-colombo-1,3-Storey House for Sale in Malabe – Dual Road Access,Bedrooms: 4 | Bathrooms: 4,MEMBER,"Rs 45,000,000",5 days
https://ikman.lk/en/ad/single-storey-house-for-sale-in-wellampitiya-for-sale-colombo-862,Single-Storey House for Sale in Wellampitiya,Bedrooms: 2 | Bathrooms: 1,MEMBER,"Rs 9,500,000",5 days
https://ikman.lk/en/ad/moratuwa-6br-1225p-house-for-sale-near-galle-road-for-sale-colombo,Moratuwa : 6BR (12.25P) House for Sale near Galle Road,Bedrooms: 6 | Bathrooms: 3,,"Rs 49,000,000",5 days
https://ikman.lk/en/ad/hanwella-3br-2975p-house-for-sale-at-avissawella-road-for-sale-colombo,Hanwella : 3BR (29.75P) House for Sale at Avissawella road,Bedrooms: 3 | Bathrooms: 1,,"Rs 17,850,000",5 days
https://ikman.lk/en/ad/kaduwela-2br-15p-luxury-house-for-sale-in-ranala-for-sale-colombo,Kaduwela : 2BR (15P) Luxury House for Sale in Ranala,Bedrooms: 2 | Bathrooms: 1,,"Rs 19,000,000",5 days
https://ikman.lk/en/ad/new-luxury-family-home-for-sale-hokandara-for-sale-colombo,New Luxury Family Home for Sale – Hokandara,Bedrooms: 4 | Bathrooms: 3,MEMBER,"Rs 53,500,000",5 days
https://ikman.lk/en/ad/stylish-2br-modern-home-with-courtyard-athurugiriya-for-sale-colombo,Stylish 2BR Modern Home with Courtyard – Athurugiriya,Bedrooms: 2 | Bathrooms: 2,MEMBER,"Rs 28,500,000",5 days
https://ikman.lk/en/ad/4-bedroom-house-with-maid-room-and-garden-dehiwala-for-sale-colombo-1,4 Bedroom House with Maid Room and Garden – Dehiwala,Bedrooms: 4 | Bathrooms: 4,MEMBER,"Rs 87,000,000",5 days
https://ikman.lk/en/ad/family-house-for-sale-near-dehiwala-for-sale-colombo,Family House for Sale Near Dehiwala,Bedrooms: 3 | Bathrooms: 3,MEMBER,"Rs 140,000,000",5 days
https://ikman.lk/en/ad/brand-new-luxury-house-for-sale-athurugiriya-for-sale-colombo-257,Brand New luxury House for sale athurugiriya,Bedrooms: 4 | Bathrooms: 3,,"Rs 47,500,000",5 days
https://ikman.lk/en/ad/polgasowita-two-storey-house-for-sale-for-sale-colombo-2,Polgasowita Two Storey House for Sale,Bedrooms: 4 | Bathrooms: 2,MEMBER,"Rs 28,000,000",5 days
https://ikman.lk/en/ad/3-bedroom-villa-for-sale-canterbury-golf-resort-for-sale-colombo-2,3 Bedroom Villa for Sale – Canterbury Golf Resort,Bedrooms: 3 | Bathrooms: 3,MEMBER,"Rs 47,500,000",5 days
https://ikman.lk/en/ad/brand-new-house-for-sale-in-thalawathugoda-for-sale-colombo-2346,Brand New House for Sale in Thalawathugoda,Bedrooms: 5 | Bathrooms: 3,MEMBER,"Rs 54,000,000",5 days
https://ikman.lk/en/ad/fully-furnished-luxury-house-with-spacious-garden-colombo-05-for-sale-colombo-1,Fully Furnished Luxury House with Spacious Garden | Colombo 05,Bedrooms: 9 | Bathrooms: 9,MEMBER,"Rs 250,000,000",5 days
https://ikman.lk/en/ad/house-and-land-for-sale-in-battaramulla-hs4847-for-sale-colombo,House & Land for Sale in Battaramulla (HS4847),Bedrooms: 4 | Bathrooms: 3,MEMBER,"Rs 125,000,000",5 days
https://ikman.lk/en/ad/luxury-3-storied-house-in-boralesgamuwa-for-sale-colombo,Luxury 3 Storied House In Boralesgamuwa,Bedrooms: 5 | Bathrooms: 3,MEMBER,"Rs 55,000,000",5 days
https://ikman.lk/en/ad/nidn-kaamr-4k-tnimhl-nivs-vikiniimtt-piliyandala-kesbawa-for-sale-colombo,නිදන කාමර 4ක තනිමහල් නිවස විකිනීමට Piliyandala Kesbawa,Bedrooms: 4 | Bathrooms: 2,MEMBER,"Rs 32,000,000",5 days
https://ikman.lk/en/ad/8-p-with-brand-new-house-sale-battaramulla-for-sale-colombo-1,8 P With Brand New House Sale Battaramulla,Bedrooms: 3 | Bathrooms: 3,MEMBER,"Rs 29,000,000",5 days
https://ikman.lk/en/ad/luxurious-brand-new-house-sale-malabe-for-sale-colombo-28,Luxurious Brand New House Sale Malabe,Bedrooms: 3 | Bathrooms: 3,MEMBER,"Rs 34,000,000",5 days
https://ikman.lk/en/ad/modern-architect-designed-luxury-house-for-sale-wickramasinghepura-for-sale-colombo-6,"Modern Architect-Designed Luxury House for Sale – Wickramasinghepura,",Bedrooms: 4 | Bathrooms: 3,MEMBER,"Rs 67,500,000",5 days
https://ikman.lk/en/ad/luxury-brand-new-three-story-house-for-sale-in-bokundara-for-sale-colombo,Luxury Brand New Three Story House for Sale in Bokundara,Bedrooms: 6 | Bathrooms: 2,,"Rs 95,000,000",5 days
https://ikman.lk/en/ad/3-story-home-with-scenic-rooftop-lounge-koswatta-for-sale-colombo,3-Story Home with Scenic Rooftop Lounge – Koswatta,Bedrooms: 6 | Bathrooms: 5,MEMBER,"Rs 90,000,000",5 days
https://ikman.lk/en/ad/brand-new-luxury-house-for-sale-nugegoda-delkanda-5bd-for-sale-colombo-4,"Brand New Luxury House For Sale - Nugegoda, Delkanda (5BD)",Bedrooms: 5 | Bathrooms: 3,MEMBER,"Rs 53,000,000",5 days
https://ikman.lk/en/ad/orchid-house-available-for-sale-in-malabe-for-sale-colombo,Orchid house available for sale in malabe,Bedrooms: 3 | Bathrooms: 3,MEMBER,"Rs 47,000,000",5 days
https://ikman.lk/en/ad/superb-house-sale-with-furniture-for-sale-colombo-2,Superb House Sale With Furniture,Bedrooms: 4 | Bathrooms: 4,MEMBER,"Rs 100,000,000",5 days
https://ikman.lk/en/ad/nviin-tnimhl-nivsk-aturugiriyen-for-sale-colombo-1,නවීන තනිමහල් නිවසක් අතුරුගිරියෙන්,Bedrooms: 3 | Bathrooms: 3,MEMBER,"Rs 31,500,000",5 days
https://ikman.lk/en/ad/uss-prmitiytt-idikll-nv-nivsk-aturugiriyen-for-sale-colombo,උසස් ප්‍රමිතියට ඉදිකළ නව නිවසක් අතුරුගිරියෙන්,Bedrooms: 3 | Bathrooms: 2,MEMBER,"Rs 32,000,000",5 days
https://ikman.lk/en/ad/hrs-541-spacious-brand-new-luxury-house-for-sale-in-borlesgamuwa-for-sale-colombo-3,(HRS-541) Spacious Brand New Luxury House for Sale in Borlesgamuwa,Bedrooms: 4 | Bathrooms: 4,MEMBER,"Rs 109,000,000",5 days
https://ikman.lk/en/ad/modern-villa-for-sale-at-canterbury-piliyandala-for-sale-colombo-17,Modern Villa for Sale at Canterbury Piliyandala,Bedrooms: 3 | Bathrooms: 2,MEMBER,"Rs 44,000,000",5 days
https://ikman.lk/en/ad/all-facility-with-upstairs-house-sale-athurugiriya-for-sale-colombo,All Facility With Upstairs House Sale Athurugiriya,Bedrooms: 3 | Bathrooms: 2,MEMBER,"Rs 25,500,000",5 days
https://ikman.lk/en/ad/house-with-annex-for-sale-in-piliyandala-for-sale-colombo-1,House with Annex for sale in Piliyandala,Bedrooms: 4 | Bathrooms: 2,MEMBER,"Rs 48,000,000",5 days
https://ikman.lk/en/ad/land-with-basic-house-for-sale-samagi-mawatha-thalahene-malabe-for-sale-colombo-14,"Land with Basic House for Sale – Samagi Mawatha, Thalahene, Malabe.",Bedrooms: 4 | Bathrooms: 2,MEMBER,"Rs 27,500,000",5 days
https://ikman.lk/en/ad/hrs-485-valuable-two-story-house-for-sale-in-rathmalana-land-side-for-sale-colombo-6,(HRS-485) Valuable Two story House for Sale in Rathmalana (Land Side),Bedrooms: 5 | Bathrooms: 3,MEMBER,"Rs 37,000,000",5 days
https://ikman.lk/en/ad/hrs-554brand-new-luxury-house-for-sale-in-kesbewa-for-sale-colombo-1,(HRS-554)​BRAND NEW LUXURY HOUSE FOR SALE IN KESBEWA,Bedrooms: 4 | Bathrooms: 3,MEMBER,"Rs 44,000,000",5 days
https://ikman.lk/en/ad/two-storey-house-for-sale-in-kolonnawa-for-sale-colombo-187,Two Storey House for Sale in Kolonnawa,Bedrooms: 4 | Bathrooms: 4,MEMBER,"Rs 70,000,000",5 days
https://ikman.lk/en/ad/4-bedrooms-modern-house-for-sale-in-moratuwa-for-sale-colombo-6,4 Bedrooms Modern House for sale in Moratuwa,Bedrooms: 4 | Bathrooms: 3,MEMBER,"Rs 32,000,000",5 days
https://ikman.lk/en/ad/newly-built-3-bedrooms-house-for-sale-in-piliyandala-madapatha-for-sale-colombo-6,Newly Built 3 Bedrooms House for sale in Piliyandala Madapatha,Bedrooms: 3 | Bathrooms: 2,MEMBER,"Rs 23,500,000",5 days
https://ikman.lk/en/ad/1560-perch-house-for-sale-mount-lavinia-for-sale-colombo,15.60-Perch House for Sale – Mount Lavinia,Bedrooms: 3 | Bathrooms: 3,MEMBER,"Rs 45,240,000",5 days
https://ikman.lk/en/ad/spacious-two-storied-house-for-sale-in-ethul-kotte-for-sale-colombo-4,Spacious Two-Storied House for Sale in Ethul Kotte.,Bedrooms: 5 | Bathrooms: 3,MEMBER,"Rs 65,000,000",5 days
https://ikman.lk/en/ad/2-storey-house-for-sale-in-maharagama-for-sale-colombo-2,2 Storey House For Sale In Maharagama,Bedrooms: 5 | Bathrooms: 2,,"Rs 120,000,000",5 days
https://ikman.lk/en/ad/3-story-house-for-sale-in-thalawathugoda-ch1510-for-sale-colombo,3 Story House For Sale In Thalawathugoda - CH1510,Bedrooms: 5 | Bathrooms: 5,MEMBER,"Rs 100,000,000",5 days
https://ikman.lk/en/ad/exclusive-house-for-sale-limited-opportunity-for-sale-colombo-6,Exclusive House for Sale – Limited Opportunity,Bedrooms: 5 | Bathrooms: 3,MEMBER,"Rs 65,000,000",5 days
https://ikman.lk/en/ad/architectural-design-house-for-sale-in-piliyandala-ch1661-for-sale-colombo-7,Architectural Design House For Sale In Piliyandala - CH1661,Bedrooms: 3 | Bathrooms: 2,MEMBER,"Rs 69,000,000",5 days
https://ikman.lk/en/ad/beautiful-european-style-house-for-sale-ratmalanaish089h-for-sale-colombo,Beautiful European-Style House for Sale – Ratmalana(ISH089H),Bedrooms: 5 | Bathrooms: 3,MEMBER,"Rs 55,000,000",5 days
https://ikman.lk/en/ad/house-for-sale-in-nawala-c7-10436-for-sale-colombo,House for Sale in Nawala (C7-10436),Bedrooms: 7 | Bathrooms: 6,MEMBER,"Rs 120,000,000",5 days
https://ikman.lk/en/ad/luxury-house-for-sale-in-kount-lavinia-for-sale-colombo-1,Luxury House for Sale in Kount Lavinia,Bedrooms: 4 | Bathrooms: 3,,"Rs 120,000,000",5 days
https://ikman.lk/en/ad/land-with-house-for-sale-in-maharagama-for-sale-colombo-94,Land with House for Sale in Maharagama,Bedrooms: 3 | Bathrooms: 1,,"Rs 45,000,000",5 days
https://ikman.lk/en/ad/house-for-sale-nugegoda-wijerama-for-sale-colombo-1,House for Sale Nugegoda Wijerama,Bedrooms: 5 | Bathrooms: 4,,"Rs 125,000,000",5 days
https://ikman.lk/en/ad/3-story-house-for-sale-in-colombo-5-ch1339-for-sale-colombo-16,3 Story House For Sale In Colombo 5 - CH1339,Bedrooms: 6 | Bathrooms: 4,MEMBER,"Rs 85,000,000",5 days
https://ikman.lk/en/ad/house-for-sale-in-madiwela-sri-jayawardenepura-hs4846-for-sale-colombo,"House for Sale in Madiwela, Sri Jayawardenepura (HS4846)",Bedrooms: 4 | Bathrooms: 3,MEMBER,"Rs 43,000,000",5 days
https://ikman.lk/en/ad/luxury-property-for-sale-in-malabe-for-sale-colombo-23,luxury property for sale in malabe,Bedrooms: 4 | Bathrooms: 3,MEMBER,"Rs 65,000,000",5 days
https://ikman.lk/en/ad/single-story-house-for-sale-rathamala-for-sale-colombo,Single Story House for Sale Rathamala,Bedrooms: 1 | Bathrooms: 1,,"Rs 8,000,000",5 days
https://ikman.lk/en/ad/house-for-sale-mount-lavinia-galle-road-anu036h-for-sale-colombo,House for Sale – Mount Lavinia Galle Road ANU036H,Bedrooms: 7 | Bathrooms: 4,MEMBER,"Rs 55,000,000",5 days
https://ikman.lk/en/ad/two-storey-house-for-sale-in-himbutana-road-idh-for-sale-colombo-3,Two Storey House For Sale in Himbutana Road (IDH),Bedrooms: 5 | Bathrooms: 3,MEMBER,"Rs 37,000,000",5 days
https://ikman.lk/en/ad/3-bedrooms-house-for-sale-in-piliyandala-kesbawa-for-sale-colombo-25,3 Bedrooms House for sale in Piliyandala Kesbawa,Bedrooms: 3 | Bathrooms: 2,MEMBER,"Rs 25,000,000",5 days
https://ikman.lk/en/ad/luxury-furnished-house-for-sale-lake-road-battaramulla-for-sale-colombo-2,"Luxury Furnished House for Sale – Lake Road, Battaramulla",Bedrooms: 3 | Bathrooms: 3,MEMBER,"Rs 93,000,000",5 days
https://ikman.lk/en/ad/thalawathugoda-super-luxury-house-available-for-sale-for-sale-colombo,Thalawathugoda Super Luxury House Available For Sale,Bedrooms: 6 | Bathrooms: 7,MEMBER,"Rs 95,000,000",5 days
https://ikman.lk/en/ad/gated-community-millenium-city-modern-house-sale-athurugiriya-for-sale-colombo,Gated community millenium city modern house sale athurugiriya,Bedrooms: 3 | Bathrooms: 1,,"Rs 19,999,999",5 days
https://ikman.lk/en/ad/modern-luxury-quality-valuable-house-for-sale-in-piliyandala-for-sale-colombo-4,Modern Luxury Quality Valuable House for Sale in Piliyandala,Bedrooms: 4 | Bathrooms: 2,MEMBER,"Rs 36,000,000",5 days
https://ikman.lk/en/ad/park-road-colombo-05-house-for-sale-in-prime-location-for-sale-colombo,Park Road Colombo 05 House For Sale in prime Location,Bedrooms: 4 | Bathrooms: 3,MEMBER,"Rs 120,000,000",5 days
https://ikman.lk/en/ad/colombo-05-4-br-luxury-house-for-sale-for-sale-colombo-4,Colombo 05 4 BR Luxury House For Sale,Bedrooms: 4 | Bathrooms: 2,MEMBER,"Rs 200,000,000",5 days
https://ikman.lk/en/ad/luxury-riverfront-house-for-sale-moratuwa-for-sale-colombo,Luxury Riverfront House for Sale – Moratuwa,Bedrooms: 4 | Bathrooms: 6,MEMBER,"Rs 350,000,000",5 days
https://ikman.lk/en/ad/5bed-house-for-sale-in-kalubowila-sp1202-for-sale-colombo,5BED HOUSE FOR SALE IN KALUBOWILA (SP1202),Bedrooms: 5 | Bathrooms: 3,MEMBER,"Rs 105,000,000",5 days
https://ikman.lk/en/ad/house-four-sale-wallampitiya-for-sale-colombo-10,HOUSE FOUR SALE WALLAMPITIYA,Bedrooms: 1 | Bathrooms: 1,,"Rs 6,000,000",5 days
https://ikman.lk/en/ad/4br-house-for-sale-on-park-road-colombo-05-negotiable-hs4845-for-sale-colombo,"4BR House for Sale on Park Road, Colombo 05 | Negotiable (HS4845)",Bedrooms: 4 | Bathrooms: 3,MEMBER,"Rs 120,000,000",5 days
https://ikman.lk/en/ad/homagama-brand-new-luxury-house-for-sale-for-sale-colombo,Homagama Brand New Luxury House For Sale,Bedrooms: 4 | Bathrooms: 3,MEMBER,"Rs 53,500,000",5 days
https://ikman.lk/en/ad/morttuv-kttubaedd-tni-tttttuvee-nivs-vikinniimtt-aet-for-sale-colombo-2,මොරටුව කටුබැද්ද තනි තට්ටුවේ නිවස විකිණීමට ඇත,Bedrooms: 3 | Bathrooms: 2,MEMBER,"Rs 30,000,000",5 days
https://ikman.lk/en/ad/3-br-emperor-apartments-for-sale-in-colombo-3-pda236-for-sale-colombo-8,3 BR Emperor Apartments for Sale in Colombo 3- PDA236,Bedrooms: 3 | Bathrooms: 3,MEMBER,"Rs 120,000,000",5 days
https://ikman.lk/en/ad/colombo-07-house-for-sale-for-sale-colombo-21,Colombo 07 House For Sale.,Bedrooms: 4 | Bathrooms: 3,MEMBER,"Rs 350,000,000",5 days
https://ikman.lk/en/ad/maharagama-vidyala-handiya-3-story-brand-new-house-for-sale-rhs-768-for-sale-colombo,Maharagama Vidyala Handiya 3 Story Brand New House for Sale ( RHS - 768),Bedrooms: 5 | Bathrooms: 4,MEMBER,"Rs 45,000,000",5 days
https://ikman.lk/en/ad/luxury-house-for-sale-in-thalawathugoda-for-sale-colombo-1346,Luxury House for Sale in Thalawathugoda,Bedrooms: 5 | Bathrooms: 3,MEMBER,"Rs 75,000,000",5 days
https://ikman.lk/en/ad/luxury-brand-new-4br-house-for-sale-tranquil-living-in-thalawathugoda-for-sale-colombo-310,Luxury Brand New 4BR House for Sale – Tranquil Living in Thalawathugoda,Bedrooms: 4 | Bathrooms: 4,MEMBER,"Rs 63,000,000",5 days
https://ikman.lk/en/ad/ah142-modern-luxury-house-for-sale-in-pannipitiya-for-sale-colombo-1,(AH142) Modern Luxury House for Sale in Pannipitiya,Bedrooms: 5 | Bathrooms: 5,MEMBER,"Rs 48,500,000",5 days
https://ikman.lk/en/ad/central-colombo-05-03-bedroom-house-for-sale-for-sale-colombo,Central Colombo 05 - 03 Bedroom House for Sale,Bedrooms: 3 | Bathrooms: 2,,"Rs 84,000,000",5 days
https://ikman.lk/en/ad/dehiwala-nadimala-two-story-luxury-house-for-sale-for-sale-colombo,Dehiwala Nadimala Two Story Luxury House For Sale,Bedrooms: 8 | Bathrooms: 8,MEMBER,"Rs 65,000,000",5 days
https://ikman.lk/en/ad/brand-new-modern-valuable-house-sale-in-diyagama-for-sale-colombo,Brand New modern valuable House Sale in Diyagama,Bedrooms: 3 | Bathrooms: 2,,"Rs 18,000,000",5 days
https://ikman.lk/en/ad/spacious-4br-family-home-for-sale-battaramulla-koswatta-for-sale-colombo,Spacious 4BR Family Home for Sale – Battaramulla | Koswatta 🏡,Bedrooms: 4 | Bathrooms: 3,MEMBER,"Rs 90,000,000",5 days
https://ikman.lk/en/ad/brand-new-mount-lavinia-5-br-house-for-sale-for-sale-colombo,Brand New Mount Lavinia 5 BR House for Sale,Bedrooms: 5 | Bathrooms: 6,MEMBER,"Rs 85,000,000",5 days
https://ikman.lk/en/ad/battaramulla-thalahena-elegant-5-br-house-for-sale-for-sale-colombo,Battaramulla Thalahena Elegant 5 BR House For Sale,Bedrooms: 5 | Bathrooms: 3,MEMBER,"Rs 71,000,000",5 days
https://ikman.lk/en/ad/rajagirya-gated-community-elegant-house-for-sale-for-sale-colombo,Rajagirya Gated Community Elegant House For Sale,Bedrooms: 4 | Bathrooms: 3,MEMBER,"Rs 93,000,000",5 days
https://ikman.lk/en/ad/super-luxury-house-for-sale-in-thalawathugoda-for-sale-colombo-159,Super Luxury House for Sale in Thalawathugoda,Bedrooms: 4 | Bathrooms: 4,MEMBER,"Rs 69,000,000",5 days
https://ikman.lk/en/ad/luxury-house-for-sale-in-kalubowila-for-sale-colombo-43,Luxury House for Sale in Kalubowila,Bedrooms: 8 | Bathrooms: 8,MEMBER,"Rs 115,000,000",5 days
https://ikman.lk/en/ad/4br-elegant-house-for-sale-thalawathugoda-for-sale-colombo,4BR Elegant House for Sale Thalawathugoda,Bedrooms: 4 | Bathrooms: 4,MEMBER,"Rs 160,000,000",5 days
https://ikman.lk/en/ad/single-storied-brand-new-house-for-sale-for-sale-colombo-32,Single Storied Brand New House For Sale,Bedrooms: 3 | Bathrooms: 2,MEMBER,"Rs 28,500,000",5 days
https://ikman.lk/en/ad/battaramulla-colonial-style-house-for-sale-for-sale-colombo-19,Battaramulla Colonial Style House For Sale,Bedrooms: 6 | Bathrooms: 4,MEMBER,"Rs 320,000,000",5 days
https://ikman.lk/en/ad/brand-new-single-house-sale-in-athurugiriya-for-sale-colombo,Brand New Single House Sale In Athurugiriya,Bedrooms: 3 | Bathrooms: 2,MEMBER,"Rs 26,000,000",5 days
https://ikman.lk/en/ad/brand-new-single-storey-house-for-sale-in-athurugiriya-for-sale-colombo-76,Brand New Single-Storey House for Sale in Athurugiriya,Bedrooms: 3 | Bathrooms: 2,MEMBER,"Rs 31,500,000",5 days
https://ikman.lk/en/ad/battaramulla-city-with-furnitured-luxury-house-for-sale-for-sale-colombo,battaramulla city with furnitured luxury house for sale,Bedrooms: 4 | Bathrooms: 4,MEMBER,"Rs 255,000,000",5 days
https://ikman.lk/en/ad/luxury-house-with-furnitured-for-sale-dehiwala-for-sale-colombo,Luxury House with Furnitured for Sale Dehiwala,Bedrooms: 4 | Bathrooms: 4,MEMBER,"Rs 180,000,000",5 days
https://ikman.lk/en/ad/3st-brand-new-super-luxury-beautiful-house-for-sale-in-kotte-for-sale-colombo,3st Brand new super luxury Beautiful house for sale in kotte,Bedrooms: 5 | Bathrooms: 5,MEMBER,"Rs 220,000,000",5 days
https://ikman.lk/en/ad/solid-house-for-sale-in-colombo-6-for-sale-colombo,solid house for sale in colombo 6,Bedrooms: 4 | Bathrooms: 4,MEMBER,"Rs 225,000,000",5 days
https://ikman.lk/en/ad/brand-new-modern-house-sale-in-godagama-homagama-for-sale-colombo,Brand New Modern House Sale in Godagama Homagama,Bedrooms: 3 | Bathrooms: 2,,"Rs 19,500,000",5 days
https://ikman.lk/en/ad/2-story-house-for-sale-in-piliyandala-ch1791-for-sale-colombo,2 Story House For Sale In Piliyandala - CH1791,Bedrooms: 3 | Bathrooms: 2,MEMBER,"Rs 32,000,000",5 days
https://ikman.lk/en/ad/dh1301-single-storey-house-for-sale-in-nugegoda-for-sale-colombo-2,(DH1301) Single Storey House for Sale in Nugegoda,Bedrooms: 4 | Bathrooms: 3,MEMBER,"Rs 35,000,000",5 days
https://ikman.lk/en/ad/sh1415-two-storey-luxury-house-for-sale-in-thalahena-for-sale-colombo-14,(SH1415) Two Storey Luxury House for Sale in Thalahena,Bedrooms: 5 | Bathrooms: 3,MEMBER,"Rs 70,000,000",5 days
https://ikman.lk/en/ad/prestigious-house-for-sale-boralasgamuwa-town-limit-for-sale-colombo,Prestigious House for sale Boralasgamuwa town limit,Bedrooms: 5 | Bathrooms: 3,MEMBER,"Rs 47,500,000",5 days
https://ikman.lk/en/ad/aturugiriy-town-ek-maedin-angsmpuurnn-demhl-nivsk-sa-14199-for-sale-colombo,🏡 අතුරුගිරිය Town එක මැදින් අංගසම්පූර්ණ දෙමහල් නිවසක් / SA 14199,Bedrooms: 4 | Bathrooms: 2,MEMBER,"Rs 75,000,000",5 days
https://ikman.lk/en/ad/elegance-house-for-sale-maharagama-for-sale-colombo-39,Elegance House for sale Maharagama,Bedrooms: 4 | Bathrooms: 2,MEMBER,"Rs 31,000,000",5 days
https://ikman.lk/en/ad/two-storey-4-bedrooms-house-for-sale-in-piliyandala-kesbawa-for-sale-colombo-7,Two Storey 4 Bedrooms House for Sale in Piliyandala Kesbawa,Bedrooms: 4 | Bathrooms: 2,MEMBER,"Rs 34,500,000",5 days
https://ikman.lk/en/ad/superb-brand-new-house-sale-malabe-for-sale-colombo-1,Superb Brand New House Sale Malabe,Bedrooms: 3 | Bathrooms: 3,MEMBER,"Rs 29,000,000",5 days
https://ikman.lk/en/ad/well-build-upstairs-house-sale-malabe-for-sale-colombo,Well Build Upstairs House Sale Malabe,Bedrooms: 6 | Bathrooms: 3,MEMBER,"Rs 47,000,000",5 days
https://ikman.lk/en/ad/valuable-house-for-sale-with-furniture-for-sale-colombo,Valuable House For Sale With Furniture,Bedrooms: 3 | Bathrooms: 2,MEMBER,"Rs 35,000,000",5 days
https://ikman.lk/en/ad/valuable-two-story-2-unit-house-for-sale-rajagiriya-for-sale-colombo-1,Valuable Two Story 2 Unit House for Sale Rajagiriya,Bedrooms: 4 | Bathrooms: 6,MEMBER,"Rs 60,000,000",5 days
https://ikman.lk/en/ad/superb-two-storied-house-sale-malabe-for-sale-colombo,Superb Two Storied House Sale Malabe,Bedrooms: 4 | Bathrooms: 5,MEMBER,"Rs 59,500,000",5 days
https://ikman.lk/en/ad/all-completed-single-storied-house-in-meegoda-homagama-for-sale-colombo,"All Completed Single Storied House In Meegoda, Homagama",Bedrooms: 3 | Bathrooms: 2,MEMBER,"Rs 17,500,000",5 days
https://ikman.lk/en/ad/beautiful-single-house-sale-homagama-for-sale-colombo,Beautiful Single House Sale Homagama,Bedrooms: 3 | Bathrooms: 2,MEMBER,"Rs 23,000,000",5 days
https://ikman.lk/en/ad/ph990-single-storey-house-for-sale-nugegoda-for-sale-colombo-3,(PH990) Single Storey House for Sale Nugegoda,Bedrooms: 4 | Bathrooms: 2,MEMBER,"Rs 45,000,000",5 days
https://ikman.lk/en/ad/brand-new-luxury-house-sale-talawatugoda-for-sale-colombo-11,Brand new Luxury House Sale Talawatugoda,Bedrooms: 4 | Bathrooms: 3,MEMBER,"Rs 53,500,000",5 days
https://ikman.lk/en/ad/4-bedrooms-solid-house-for-sale-in-kahathuduwa-gonapola-for-sale-colombo-6,4 Bedrooms Solid House for Sale in Kahathuduwa Gonapola,Bedrooms: 4 | Bathrooms: 2,MEMBER,"Rs 17,500,000",5 days
https://ikman.lk/en/ad/nviin-tnmhl-nivs-vikinniimtt-homagama-beruketiya-for-sale-colombo-2,නවීන තනමහල් නිවස විකිණීමට Homagama Beruketiya,Bedrooms: 3 | Bathrooms: 1,MEMBER,"Rs 16,500,000",5 days
https://ikman.lk/en/ad/all-facility-with-luxury-house-for-sale-for-sale-colombo-4,All Facility With Luxury House For Sale,Bedrooms: 5 | Bathrooms: 4,MEMBER,"Rs 145,000,000",5 days
https://ikman.lk/en/ad/grh-nirmaann-shilpy-anuv-taenuu-brand-new-nivsk-vikinniimtt-piliyandala-for-sale-colombo-1,ගෘහ නිර්මාණ ශිල්පය අනුව තැනූ Brand New නිවසක් විකිණීමට - Piliyandala,Bedrooms: 4 | Bathrooms: 2,MEMBER,"Rs 29,500,000",5 days
https://ikman.lk/en/ad/brand-new-two-storey-house-for-sale-in-kesbewa-for-sale-colombo-1,Brand New Two Storey House for Sale in Kesbewa,Bedrooms: 5 | Bathrooms: 3,MEMBER,"Rs 44,000,000",5 days
https://ikman.lk/en/ad/full-fill-beautiful-house-sale-koratota-athurugiriya-for-sale-colombo,"Full Fill Beautiful House Sale Koratota , Athurugiriya",Bedrooms: 3 | Bathrooms: 2,MEMBER,"Rs 19,500,000",5 days
https://ikman.lk/en/ad/brand-new-house-for-sale-in-piliyandala-for-sale-colombo-967,Brand New House for Sale in Piliyandala,Bedrooms: 5 | Bathrooms: 3,MEMBER,"Rs 44,000,000",5 days
https://ikman.lk/en/ad/brand-new-modern-house-for-sale-in-piliyandala-for-sale-colombo-62,Brand New Modern House for Sale in Piliyandala,Bedrooms: 3 | Bathrooms: 2,MEMBER,"Rs 25,000,000",5 days
https://ikman.lk/en/ad/two-storied-best-house-sale-athurugiriya-for-sale-colombo-6,Two Storied Best House Sale Athurugiriya,Bedrooms: 4 | Bathrooms: 2,MEMBER,"Rs 24,500,000",5 days
https://ikman.lk/en/ad/house-with-25-perch-land-for-sale-kahathuduwa-for-sale-colombo,House with 25-Perch land for Sale – Kahathuduwa,Bedrooms: 3 | Bathrooms: 1,MEMBER,"Rs 25,000,000",5 days
https://ikman.lk/en/ad/single-house-for-sale-athurugiriya-for-sale-colombo-10,Single House For Sale Athurugiriya,Bedrooms: 3 | Bathrooms: 2,MEMBER,"Rs 18,000,000",5 days
https://ikman.lk/en/ad/brand-new-single-house-for-sale-athurugiriya-for-sale-colombo-62,Brand New Single House For Sale Athurugiriya,Bedrooms: 3 | Bathrooms: 2,MEMBER,"Rs 27,500,000",5 days
https://ikman.lk/en/ad/thalawathugoda-house-for-sale-for-sale-colombo-216,Thalawathugoda House For sale,Bedrooms: 3 | Bathrooms: 2,MEMBER,"Rs 40,000,000",5 days
https://ikman.lk/en/ad/brand-new-2-story-luxury-house-for-sale-in-piliyandala-kahathuduwa-for-sale-colombo-1,Brand New 2 Story Luxury House for Sale in Piliyandala Kahathuduwa,Bedrooms: 4 | Bathrooms: 2,MEMBER,"Rs 35,000,000",5 days
https://ikman.lk/en/ad/modern-two-storey-house-for-sale-in-thunadhahena-road-malabe-for-sale-colombo,Modern Two storey House for sale in Thunadhahena road Malabe,Bedrooms: 4 | Bathrooms: 4,,"Rs 35,000,000",5 days
https://ikman.lk/en/ad/house-for-sale-in-rajagiriya-for-sale-colombo-1242,House for Sale in Rajagiriya,Bedrooms: 4 | Bathrooms: 2,MEMBER,"Rs 210,000,000",5 days
https://ikman.lk/en/ad/house-for-sale-in-mount-lavinia-two-units-for-sale-colombo,House for Sale in Mount Lavinia ( Two Units ),Bedrooms: 9 | Bathrooms: 7,MEMBER,"Rs 140,000,000",5 days
https://ikman.lk/en/ad/4-bedrooms-modern-house-for-sale-in-piliyandala-madapatha-rd-for-sale-colombo,4 BEDROOMS MODERN HOUSE FOR SALE IN PILIYANDALA MADAPATHA RD,Bedrooms: 4 | Bathrooms: 2,MEMBER,"Rs 29,500,000",5 days
https://ikman.lk/en/ad/2-unit-triple-story-house-for-sale-nawala-koswattha-for-sale-colombo-1,2 Unit Triple Story House for Sale - Nawala Koswattha,Bedrooms: 7 | Bathrooms: 5,,"Rs 75,000,000",5 days
https://ikman.lk/en/ad/modern-4-bedroom-house-for-sale-boralesgamuwa-piliyandala-road-for-sale-colombo,MODERN 4-BEDROOM HOUSE FOR SALE – BORALESGAMUWA | PILIYANDALA ROAD,Bedrooms: 4 | Bathrooms: 4,MEMBER,"Rs 37,500,000",5 days
https://ikman.lk/en/ad/brand-new-beautiful-luxury-house-for-sale-in-piliyandala-for-sale-colombo-1,Brand New Beautiful Luxury House for Sale in Piliyandala,Bedrooms: 3 | Bathrooms: 2,MEMBER,"Rs 23,500,000",5 days
https://ikman.lk/en/ad/4-bedroom-house-for-sale-battaramulla-for-sale-colombo,4-BEDROOM HOUSE FOR SALE – BATTARAMULLA,Bedrooms: 4 | Bathrooms: 2,MEMBER,"Rs 34,000,000",5 days
https://ikman.lk/en/ad/house-for-sale-with-furniture-brand-new-for-sale-colombo,House For Sale With Furniture - Brand New,Bedrooms: 3 | Bathrooms: 3,MEMBER,"Rs 34,000,000",5 days
https://ikman.lk/en/ad/modern-luxury-5-bedroom-home-for-sale-kottawa-for-sale-colombo,Modern Luxury 5 Bedroom Home for Sale – Kottawa,Bedrooms: 5 | Bathrooms: 5,MEMBER,"Rs 48,500,000",5 days
https://ikman.lk/en/ad/luxury-4-bedroom-house-for-sale-in-malabe-for-sale-colombo,Luxury 4 Bedroom House for sale in Malabe,Bedrooms: 4 | Bathrooms: 3,MEMBER,"Rs 46,000,000",5 days
https://ikman.lk/en/ad/195-perches-two-storied-house-for-sale-in-pannipitiya-for-sale-colombo,19.5 Perches - Two Storied House For Sale in Pannipitiya,Bedrooms: 5 | Bathrooms: 2,MEMBER,"Rs 39,000,000",5 days
https://ikman.lk/en/ad/10-perch-brand-new-single-storey-house-for-sale-in-athurugiriya-for-sale-colombo-3,10 Perch Brand New Single Storey House for sale in Athurugiriya,Bedrooms: 3 | Bathrooms: 2,,"Rs 28,500,000",5 days
https://ikman.lk/en/ad/house-for-sale-off-park-road-colombo-5-for-sale-colombo-3,"House for sale off Park road, Colombo 5",Bedrooms: 4 | Bathrooms: 3,MEMBER,"Rs 115,000,000",5 days
https://ikman.lk/en/ad/3-bedrooms-new-house-for-sale-in-homagama-ambagashandiya-for-sale-colombo-2,3 Bedrooms New House for sale in Homagama Ambagashandiya,Bedrooms: 3 | Bathrooms: 2,MEMBER,"Rs 18,500,000",5 days
https://ikman.lk/en/ad/two-story-house-for-sale-in-pannipitiya-for-sale-colombo-148,Two Story House for Sale in Pannipitiya,Bedrooms: 5 | Bathrooms: 2,MEMBER,"Rs 29,000,000",5 days
https://ikman.lk/en/ad/three-storied-house-for-sale-koshene-road-malabe-for-sale-colombo-4,"Three Storied House for Sale – Koshene Road, Malabe.",Bedrooms: 5 | Bathrooms: 3,MEMBER,"Rs 37,000,000",5 days
https://ikman.lk/en/ad/single-story-3-bed-new-house-for-sale-piliyandala-polgasowita-for-sale-colombo,SINGLE STORY 3 BED NEW HOUSE FOR SALE PILIYANDALA POLGASOWITA,Bedrooms: 3 | Bathrooms: 2,MEMBER,"Rs 22,500,000",5 days
https://ikman.lk/en/ad/newly-built-3-bedroom-house-for-sale-in-godagama-7-perches-for-sale-colombo,Newly Built 3 Bedroom House for Sale in Godagama | 7 Perches,Bedrooms: 3 | Bathrooms: 2,MEMBER,"Rs 21,000,000",5 days
https://ikman.lk/en/ad/individual-house-for-sale-in-mount-lavinia-for-sale-colombo,individual House for Sale in Mount Lavinia,Bedrooms: 5 | Bathrooms: 3,,"Rs 42,500,000",5 days
https://ikman.lk/en/ad/brand-new-super-house-sale-talawatugoda-for-sale-colombo-2,Brand New Super House Sale Talawatugoda,Bedrooms: 4 | Bathrooms: 4,MEMBER,"Rs 48,000,000",5 days
https://ikman.lk/en/ad/lssn-alutm-tnimhl-nivsk-maalben-for-sale-colombo,ලස්සන අලුත්ම තනිමහල් නිවසක් මාලබෙන්,Bedrooms: 3 | Bathrooms: 2,MEMBER,"Rs 28,500,000",5 days
https://ikman.lk/en/ad/two-storied-brand-new-house-sale-athurugiriya-for-sale-colombo-3,Two Storied Brand New House Sale Athurugiriya,Bedrooms: 6 | Bathrooms: 5,MEMBER,"Rs 55,000,000",5 days
https://ikman.lk/en/ad/good-condition-house-sale-malabe-for-sale-colombo-2,Good Condition House sale Malabe,Bedrooms: 3 | Bathrooms: 3,MEMBER,"Rs 26,500,000",5 days
https://ikman.lk/en/ad/lssn-demhl-nivsk-tlvtugoddin-for-sale-colombo-2,ලස්සන දෙමහල් නිවසක් තලවතුගොඩින්,Bedrooms: 4 | Bathrooms: 3,MEMBER,"Rs 135,000,000",5 days
https://ikman.lk/en/ad/single-storied-best-house-in-malabe-arangala-for-sale-colombo,Single Storied Best House In Malabe - Arangala,Bedrooms: 3 | Bathrooms: 2,MEMBER,"Rs 26,500,000",5 days
https://ikman.lk/en/ad/well-maintained-house-for-sale-kottawa-for-sale-colombo,Well Maintained House For Sale Kottawa,Bedrooms: 4 | Bathrooms: 3,MEMBER,"Rs 31,500,000",5 days
https://ikman.lk/en/ad/luxury-brand-new-house-sale-with-furniture-for-sale-colombo-2,Luxury Brand New House Sale With furniture,Bedrooms: 4 | Bathrooms: 3,MEMBER,"Rs 68,500,000",5 days
https://ikman.lk/en/ad/brand-new-luxury-house-for-sale-nugegoda-delkanda-for-sale-colombo-376,"Brand New Luxury House For Sale - Nugegoda, Delkanda",Bedrooms: 5 | Bathrooms: 3,MEMBER,"Rs 53,000,000",5 days
https://ikman.lk/en/ad/luxury-house-for-sale-in-nadimala-for-sale-colombo,Luxury House For Sale in Nadimala,Bedrooms: 3 | Bathrooms: 3,MEMBER,"Rs 65,000,000",5 days
https://ikman.lk/en/ad/aturugiriy-glvrusaav-paaree-pihitti-nivsk-vikinniimtt-aet-id-athu043s-for-sale-colombo,"අතුරුගිරිය, ගල්වරුසාව පාරේ පිහිටි නිවසක් විකිණීමට ඇත. (ID : ATHU043S)",Bedrooms: 3 | Bathrooms: 1,MEMBER,"Rs 21,000,000",5 days
https://ikman.lk/en/ad/house-for-sale-galwarusawa-road-athurugiriya-id-athu043-for-sale-colombo,"House for Sale Galwarusawa road, Athurugiriya (ID : ATHU043)",Bedrooms: 3 | Bathrooms: 1,MEMBER,"Rs 21,000,000",5 days
https://ikman.lk/en/ad/2-story-brand-new-house-for-sale-in-piliyandala-kotagedara-for-sale-colombo-1,2 Story Brand New House for Sale in Piliyandala Kotagedara,Bedrooms: 4 | Bathrooms: 2,MEMBER,"Rs 29,500,000",5 days
https://ikman.lk/en/ad/uncommon-brand-new-house-for-sale-in-piliyandala-for-sale-colombo-9,Uncommon Brand New House for Sale in Piliyandala,Bedrooms: 4 | Bathrooms: 2,MEMBER,"Rs 29,500,000",5 days
https://ikman.lk/en/ad/two-storied-box-type-house-for-sale-koshena-road-malabe-for-sale-colombo-3,"Two-storied Box-type House for Sale – Koshena Road, Malabe.",Bedrooms: 4 | Bathrooms: 3,MEMBER,"Rs 47,500,000",5 days
https://ikman.lk/en/ad/near-town-brand-new-house-for-sale-in-piliyandala-for-sale-colombo-1,Near Town Brand New House for Sale in Piliyandala,Bedrooms: 3 | Bathrooms: 1,MEMBER,"Rs 21,500,000",5 days
https://ikman.lk/en/ad/luxury-2-storey-house-with-rooftop-for-sale-pannipitiya-for-sale-colombo-3,Luxury 2-Storey House with Rooftop for Sale – Pannipitiya,Bedrooms: 5 | Bathrooms: 3,MEMBER,"Rs 48,000,000",5 days
https://ikman.lk/en/ad/modern-2-storey-house-for-sale-in-thalawathugoda-for-sale-colombo-4,Modern 2-Storey House for Sale in Thalawathugoda,Bedrooms: 4 | Bathrooms: 3,MEMBER,"Rs 48,000,000",5 days
https://ikman.lk/en/ad/single-storey-house-for-sale-at-jaya-road-udahamulla-nugegoda-for-sale-colombo,Single Storey House for Sale At Jaya Road Udahamulla Nugegoda,Bedrooms: 4 | Bathrooms: 2,MEMBER,"Rs 35,000,000",5 days
https://ikman.lk/en/ad/newly-built-piliyandala-town-for-sale-for-sale-colombo,newly built piliyandala town for sale,Bedrooms: 4 | Bathrooms: 4,MEMBER,"Rs 59,000,000",5 days
https://ikman.lk/en/ad/112-p-with-single-storey-house-sale-at-jaya-road-udahamulla-nugegoda-for-sale-colombo,11.2 P With Single Storey House Sale At Jaya Road Udahamulla Nugegoda,Bedrooms: 4 | Bathrooms: 2,MEMBER,"Rs 35,000,000",5 days
https://ikman.lk/en/ad/luxury-single-story-house-for-sale-in-piliyandala-for-sale-colombo-8,Luxury Single Story House for Sale in Piliyandala,Bedrooms: 3 | Bathrooms: 2,MEMBER,"Rs 18,000,000",5 days
https://ikman.lk/en/ad/architecturally-designed-brand-new-two-storey-house-for-sale-in-kaduwela-for-sale-colombo-4,Architecturally Designed Brand New Two-Storey House for Sale in Kaduwela,Bedrooms: 5 | Bathrooms: 4,MEMBER,"Rs 53,000,000",5 days
https://ikman.lk/en/ad/heritage-bungalow-for-sale-moratuwa-galle-road-em038dv-for-sale-colombo,"Heritage Bungalow for Sale – Moratuwa, Galle Road (EM038DV)",Bedrooms: 9 | Bathrooms: 4,MEMBER,"Rs 150,000,000",5 days
https://ikman.lk/en/ad/velyaayktt-muhunlaa-pihitti-alutinm-idikrn-ld-demhl-nivs-vikiniimttpp-for-sale-colombo,වෙල්‍යායකට මුහුන්ලා පිහිටි අලුතින්ම ඉදිකරන ලද දෙමහල් නිවස විකිනීමට(pp),Bedrooms: 4 | Bathrooms: 3,MEMBER,"Rs 49,500,000",5 days
https://ikman.lk/en/ad/brand-new-single-two-storey-house-for-sale-inn-mattegodabtb71-for-sale-colombo,Brand New Single two storey house for sale inn Mattegoda(btb71,Bedrooms: 4 | Bathrooms: 4,MEMBER,"Rs 46,500,000",5 days
https://ikman.lk/en/ad/house-for-sale-in-kottawa-ruwanpura-20-perch-for-sale-colombo,HOUSE for SALE in KOTTAWA Ruwanpura 20 Perch,Bedrooms: 3 | Bathrooms: 2,,"Rs 29,500,000",5 days
https://ikman.lk/en/ad/a-brand-new-singale-story-luxury-house-in-kiriwattuduwa-for-sale-colombo-9,A BRAND NEW SINGALE STORY LUXURY HOUSE In KIRIWATTUDUWA,Bedrooms: 3 | Bathrooms: 2,,"Rs 18,000,000",5 days
https://ikman.lk/en/ad/premium-family-residence-near-kahathuduwa-highway-entrance-for-sale-colombo,Premium Family Residence Near Kahathuduwa Highway Entrance,Bedrooms: 4 | Bathrooms: 3,,"Rs 45,000,000",5 days
https://ikman.lk/en/ad/house-with-rental-income-from-wijerama-egodawatta-rd-nugegoda-for-sale-colombo,House With Rental income From Wijerama Egodawatta Rd Nugegoda,Bedrooms: 8 | Bathrooms: 3,MEMBER,"Rs 38,500,000",5 days
https://ikman.lk/en/ad/house-for-sale-dehiwala-off-saranankara-road-for-sale-colombo,House for Sale – Dehiwala Off Saranankara Road,Bedrooms: 3 | Bathrooms: 2,MEMBER,"Rs 29,500,000",5 days
https://ikman.lk/en/ad/house-for-sale-in-walawwatta-rajagiriya-rd-for-sale-colombo,House For Sale in Walawwatta Rajagiriya Rd,Bedrooms: 7 | Bathrooms: 4,MEMBER,"Rs 49,000,000",5 days
https://ikman.lk/en/ad/house-in-manikagara-rd-korathota-kaduwela-athurugiriya-of-galwarusa-for-sale-colombo,House in Manikagara Rd Korathota Kaduwela / Athurugiriya of Galwarusa,Bedrooms: 5 | Bathrooms: 3,MEMBER,"Rs 39,500,000",5 days
https://ikman.lk/en/ad/2-storied-house-at-averihena-rd-kirulapna-colombo-5-land-value-for-sale-colombo,"2 Storied House at Averihena Rd, Kirulapna, Colombo - 5 LAND VALUE",Bedrooms: 4 | Bathrooms: 2,MEMBER,"Rs 55,000,000",5 days
https://ikman.lk/en/ad/brand-new-house-piliyandala-for-sale-colombo-153,Brand new house Piliyandala,Bedrooms: 5 | Bathrooms: 4,MEMBER,"Rs 45,000,000",5 days
https://ikman.lk/en/ad/brand-new-house-for-sale-bypass-road-piliyandala-for-sale-colombo,Brand New House for Sale Bypass Road Piliyandala,Bedrooms: 4 | Bathrooms: 4,MEMBER,"Rs 55,000,000",5 days
https://ikman.lk/en/ad/brand-new-luxury-house-in-pannipitiya-kottawa-5-way-junction-for-sale-colombo,Brand-New Luxury House in Pannipitiya / Kottawa ( 5 way junction),Bedrooms: 3 | Bathrooms: 2,MEMBER,"Rs 39,500,000",5 days
https://ikman.lk/en/ad/semi-furnished-luxury-house-for-sale-in-wijerama-nugegoda-for-sale-colombo,Semi Furnished Luxury House For Sale in Wijerama Nugegoda,Bedrooms: 3 | Bathrooms: 3,MEMBER,"Rs 70,000,000",5 days
https://ikman.lk/en/ad/luxury-house-for-sale-i-batuwandara-for-sale-colombo,Luxury House For Sale i Batuwandara,Bedrooms: 4 | Bathrooms: 2,MEMBER,"Rs 34,500,000",6 days
https://ikman.lk/en/ad/mnrm-kumburu-yaayktt-maayim-sukoopboogii-alutm-nivs-vikiniimtt-borlaesgmuv-for-sale-colombo,මනරම් කුඹුරු යායකට මායිම් සුකෝපබෝගී අලුත්ම නිවස විකිනීමට - බොරලැස්ගමුව,Bedrooms: 4 | Bathrooms: 5,MEMBER,"Rs 109,000,000",6 days
https://ikman.lk/en/ad/mordern-single-storied-house-for-sale-in-polgasovita-for-sale-colombo-1,Mordern Single Storied House For Sale in Polgasovita,Bedrooms: 3 | Bathrooms: 2,MEMBER,"Rs 23,500,000",6 days
https://ikman.lk/en/ad/kaesbaaev-hndiytt-smiip-alutm-tnimhl-nivs-vikiniimtt-for-sale-colombo,කැස්බෑව හංදියට සමීප අලුත්ම තනිමහල් නිවස විකිනීමට,Bedrooms: 3 | Bathrooms: 3,MEMBER,"Rs 24,500,000",6 days
https://ikman.lk/en/ad/piliyndl-ttvumen-sukoopboogii-alutm-demhl-nivsk-vikiniimtt-for-sale-colombo-3,පිලියන්දල ටවුමෙන් සුකෝපබෝගී අලුත්ම දෙමහල් නිවසක් විකිනීමට,Bedrooms: 5 | Bathrooms: 5,MEMBER,"Rs 75,000,000",6 days
https://ikman.lk/en/ad/kirivttudduv-pihitti-prcs-11-k-alutm-nivs-vikiniimtt-for-sale-colombo,කිරිවත්තුඩුව පිහිටි පර්චස් 11 ක අලුත්ම නිවස විකිනීමට,Bedrooms: 3 | Bathrooms: 2,MEMBER,"Rs 16,500,000",6 days
https://ikman.lk/en/ad/25-perches-luxury-2-storied-mordern-house-in-attidiya-for-sale-colombo,25 Perches - Luxury 2 Storied Mordern House in Attidiya,Bedrooms: 5 | Bathrooms: 2,MEMBER,"Rs 110,000,000",6 days
https://ikman.lk/en/ad/168-perches-solid-single-storied-house-for-sale-mattegoda-for-sale-colombo,16.8 Perches - Solid Single Storied House For Sale Mattegoda,Bedrooms: 5 | Bathrooms: 2,MEMBER,"Rs 37,500,000",6 days
https://ikman.lk/en/ad/13-perches-luxury-house-for-sale-in-mattegoda-for-sale-colombo-3,13 Perches - Luxury House For Sale in Mattegoda,Bedrooms: 4 | Bathrooms: 3,MEMBER,"Rs 45,000,000",6 days
https://ikman.lk/en/ad/residential-house-for-sale-piliyandala-for-sale-colombo,Residential House for sale Piliyandala,Bedrooms: 3 | Bathrooms: 2,MEMBER,"Rs 23,500,000",6 days
https://ikman.lk/en/ad/high-residential-house-for-sale-kesbewa-for-sale-colombo-3,High Residential House for sale Kesbewa,Bedrooms: 3 | Bathrooms: 1,MEMBER,"Rs 13,000,000",6 days
https://ikman.lk/en/ad/residential-house-for-sale-kesbewa-for-sale-colombo,Residential House for sale Kesbewa,Bedrooms: 3 | Bathrooms: 1,MEMBER,"Rs 13,000,000",6 days
https://ikman.lk/en/ad/maharagama-brand-new-super-luxury-house-for-sale-for-sale-colombo,Maharagama Brand New Super Luxury House For Sale,Bedrooms: 5 | Bathrooms: 5,MEMBER,"Rs 85,000,000",6 days
https://ikman.lk/en/ad/house-for-sale-in-homagama-meegoda-for-sale-colombo-10,House for Sale in Homagama Meegoda,Bedrooms: 2 | Bathrooms: 2,,"Rs 8,300,000",6 days
https://ikman.lk/en/ad/house-for-sale-colombo-10-for-sale-colombo-117,House for Sale Colombo 10,Bedrooms: 3 | Bathrooms: 1,,"Rs 200,000,000",6 days
https://ikman.lk/en/ad/the-architecturally-designed-house-for-sale-in-thalawathugoda-for-sale-colombo-1,The Architecturally Designed House for Sale in Thalawathugoda,Bedrooms: 4 | Bathrooms: 3,MEMBER,"Rs 67,000,000",6 days
https://ikman.lk/en/ad/house-for-sale-dehiwela-kawdana-for-sale-colombo-3,House for Sale Dehiwela Kawdana,Bedrooms: 9 | Bathrooms: 7,,"Rs 65,000,000",6 days
https://ikman.lk/en/ad/four-bedroom-house-for-sale-in-kottawa-ds42-for-sale-colombo,four bedroom house for sale in kottawa Ds42,Bedrooms: 4 | Bathrooms: 3,MEMBER,"Rs 42,000,000",6 days
https://ikman.lk/en/ad/super-three-storey-house-for-sale-baththaramulla-ds11644-for-sale-colombo-1,Super Three Storey House for Sale Baththaramulla Ds11644,Bedrooms: 6 | Bathrooms: 5,MEMBER,"Rs 90,000,000",6 days
https://ikman.lk/en/ad/two-storey-house-for-sale-in-rajagiriya-ds4705-for-sale-colombo-2,Two Storey House for Sale in Rajagiriya Ds4705,Bedrooms: 3 | Bathrooms: 2,MEMBER,"Rs 47,000,000",6 days
https://ikman.lk/en/ad/two-storey-house-for-sale-in-malabe-ds455-for-sale-colombo-2,Two Storey House for Sale in Malabe Ds455,Bedrooms: 3 | Bathrooms: 3,MEMBER,"Rs 28,000,000",6 days
https://ikman.lk/en/ad/two-storey-house-for-sale-in-malabe-ds10-for-sale-colombo,Two Storey House for Sale in Malabe Ds10,Bedrooms: 4 | Bathrooms: 3,MEMBER,"Rs 37,500,000",6 days
https://ikman.lk/en/ad/two-story-house-for-sale-in-colombo-4-ds40807-for-sale-colombo-1,two story house for sale in colombo 4 Ds40807,Bedrooms: 5 | Bathrooms: 5,MEMBER,"Rs 130,000,000",6 days
https://ikman.lk/en/ad/two-storey-house-for-sale-in-baththaramulla-ds5201-for-sale-colombo-1,Two Storey House for Sale in Baththaramulla Ds5201,Bedrooms: 4 | Bathrooms: 5,MEMBER,"Rs 52,000,000",6 days
https://ikman.lk/en/ad/single-storey-house-for-sale-koswatte-ds44557-for-sale-colombo-1,Single Storey House for Sale Koswatte Ds44557,Bedrooms: 2 | Bathrooms: 2,MEMBER,"Rs 28,000,000",6 days
https://ikman.lk/en/ad/single-storey-house-for-sale-in-thalawathugoda-ds67260-for-sale-colombo,Single Storey House for Sale in Thalawathugoda Ds67260,Bedrooms: 3 | Bathrooms: 2,MEMBER,"Rs 24,000,000",6 days
https://ikman.lk/en/ad/single-storey-house-for-sale-in-nugegoda-ds10350-for-sale-colombo,Single Storey House for Sale in Nugegoda Ds10350,Bedrooms: 3 | Bathrooms: 2,MEMBER,"Rs 35,000,000",6 days
https://ikman.lk/en/ad/two-storey-modern-house-for-sale-nugegoda-ds9090-for-sale-colombo-1,Two Storey Modern House for Sale Nugegoda Ds9090,Bedrooms: 5 | Bathrooms: 3,MEMBER,"Rs 90,000,000",6 days
https://ikman.lk/en/ad/two-storey-house-for-sale-nugegoda-ds30381-for-sale-colombo-1,Two Storey House for Sale Nugegoda Ds30381,Bedrooms: 4 | Bathrooms: 2,MEMBER,"Rs 43,000,000",6 days
https://ikman.lk/en/ad/single-storey-house-for-sale-homagama-ds79100-for-sale-colombo,Single Storey House for Sale Homagama Ds79100,Bedrooms: 3 | Bathrooms: 2,MEMBER,"Rs 40,000,000",6 days
https://ikman.lk/en/ad/two-storey-house-for-sale-in-thalahena-ds20907-for-sale-colombo,Two Storey House for Sale in Thalahena Ds20907,Bedrooms: 6 | Bathrooms: 4,MEMBER,"Rs 90,000,000",6 days
https://ikman.lk/en/ad/land-with-old-house-for-sale-in-mirihana-ds2070-for-sale-colombo,land with old house for sale in mirihana Ds2070,Bedrooms: 3 | Bathrooms: 2,MEMBER,"Rs 70,000,000",6 days
https://ikman.lk/en/ad/single-storey-house-for-sale-in-walpola-for-sale-colombo,Single Storey House for Sale in Walpola,Bedrooms: 3 | Bathrooms: 2,MEMBER,"Rs 32,000,000",6 days
https://ikman.lk/en/ad/two-storey-house-for-sale-in-kolonnawa-ds71490-for-sale-colombo,Two Storey House for Sale in Kolonnawa Ds71490,Bedrooms: 9 | Bathrooms: 4,MEMBER,"Rs 55,000,000",6 days
https://ikman.lk/en/ad/two-storey-luxury-house-for-sale-ds2500-for-sale-colombo,Two Storey Luxury House for Sale Ds2500,Bedrooms: 4 | Bathrooms: 3,MEMBER,"Rs 80,000,000",6 days
https://ikman.lk/en/ad/old-single-storey-house-for-sale-rajagiriya-madinnagoda-ds3051-for-sale-colombo,Old Single Storey House for Sale Rajagiriya Madinnagoda Ds3051,Bedrooms: 3 | Bathrooms: 2,MEMBER,"Rs 38,000,000",6 days
https://ikman.lk/en/ad/two-storey-house-for-sale-in-pipe-road-koswaththa-ds2475-for-sale-colombo,"Two Storey House for Sale in Pipe Road, Koswaththa Ds2475",Bedrooms: 4 | Bathrooms: 3,MEMBER,"Rs 75,000,000",6 days
https://ikman.lk/en/ad/house-for-sale-in-battaramulla-ds8080-for-sale-colombo,house for sale in battaramulla Ds8080,Bedrooms: 5 | Bathrooms: 3,MEMBER,"Rs 80,000,000",6 days
https://ikman.lk/en/ad/single-story-house-for-ds1265-for-sale-colombo,single story house for Ds1265,Bedrooms: 2 | Bathrooms: 1,MEMBER,"Rs 45,000,000",6 days
https://ikman.lk/en/ad/single-storey-house-for-sale-rajagiriya-for-sale-colombo-8,Single Storey House for Sale Rajagiriya,Bedrooms: 4 | Bathrooms: 2,MEMBER,"Rs 50,000,000",6 days
https://ikman.lk/en/ad/house-for-sale-in-nugegoda-ds34-for-sale-colombo,house for sale in nugegoda Ds34,Bedrooms: 4 | Bathrooms: 2,MEMBER,"Rs 75,000,000",6 days
https://ikman.lk/en/ad/two-storey-house-for-sale-battaramulla-ds3000-for-sale-colombo,Two Storey House for Sale Battaramulla Ds3000,Bedrooms: 5 | Bathrooms: 3,MEMBER,"Rs 40,000,000",6 days
https://ikman.lk/en/ad/two-storey-house-for-sale-in-kouwala-ds1225-for-sale-colombo,Two Storey House for Sale in Kouwala Ds1225,Bedrooms: 4 | Bathrooms: 4,MEMBER,"Rs 125,000,000",6 days
https://ikman.lk/en/ad/super-luxury-house-for-sale-pelawatta-ds165-for-sale-colombo-1,Super Luxury House for Sale Pelawatta Ds165,Bedrooms: 4 | Bathrooms: 4,MEMBER,"Rs 160,000,000",6 days
https://ikman.lk/en/ad/three-story-modern-house-for-sale-kottawa-ds5858-for-sale-colombo-9,three story modern house for sale kottawa DS5858,Bedrooms: 4 | Bathrooms: 4,MEMBER,"Rs 58,000,000",6 days
https://ikman.lk/en/ad/old-house-for-sale-kolonnawa-ds1540-for-sale-colombo,Old House for Sale Kolonnawa Ds1540,Bedrooms: 2 | Bathrooms: 2,MEMBER,"Rs 60,000,000",6 days
https://ikman.lk/en/ad/super-luxury-house-for-sale-battaramulla-ds10252-for-sale-colombo,Super Luxury House for Sale Battaramulla Ds10252,Bedrooms: 4 | Bathrooms: 3,MEMBER,"Rs 72,000,000",6 days
https://ikman.lk/en/ad/two-story-house-for-sale-kottawa-ds208-for-sale-colombo,Two Story House for Sale Kottawa Ds208,Bedrooms: 5 | Bathrooms: 4,MEMBER,"Rs 54,000,000",6 days
https://ikman.lk/en/ad/two-story-house-for-sale-kotte-ds223-for-sale-colombo,Two Story House for Sale Kotte DS223,Bedrooms: 4 | Bathrooms: 3,MEMBER,"Rs 140,000,000",6 days
https://ikman.lk/en/ad/two-story-house-for-sale-kotte-ds1411-for-sale-colombo,Two Story House for Sale Kotte DS1411,Bedrooms: 5 | Bathrooms: 3,MEMBER,"Rs 65,000,000",6 days
https://ikman.lk/en/ad/house-for-sale-ratmalana-for-sale-colombo-388,House for Sale Ratmalana,Bedrooms: 3 | Bathrooms: 2,,"Rs 20,000,000",6 days
https://ikman.lk/en/ad/house-for-sale-boralasgamuwa-city-limit-for-sale-colombo-1,House for Sale Boralasgamuwa City Limit,Bedrooms: 3 | Bathrooms: 1,MEMBER,"Rs 27,500,000",6 days
https://ikman.lk/en/ad/house-available-for-sale-for-sale-colombo-28,house available for sale,Bedrooms: 6 | Bathrooms: 4,MEMBER,"Rs 57,000,000",6 days
https://ikman.lk/en/ad/modern-designed-luxury-two-story-house-for-sale-in-kottawa-for-sale-colombo-11,Modern Designed Luxury Two Story House For Sale In Kottawa,Bedrooms: 4 | Bathrooms: 3,MEMBER,"Rs 52,000,000",6 days
https://ikman.lk/en/ad/two-story-house-for-sale-for-sale-colombo-1406,Two story house for sale,Bedrooms: 4 | Bathrooms: 2,,"Rs 18,000,000",6 days
https://ikman.lk/en/ad/ati-nviin-tni-mhl-nivs-vikinniimtt-khtudduv-for-sale-colombo,අති නවීන තනි මහල් නිවස විකිණීමට කහතුඩුව,Bedrooms: 3 | Bathrooms: 2,MEMBER,"Rs 26,000,000",6 days
https://ikman.lk/en/ad/luxury-house-for-sale-subathipura-battaramulla-ish087h-for-sale-colombo,"Luxury House for Sale – Subathipura, Battaramulla (ISH087H)",Bedrooms: 5 | Bathrooms: 4,MEMBER,"Rs 150,000,000",6 days
https://ikman.lk/en/ad/modern-designed-luxury-three-storey-house-for-sale-in-homagama-for-sale-colombo-1,Modern Designed Luxury Three Storey House for Sale in Homagama,Bedrooms: 4 | Bathrooms: 4,MEMBER,"Rs 85,000,000",6 days
https://ikman.lk/en/ad/architecture-designed-luxury-2-storey-house-for-sale-in-battaramulla-for-sale-colombo,Architecture Designed Luxury 2 Storey House for Sale in Battaramulla,Bedrooms: 3 | Bathrooms: 3,MEMBER,"Rs 68,500,000",6 days
https://ikman.lk/en/ad/house-for-sale-in-hanwella-for-sale-colombo-276,House for sale in Hanwella,Bedrooms: 3 | Bathrooms: 2,MEMBER,"Rs 14,600,000",6 days
https://ikman.lk/en/ad/hnvaell-kiridivael-kttunaayk-prdhaan-bs-paartt-maayim-nivs-sa-11096-for-sale-colombo,🏠 හංවැල්ල කිරිදිවැල කටුනායක ප්‍රධාන බස් පාරට මායිම් නිවස / SA 11096,Bedrooms: 3 | Bathrooms: 1,MEMBER,"Rs 9,800,000",6 days
https://ikman.lk/en/ad/house-with-land-for-sale-colombo-414,House with Land for Sale Ratmalana,Bedrooms: 6 | Bathrooms: 3,,"Rs 65,000,000",6 days
https://ikman.lk/en/ad/house-for-sale-dehiwala-for-sale-colombo-1063,House for Sale Dehiwala,Bedrooms: 6 | Bathrooms: 4,,"Rs 85,000,000",6 days
https://ikman.lk/en/ad/house-for-sale-in-mount-lavinia-for-sale-colombo-1248,House for Sale in Mount Lavinia,Bedrooms: 5 | Bathrooms: 3,,"Rs 75,000,000",6 days
https://ikman.lk/en/ad/house-for-sale-in-colombo-5-sa4236-for-sale-colombo,House For Sale In Colombo 5 ( SA4236),Bedrooms: 4 | Bathrooms: 3,,"Rs 110,000,000",6 days
https://ikman.lk/en/ad/3-bedroom-house-for-sale-delkanda-nugegoda-for-sale-colombo,"3-Bedroom House for Sale – Delkanda, Nugegoda",Bedrooms: 3 | Bathrooms: 3,MEMBER,"Rs 20,000,000",6 days
https://ikman.lk/en/ad/quality-elegant-house-for-sale-in-maharagama-for-sale-colombo,Quality Elegant House for Sale in Maharagama,Bedrooms: 4 | Bathrooms: 2,MEMBER,"Rs 77,000,000",6 days
https://ikman.lk/en/ad/25-perch-2-storey-house-for-sale-in-battaramulla-slll-a3-for-sale-colombo,25 Perch 2 Storey House for Sale in Battaramulla SLLL – A3,Bedrooms: 5 | Bathrooms: 3,MEMBER,"Rs 95,000,000",6 days
https://ikman.lk/en/ad/thalawathugoda-holiday-home-for-sale-for-sale-colombo,Thalawathugoda Holiday Home for sale,Bedrooms: 2 | Bathrooms: 2,,"Rs 59,000,000",6 days
https://ikman.lk/en/ad/brand-new-house-for-sale-athurugiriya-for-sale-colombo-880,Brand New House For Sale Athurugiriya,Bedrooms: 4 | Bathrooms: 3,MEMBER,"Rs 37,500,000",6 days
https://ikman.lk/en/ad/well-build-house-for-sale-pannipitiya-for-sale-colombo-1,Well Build House for Sale Pannipitiya,Bedrooms: 6 | Bathrooms: 5,MEMBER,"Rs 52,000,000",6 days
https://ikman.lk/en/ad/single-storied-house-for-sale-malabe-for-sale-colombo-34,Single Storied House For Sale Malabe,Bedrooms: 3 | Bathrooms: 3,MEMBER,"Rs 26,500,000",6 days
https://ikman.lk/en/ad/sp37-architect-design-03-story-house-for-sale-in-battaramulla-for-sale-colombo-1,(sp37) Architect Design 03 Story House for Sale in Battaramulla,Bedrooms: 4 | Bathrooms: 4,MEMBER,"Rs 77,500,000",6 days
https://ikman.lk/en/ad/two-storied-house-sale-galwarusawa-road-for-sale-colombo,Two Storied House Sale Galwarusawa Road,Bedrooms: 4 | Bathrooms: 2,MEMBER,"Rs 38,500,000",6 days
https://ikman.lk/en/ad/brand-new-4-bedrooms-house-for-sale-in-piliyandala-polgasowita-for-sale-colombo-2,Brand New 4 Bedrooms House for sale in Piliyandala Polgasowita,Bedrooms: 4 | Bathrooms: 3,MEMBER,"Rs 36,000,000",6 days
https://ikman.lk/en/ad/valuable-designs-holiday-home-for-sale-thalawathugoda-for-sale-colombo,Valuable Designs Holiday Home for sale Thalawathugoda,Bedrooms: 3 | Bathrooms: 3,,"Rs 65,000,000",6 days
https://ikman.lk/en/ad/brand-new-luxury-house-sale-kahantota-road-malabe-for-sale-colombo-3,"Brand New Luxury House Sale Kahantota Road, Malabe",Bedrooms: 4 | Bathrooms: 4,MEMBER,"Rs 49,000,000",6 days
https://ikman.lk/en/ad/well-build-single-house-sale-malabe-for-sale-colombo-1,Well Build Single House Sale Malabe,Bedrooms: 3 | Bathrooms: 2,MEMBER,"Rs 28,500,000",6 days
https://ikman.lk/en/ad/8-perches-land-with-house-for-sale-bathya-mawatha-dehiwala-for-sale-colombo-1,"8 Perches Land with House for Sale - Bathya Mawatha , Dehiwala",Bedrooms: 5 | Bathrooms: 4,,"Rs 60,000,000",6 days
https://ikman.lk/en/ad/your-deram-home-thalawathugoda-for-sale-colombo-3,Your Deram Home Thalawathugoda,Bedrooms: 2 | Bathrooms: 2,,"Rs 59,000,000",6 days
https://ikman.lk/en/ad/82-perch-house-for-sale-in-malabe-slll-a3-for-sale-colombo,8.2 Perch House for Sale in Malabe SLLL – A3,Bedrooms: 3 | Bathrooms: 3,MEMBER,"Rs 30,000,000",6 days
https://ikman.lk/en/ad/3-storey-house-for-sale-in-nugegoda-papiliyana-for-sale-colombo,"3 Storey House for Sale in Nugegoda, Papiliyana",Bedrooms: 5 | Bathrooms: 3,MEMBER,"Rs 54,000,000",6 days
https://ikman.lk/en/ad/brand-new-3-bed-house-for-sale-kesbewa-for-sale-colombo,Brand New 3 Bed House for Sale Kesbewa,Bedrooms: 3 | Bathrooms: 2,MEMBER,"Rs 24,500,000",6 days
https://ikman.lk/en/ad/modern-luxury-2-story-house-with-annex-for-sale-in-boralesgamuwa-for-sale-colombo,Modern Luxury 2 Story House with Annex for Sale in Boralesgamuwa,Bedrooms: 4 | Bathrooms: 4,MEMBER,"Rs 145,000,000",6 days
https://ikman.lk/en/ad/modern-3-bedroom-house-for-sale-malabe-for-sale-colombo,Modern 3-Bedroom House for Sale – Malabe,Bedrooms: 3 | Bathrooms: 2,MEMBER,"Rs 40,000,000",6 days
https://ikman.lk/en/ad/2-story-house-for-sale-in-hibutana-ssph-431-for-sale-colombo,2 story house for Sale in Hibutana (SSPH-431),Bedrooms: 6 | Bathrooms: 3,MEMBER,"Rs 95,000,000",6 days
https://ikman.lk/en/ad/brand-new-modern-house-for-sale-in-piliyandala-batuwandara-for-sale-colombo-13,Brand new Modern House for sale in Piliyandala Batuwandara,Bedrooms: 3 | Bathrooms: 2,MEMBER,"Rs 24,500,000",6 days
https://ikman.lk/en/ad/brand-new-uncommon-house-for-sale-in-piliyandala-for-sale-colombo-3,Brand New Uncommon House for Sale in Piliyandala,Bedrooms: 3 | Bathrooms: 2,MEMBER,"Rs 23,500,000",6 days
https://ikman.lk/en/ad/modern-luxury-3-storied-house-for-sale-in-thalawathugoda-for-sale-colombo,Modern Luxury 3-Storied House For Sale In Thalawathugoda,Bedrooms: 4 | Bathrooms: 3,MEMBER,"Rs 72,500,000",6 days
https://ikman.lk/en/ad/property-for-sale-in-piliyandala-for-sale-colombo-3,property for sale in piliyandala,Bedrooms: 3 | Bathrooms: 2,MEMBER,"Rs 25,000,008",6 days
https://ikman.lk/en/ad/two-storey-house-for-sale-dehiwala-for-sale-colombo-15,Two storey house for sale dehiwala,Bedrooms: 5 | Bathrooms: 4,MEMBER,"Rs 65,000,000",6 days
https://ikman.lk/en/ad/luxury-two-storey-house-for-sale-malabe-for-sale-colombo-8,Luxury Two Storey House for Sale Malabe,Bedrooms: 4 | Bathrooms: 3,MEMBER,"Rs 42,500,000",6 days
https://ikman.lk/en/ad/luxury-two-storey-house-for-sale-boralesgamuwa-for-sale-colombo-4,Luxury Two Storey House for Sale Boralesgamuwa,Bedrooms: 4 | Bathrooms: 4,MEMBER,"Rs 120,000,000",6 days
https://ikman.lk/en/ad/elegant-family-home-with-private-garden-at-piliyandala-for-sale-colombo,Elegant Family Home with Private Garden at Piliyandala,Bedrooms: 3 | Bathrooms: 3,,"Rs 29,000,000",6 days
https://ikman.lk/en/ad/single-storey-house-for-sale-in-dehiwela-for-sale-colombo-1,Single Storey House For Sale In Dehiwela,Bedrooms: 3 | Bathrooms: 1,,"Rs 28,000,000",6 days
https://ikman.lk/en/ad/modern-two-storey-family-house-in-boralesgamuwa-for-sale-colombo,Modern Two Storey Family House in Boralesgamuwa,Bedrooms: 4 | Bathrooms: 3,,"Rs 39,800,000",6 days
https://ikman.lk/en/ad/luxury-two-story-house-for-sale-in-piliyandala-kesbawa-for-sale-colombo-3,Luxury Two Story House for sale in Piliyandala Kesbawa,Bedrooms: 4 | Bathrooms: 3,MEMBER,"Rs 33,500,000",6 days
https://ikman.lk/en/ad/luxury-house-sale-talawatugoda-for-sale-colombo-8,Luxury House Sale Talawatugoda,Bedrooms: 4 | Bathrooms: 3,MEMBER,"Rs 68,500,000",6 days
https://ikman.lk/en/ad/luxury-two-storey-family-house-for-sale-thalawathugoda-for-sale-colombo-6,Luxury Two-Storey Family House for Sale – Thalawathugoda,Bedrooms: 3 | Bathrooms: 3,MEMBER,"Rs 75,000,000",6 days
https://ikman.lk/en/ad/single-storied-house-sale-with-fully-furniture-athurugiriya-for-sale-colombo,Single Storied House Sale With Fully Furniture - Athurugiriya,Bedrooms: 3 | Bathrooms: 2,MEMBER,"Rs 26,000,000",6 days
https://ikman.lk/en/ad/atinviin-sukhoopbhoogii-demhl-nivsk-vikinniimtt-piliyandala-for-sale-colombo-8,අතිනවීන සුඛෝපභෝගී දෙමහල් නිවසක් විකිණීමට - Piliyandala,Bedrooms: 4 | Bathrooms: 2,MEMBER,"Rs 29,500,000",6 days
https://ikman.lk/en/ad/property-for-sale-3-separate-houses-rajagiriya-for-sale-colombo,Property for Sale – 3 Separate Houses | Rajagiriya,Bedrooms: 10+ | Bathrooms: 10+,MEMBER,"Rs 150,000,000",6 days
https://ikman.lk/en/ad/house-for-sale-in-colombo-05-for-sale-colombo-507,House For Sale In Colombo 05,Bedrooms: 10 | Bathrooms: 6,MEMBER,"Rs 117,500,000",6 days
https://ikman.lk/en/ad/ah173-brand-new-two-storey-house-for-sale-in-homagama-for-sale-colombo,(AH173) Brand New Two Storey House for Sale in Homagama,Bedrooms: 3 | Bathrooms: 2,MEMBER,"Rs 23,000,000",6 days
https://ikman.lk/en/ad/ah174-brand-new-luxury-house-for-sale-in-pannipitiya-for-sale-colombo,(AH174) Brand New Luxury House for Sale in Pannipitiya,Bedrooms: 2 | Bathrooms: 2,MEMBER,"Rs 39,000,000",6 days
https://ikman.lk/en/ad/three-storey-house-for-sale-in-malabe-for-sale-colombo-1,Three Storey House for Sale in Malabe,Bedrooms: 5 | Bathrooms: 4,MEMBER,"Rs 45,000,000",6 days
https://ikman.lk/en/ad/single-storey-house-for-sale-in-malabe-for-sale-colombo-27,Single Storey House for Sale in Malabe,Bedrooms: 5 | Bathrooms: 2,MEMBER,"Rs 55,000,000",6 days
https://ikman.lk/en/ad/hms057-elegant-house-for-sale-in-piliyandala-for-sale-colombo,HMS057 Elegant House for Sale in Piliyandala,Bedrooms: 4 | Bathrooms: 3,MEMBER,"Rs 75,000,000",6 days
https://ikman.lk/en/ad/elegance-house-for-sale-kesbewa-for-sale-colombo-5,Elegance House for Sale Kesbewa,Bedrooms: 5 | Bathrooms: 3,MEMBER,"Rs 32,500,000",6 days
https://ikman.lk/en/ad/two-storey-house-for-sale-in-wellampitiya-for-sale-colombo-1068,Two Storey House for Sale in Wellampitiya,Bedrooms: 4 | Bathrooms: 2,MEMBER,"Rs 19,000,000",6 days
https://ikman.lk/en/ad/ethul-kotte-prime-location-luxury-house-for-sale-pita-for-sale-colombo-6,Ethul Kotte Prime Location Luxury House For Sale Pita,Bedrooms: 5 | Bathrooms: 5,MEMBER,"Rs 145,000,000",6 days
https://ikman.lk/en/ad/two-storey-house-for-sale-in-wellampitiya-for-sale-colombo-1067,Two Storey House for Sale in Wellampitiya,Bedrooms: 6 | Bathrooms: 6,MEMBER,"Rs 22,000,000",6 days
https://ikman.lk/en/ad/fully-furnished-house-for-sale-in-homagama-for-sale-colombo-2,Fully Furnished House for Sale in Homagama,Bedrooms: 2 | Bathrooms: 1,MEMBER,"Rs 17,500,000",6 days
https://ikman.lk/en/ad/brand-new-two-storey-house-for-sale-in-wellampitiya-for-sale-colombo-22,Brand New Two Storey House for Sale in Wellampitiya,Bedrooms: 2 | Bathrooms: 2,MEMBER,"Rs 22,500,000",6 days
https://ikman.lk/en/ad/modern-two-storey-house-for-sale-in-kesbewa-for-sale-colombo,Modern Two Storey House for Sale in Kesbewa,Bedrooms: 5 | Bathrooms: 3,MEMBER,"Rs 32,500,000",6 days
https://ikman.lk/en/ad/two-storey-house-for-sale-in-kottawa-for-sale-colombo-208,Two Storey House for Sale in Kottawa,Bedrooms: 4 | Bathrooms: 2,MEMBER,"Rs 42,500,000",6 days
https://ikman.lk/en/ad/nidn-kaamr-4k-nviin-demhl-nivs-vikinniimtt-piliyandala-madapatha-road-for-sale-colombo-5,නිදන කාමර 4ක නවීන දෙමහල් නිවස විකිණීමට Piliyandala Madapatha Road,Bedrooms: 4 | Bathrooms: 3,MEMBER,"Rs 32,000,000",6 days
https://ikman.lk/en/ad/three-storey-house-for-sale-in-wellampitiya-for-sale-colombo-124,Three-Storey House for Sale in Wellampitiya,Bedrooms: 4 | Bathrooms: 4,MEMBER,"Rs 29,000,000",6 days
https://ikman.lk/en/ad/two-story-5-bedroom-house-for-sale-in-colombo-8-for-sale-colombo-1,Two Story 5 Bedroom House for Sale in Colombo 8,Bedrooms: 5 | Bathrooms: 3,,"Rs 62,500,000",6 days
https://ikman.lk/en/ad/newly-built-3-bedrooms-house-for-sale-in-homagama-godagama-for-sale-colombo,NEWLY BUILT 3 BEDROOMS HOUSE FOR SALE IN HOMAGAMA GODAGAMA,Bedrooms: 3 | Bathrooms: 2,MEMBER,"Rs 21,500,000",6 days
https://ikman.lk/en/ad/colombo-07-luxurious-house-for-sale-in-prime-location-for-sale-colombo-1,Colombo 07 Luxurious House For Sale In Prime Location,Bedrooms: 4 | Bathrooms: 4,MEMBER,"Rs 285,000,000",6 days
https://ikman.lk/en/ad/two-storey-building-for-sale-in-wellampitiya-for-sale-colombo-5,Two Storey Building for Sale in Wellampitiya,Bedrooms: 8 | Bathrooms: 4,MEMBER,"Rs 50,000,000",6 days
https://ikman.lk/en/ad/nugegoda-luxurious-house-for-sale-for-sale-colombo-57,Nugegoda Luxurious House For Sale.,Bedrooms: 6 | Bathrooms: 5,MEMBER,"Rs 170,000,000",6 days
https://ikman.lk/en/ad/two-storey-house-for-sale-in-pannipitiya-for-sale-colombo-82,Two Storey House for Sale in Pannipitiya,Bedrooms: 3 | Bathrooms: 2,MEMBER,"Rs 36,000,000",6 days
https://ikman.lk/en/ad/two-storey-house-for-sale-in-wellampitiya-for-sale-colombo-1066,Two Storey House for Sale in Wellampitiya,Bedrooms: 7 | Bathrooms: 4,MEMBER,"Rs 50,000,000",6 days
https://ikman.lk/en/ad/nugegoda-luxurious-house-for-sale-for-sale-colombo-56,Nugegoda Luxurious House for Sale.,Bedrooms: 5 | Bathrooms: 5,MEMBER,"Rs 275,000,000",6 days
https://ikman.lk/en/ad/two-story-house-for-sale-in-nugegoda-for-sale-colombo-223,Two Story House for Sale in Nugegoda,Bedrooms: 3 | Bathrooms: 3,,"Rs 70,000,000",6 days
https://ikman.lk/en/ad/mhrgmpmunnuven-vttinaa-demhl-nivsk-hl-14953-for-sale-colombo,"මහරගම,පමුණුවෙන් වටිනා දෙමහල් නිවසක් / HL 14953",Bedrooms: 7 | Bathrooms: 3,MEMBER,"Rs 33,000,000",6 days
https://ikman.lk/en/ad/super-spacious-luxury-2-story-house-for-sale-in-thalawathugoda-hokandara-for-sale-colombo-2,Super Spacious Luxury 2-Story House For Sale In Thalawathugoda Hokandara,Bedrooms: 3 | Bathrooms: 3,MEMBER,"Rs 75,000,000",6 days
https://ikman.lk/en/ad/newly-built-single-story-house-for-sale-in-meegoda-homagama-for-sale-colombo,"Newly built single story House for sale in Meegoda, Homagama",Bedrooms: 3 | Bathrooms: 2,,"Rs 33,000,000",6 days
https://ikman.lk/en/ad/house-for-sell-in-piliyandala-for-sale-colombo-2,House for sell in piliyandala,Bedrooms: 4 | Bathrooms: 3,,"Rs 28,000,000",6 days
https://ikman.lk/en/ad/modern-three-storey-house-for-sale-in-pannipitiya-for-sale-colombo-2,Modern Three Storey House for Sale in Pannipitiya,Bedrooms: 4 | Bathrooms: 4,MEMBER,"Rs 51,500,000",6 days
https://ikman.lk/en/ad/dehiwala-luxury-property-for-sale-for-sale-colombo-3,dehiwala luxury property for sale,Bedrooms: 5 | Bathrooms: 4,MEMBER,"Rs 180,000,000",6 days
https://ikman.lk/en/ad/house-for-sale-maharagama-town-for-sale-colombo-59,House for Sale Maharagama Town,Bedrooms: 10 | Bathrooms: 5,MEMBER,"Rs 55,000,000",6 days
https://ikman.lk/en/ad/solid-brand-new-3-story-house-for-sale-kottawa-for-sale-colombo-1,Solid Brand New 3 Story House for Sale Kottawa,Bedrooms: 4 | Bathrooms: 3,MEMBER,"Rs 85,000,000",6 days
https://ikman.lk/en/ad/single-storey-house-for-sale-in-moratuwa-for-sale-colombo-3,Single Storey House for Sale in Moratuwa,Bedrooms: 4 | Bathrooms: 2,MEMBER,"Rs 42,500,000",6 days
https://ikman.lk/en/ad/house-for-sale-in-boralesgamuwa-raththanapitiya-for-sale-colombo,House For Sale In Boralesgamuwa Raththanapitiya,Bedrooms: 4 | Bathrooms: 2,MEMBER,"Rs 47,500,000",6 days
https://ikman.lk/en/ad/thalawathugoda-modern-house-for-sale-for-sale-colombo-3,thalawathugoda modern house for sale,Bedrooms: 4 | Bathrooms: 3,MEMBER,"Rs 53,500,000",6 days
https://ikman.lk/en/ad/newly-built-elegant-residence-for-sale-in-kesbewa-for-sale-colombo,Newly Built Elegant Residence for Sale in Kesbewa,Bedrooms: 4 | Bathrooms: 3,MEMBER,"Rs 44,000,000",6 days
https://ikman.lk/en/ad/super-luxury-2-storey-house-for-sale-in-dehiwala-kalubowila-for-sale-colombo-9,Super Luxury 2-Storey House for Sale in Dehiwala Kalubowila,Bedrooms: 3 | Bathrooms: 3,MEMBER,"Rs 130,000,000",6 days
https://ikman.lk/en/ad/brand-new-architecture-designed-luxury-house-for-sale-in-battaramulla-for-sale-colombo-1,Brand New Architecture Designed Luxury House for Sale in Battaramulla,Bedrooms: 3 | Bathrooms: 3,MEMBER,"Rs 68,500,000",6 days
https://ikman.lk/en/ad/battaramulla-super-luxury-house-for-sale-for-sale-colombo-7,battaramulla super luxury house for sale,Bedrooms: 7 | Bathrooms: 6,MEMBER,"Rs 450,000,000",6 days
https://ikman.lk/en/ad/super-luxury-house-with-fully-furnitured-for-sale-in-battaramulla-for-sale-colombo-1,Super Luxury House with Fully Furnitured for Sale in Battaramulla,Bedrooms: 5 | Bathrooms: 5,MEMBER,"Rs 175,000,000",6 days
https://ikman.lk/en/ad/two-storey-house-for-sale-in-piliyandala-for-sale-colombo-170,Two Storey House for Sale in Piliyandala,Bedrooms: 4 | Bathrooms: 3,MEMBER,"Rs 33,500,000",6 days
https://ikman.lk/en/ad/house-for-sale-in-kahathuduwa-hs4837-for-sale-colombo,House for Sale in Kahathuduwa (HS4837),Bedrooms: 3 | Bathrooms: 2,MEMBER,"Rs 55,000,000",6 days
https://ikman.lk/en/ad/two-storey-house-for-sale-in-thalawathugoda-for-sale-colombo-38,Two Storey House for Sale in Thalawathugoda,Bedrooms: 4 | Bathrooms: 3,MEMBER,"Rs 73,000,000",6 days
https://ikman.lk/en/ad/pitakotte-rajamaha-vihara-rd-04-br-house-on-89-perches-of-land-for-sale-for-sale-colombo-1,Pitakotte Rajamaha Vihara Rd 04 BR House on 8.9 Perches of Land for Sale,Bedrooms: 4 | Bathrooms: 2,MEMBER,"Rs 57,000,000",6 days
https://ikman.lk/en/ad/single-storied-house-for-sale-in-ratmalana-for-sale-colombo-17,Single Storied House For Sale In Ratmalana,Bedrooms: 2 | Bathrooms: 2,MEMBER,"Rs 24,000,000",6 days
https://ikman.lk/en/ad/2-storied-luxury-house-for-sale-in-kottawa-rukmalgama-for-sale-colombo-11,2-Storied Luxury House For Sale In Kottawa Rukmalgama,Bedrooms: 3 | Bathrooms: 3,MEMBER,"Rs 37,000,000",6 days
https://ikman.lk/en/ad/single-storied-house-for-sale-in-ratmalana-for-sale-colombo-16,Single Storied House For Sale In Ratmalana,Bedrooms: 3 | Bathrooms: 2,MEMBER,"Rs 24,000,000",6 days
https://ikman.lk/en/ad/21-perch-super-luxury-5br-house-for-sale-in-maharagama-wattegedara-for-sale-colombo-19,21 Perch Super Luxury 5BR House For Sale In Maharagama Wattegedara,Bedrooms: 5 | Bathrooms: 5,MEMBER,"Rs 105,000,000",6 days
https://ikman.lk/en/ad/premium-house-for-sale-nugegoda-for-sale-colombo-33,Premium House for Sale Nugegoda,Bedrooms: 4 | Bathrooms: 3,MEMBER,"Rs 35,000,000",6 days
https://ikman.lk/en/ad/pnnipittiy-paartt-atee-durin-alutm-nivsk-for-sale-colombo,පන්නිපිටිය පාරට අතේ දුරින් අලුත්ම නිවසක්,Bedrooms: 2 | Bathrooms: 2,MEMBER,"Rs 39,000,000",6 days
https://ikman.lk/en/ad/thalawathugoda-modern-two-storey-04-bed-room-house-on-6-perches-for-sale-for-sale-colombo-2,Thalawathugoda Modern Two-Storey 04 Bed Room House on 6 Perches for Sale,Bedrooms: 4 | Bathrooms: 2,MEMBER,"Rs 40,000,000",6 days
https://ikman.lk/en/ad/two-storey-house-for-sale-in-dehiwala-for-sale-colombo-66,Two Storey House For Sale In Dehiwala,Bedrooms: 5 | Bathrooms: 4,MEMBER,"Rs 99,000,000",6 days
https://ikman.lk/en/ad/ratmalana-borupana-05-bed-rooms-house-on-20-perches-of-land-for-sale-for-sale-colombo,Ratmalana - Borupana 05 Bed Rooms House on 20 Perches of Land for Sale,Bedrooms: 5 | Bathrooms: 4,MEMBER,"Rs 60,000,000",6 days
https://ikman.lk/en/ad/mount-lavinia-03-storied-05-br-house-on-11-perches-of-land-for-sale-for-sale-colombo-2,Mount Lavinia - 03 Storied 05 BR House on 11 Perches of Land for Sale,Bedrooms: 5 | Bathrooms: 6,MEMBER,"Rs 85,000,000",6 days
https://ikman.lk/en/ad/almost-new-3-bedrooms-house-for-sale-in-piliyandala-kesbawa-for-sale-colombo-34,Almost New 3 Bedrooms House for Sale in -Piliyandala Kesbawa,Bedrooms: 3 | Bathrooms: 2,MEMBER,"Rs 22,500,000",6 days
https://ikman.lk/en/ad/furnitured-house-for-sale-battaramulla-for-sale-colombo,Furnitured House for Sale Battaramulla,Bedrooms: 4 | Bathrooms: 4,MEMBER,"Rs 255,000,000",6 days
https://ikman.lk/en/ad/three-storey-house-for-sale-in-kalubowila-dehiwala-for-sale-colombo,"Three Storey House For Sale In Kalubowila, Dehiwala",Bedrooms: 8 | Bathrooms: 5,MEMBER,"Rs 90,000,000",6 days
https://ikman.lk/en/ad/best-luxury-house-for-sale-in-kotte-for-sale-colombo-1,Best luxury house for sale in kotte,Bedrooms: 5 | Bathrooms: 5,MEMBER,"Rs 220,000,000",6 days
https://ikman.lk/en/ad/rajagiriya-super-luxury-mansion-for-sale-for-sale-colombo-15,Rajagiriya Super Luxury Mansion For Sale,Bedrooms: 6 | Bathrooms: 5,MEMBER,"Rs 400,000,000",6 days
https://ikman.lk/en/ad/nawala-koswatta-2-storied-luxury-house-on-2126-perches-of-land-for-sale-for-sale-colombo,Nawala Koswatta 2 Storied Luxury House on 21.26 Perches of Land for Sale,Bedrooms: 7 | Bathrooms: 7,MEMBER,"Rs 300,000,000",6 days
https://ikman.lk/en/ad/elegance-house-for-sale-homagema-for-sale-colombo-1,Elegance House for Sale Homagema,Bedrooms: 3 | Bathrooms: 1,MEMBER,"Rs 11,500,000",6 days
https://ikman.lk/en/ad/brand-new-two-storey-house-for-sale-in-wellampitiya-for-sale-colombo-21,Brand New Two-Storey House for Sale in Wellampitiya,Bedrooms: 4 | Bathrooms: 3,MEMBER,"Rs 33,000,000",6 days
https://ikman.lk/en/ad/two-storey-house-for-sale-in-wellampitiya-for-sale-colombo-1065,Two Storey House for Sale in Wellampitiya,Bedrooms: 3 | Bathrooms: 2,MEMBER,"Rs 25,000,000",6 days
https://ikman.lk/en/ad/single-story-house-for-sale-in-kotikawatta-for-sale-colombo-171,Single Story House for Sale in Kotikawatta,Bedrooms: 3 | Bathrooms: 1,MEMBER,"Rs 195,000,000",6 days
https://ikman.lk/en/ad/single-storey-house-for-sale-in-gothatuwa-for-sale-colombo-56,Single Storey House for Sale in Gothatuwa,Bedrooms: 3 | Bathrooms: 2,MEMBER,"Rs 19,800,000",6 days
https://ikman.lk/en/ad/strong-structure-brand-new-house-in-malabe-for-sale-colombo-44,Strong Structure Brand New House In Malabe,Bedrooms: 3 | Bathrooms: 3,MEMBER,"Rs 32,500,000",6 days
https://ikman.lk/en/ad/good-condition-house-sale-battaramulla-for-sale-colombo,Good Condition House Sale Battaramulla,Bedrooms: 4 | Bathrooms: 4,MEMBER,"Rs 72,500,000",6 days
https://ikman.lk/en/ad/property-features-for-sale-colombo,House for Sale Malabe,Bedrooms: 3 | Bathrooms: 3,,"Rs 60,000,000",6 days
https://ikman.lk/en/ad/brand-new-modern-house-for-sale-in-battaramulla-for-sale-colombo-1,Brand New Modern House for Sale in Battaramulla,Bedrooms: 3 | Bathrooms: 3,MEMBER,"Rs 68,500,000",6 days
https://ikman.lk/en/ad/valuable-house-sale-rukmalgama-for-sale-colombo,Valuable House Sale Rukmalgama,Bedrooms: 3 | Bathrooms: 2,MEMBER,"Rs 21,500,000",6 days
https://ikman.lk/en/ad/ikmnin-vikiniimtt-addk-nimkll-nivsk-for-sale-colombo,ඉක්මනින් විකිනීමට අඩක් නිමකළ නිවසක්,Bedrooms: 4 | Bathrooms: 4,MEMBER,"Rs 14,500,000",6 days
https://ikman.lk/en/ad/all-completed-brand-new-house-in-homagama-for-sale-colombo-1,All Completed Brand New House In Homagama,Bedrooms: 4 | Bathrooms: 2,MEMBER,"Rs 19,200,000",6 days
https://ikman.lk/en/ad/strong-structure-brand-new-house-for-sale-for-sale-colombo-72,Strong Structure Brand New House For sale,Bedrooms: 3 | Bathrooms: 2,MEMBER,"Rs 16,700,000",6 days
https://ikman.lk/en/ad/brand-new-architecture-design-single-storey-house-in-homagama-for-sale-colombo,Brand New Architecture Design Single Storey House in Homagama,Bedrooms: 3 | Bathrooms: 2,MEMBER,"Rs 16,500,000",6 days
https://ikman.lk/en/ad/super-house-for-sale-maharagama-for-sale-colombo-70,Super House for Sale Maharagama,Bedrooms: 5 | Bathrooms: 4,MEMBER,"Rs 100,000,000",6 days
https://ikman.lk/en/ad/fully-furnished-house-for-sale-arawala-road-maharagama-for-sale-colombo,"Fully Furnished House for Sale – Arawala Road, Maharagama",Bedrooms: 2 | Bathrooms: 2,MEMBER,"Rs 39,000,000",6 days
https://ikman.lk/en/ad/lssn-tnimhl-nivsk-hoomaagmin-for-sale-colombo,ලස්සන තනිමහල් නිවසක් හෝමාගමින්,Bedrooms: 4 | Bathrooms: 2,MEMBER,"Rs 19,500,000",6 days
https://ikman.lk/en/ad/brand-new-excellent-house-for-sale-in-athurugiriya-for-sale-colombo-1,Brand New Excellent House for Sale in Athurugiriya,Bedrooms: 3 | Bathrooms: 2,MEMBER,"Rs 31,500,000",6 days
https://ikman.lk/en/ad/brand-new-modern-luxury-3-storey-house-for-sale-homagama-for-sale-colombo,Brand-New Modern Luxury 3-Storey House for Sale – Homagama,Bedrooms: 5 | Bathrooms: 4,MEMBER,"Rs 45,000,000",6 days
https://ikman.lk/en/ad/house-for-sale-battaramulla-for-sale-colombo-802,House for Sale Battaramulla,Bedrooms: 2 | Bathrooms: 2,MEMBER,"Rs 38,000,000",6 days
https://ikman.lk/en/ad/super-house-for-sale-pannipitiya-for-sale-colombo-40,Super House for Sale Pannipitiya,Bedrooms: 3 | Bathrooms: 2,MEMBER,"Rs 22,500,000",6 days
https://ikman.lk/en/ad/diygm-taakssnnik-vishvvidyaalytt-smiipv-alutm-tnimhl-nivsk-vikinniimtt-for-sale-colombo-3,දියගම තාක්ෂණික විශ්වවිද්‍යාලයට සමීපව අලුත්ම තනිමහල් නිවසක් විකිණීමට,Bedrooms: 3 | Bathrooms: 2,MEMBER,"Rs 21,000,000",6 days
https://ikman.lk/en/ad/demhl-sukhoopbhoogii-nivsk-tlvtugoddin-for-sale-colombo,දෙමහල් සුඛෝපභෝගී නිවසක් තලවතුගොඩින්,Bedrooms: 5 | Bathrooms: 4,MEMBER,"Rs 145,000,000",6 days
https://ikman.lk/en/ad/luxury-brand-new-3-storied-house-in-talawatugoda-for-sale-colombo,Luxury Brand New 3 Storied House In Talawatugoda,Bedrooms: 4 | Bathrooms: 4,MEMBER,"Rs 69,500,000",6 days
https://ikman.lk/en/ad/wattegedara-suramya-mw-2-storied-house-on-1186-perches-of-land-for-sale-for-sale-colombo,Wattegedara Suramya Mw 2 Storied House on 11.86 Perches of Land for Sale,Bedrooms: 4 | Bathrooms: 3,MEMBER,"Rs 63,000,000",6 days
https://ikman.lk/en/ad/alnkaar-angsmpuurnn-nviin-pnnyee-nivsk-vikinniimtt-kirivttudduv-hoomaagm-for-sale-colombo,අලංකාර අංගසම්පූර්ණ නවීන පන්නයේ නිවසක් විකිණීමට කිරිවත්තුඩුව හෝමාගම,Bedrooms: 3 | Bathrooms: 2,MEMBER,"Rs 17,500,000",6 days
https://ikman.lk/en/ad/architecture-designed-luxury-house-sale-talawatugoda-for-sale-colombo,Architecture Designed Luxury House Sale Talawatugoda,Bedrooms: 4 | Bathrooms: 3,MEMBER,"Rs 53,500,000",6 days
https://ikman.lk/en/ad/brand-new-box-type-house-for-sale-in-mount-lavinia-for-sale-colombo-1,Brand New Box Type House for Sale in Mount Lavinia,Bedrooms: 4 | Bathrooms: 4,MEMBER,"Rs 87,000,000",6 days
https://ikman.lk/en/ad/hond-milktt-demhl-nivsk-aturugiriyen-for-sale-colombo,හොඳ මිලකට දෙමහල් නිවසක් අතුරුගිරියෙන්,Bedrooms: 4 | Bathrooms: 2,MEMBER,"Rs 25,500,000",6 days
https://ikman.lk/en/ad/brand-new-modern-house-for-sale-athurugiriya-for-sale-colombo-32,Brand New Modern House For Sale Athurugiriya,Bedrooms: 3 | Bathrooms: 2,MEMBER,"Rs 32,000,000",6 days
https://ikman.lk/en/ad/tnimhl-vttinaa-nivsk-aturugiriyen-for-sale-colombo-6,තනිමහල් වටිනා නිවසක් අතුරුගිරියෙන්,Bedrooms: 3 | Bathrooms: 2,MEMBER,"Rs 18,000,000",6 days
https://ikman.lk/en/ad/3-bed-with-brand-new-house-sale-malabe-for-sale-colombo-20,3 Bed With Brand New House Sale Malabe,Bedrooms: 3 | Bathrooms: 3,MEMBER,"Rs 34,000,000",6 days
https://ikman.lk/en/ad/alutm-alnkaar-nviin-pnnyee-demhl-nivsk-vikinniimtt-khtudduven-for-sale-colombo,අලුත්ම අලංකාර නවීන පන්නයේ දෙමහල් නිවසක් විකිණීමට කහතුඩුවෙන්,Bedrooms: 4 | Bathrooms: 3,MEMBER,"Rs 36,000,000",6 days
https://ikman.lk/en/ad/well-build-use-house-sale-malabe-for-sale-colombo,Well Build Use House Sale Malabe,Bedrooms: 4 | Bathrooms: 2,MEMBER,"Rs 40,500,000",6 days
https://ikman.lk/en/ad/nidn-kaamr-5k-nviin-nivs-vikinniimtt-piliyandala-miriswaththa-for-sale-colombo-3,නිදන කාමර 5ක නවීන නිවස විකිණීමට Piliyandala Miriswaththa,Bedrooms: 5 | Bathrooms: 2,MEMBER,"Rs 37,000,000",6 days
https://ikman.lk/en/ad/bramd-new-spacious-luxury-two-storey-house-in-piliyandala-kesbewa-for-sale-colombo,Bramd New Spacious Luxury Two Storey House in Piliyandala Kesbewa,Bedrooms: 4 | Bathrooms: 4,MEMBER,"Rs 43,000,000",6 days
https://ikman.lk/en/ad/two-storied-house-for-sale-in-colombo-7-pdh181-for-sale-colombo-10,Two Storied House For Sale in Colombo 7 - PDH181,Bedrooms: 4 | Bathrooms: 4,MEMBER,"Rs 285,000,000",6 days
https://ikman.lk/en/ad/luxury-brand-new-2-story-house-for-sale-in-piliyandala-for-sale-colombo-1,Luxury Brand New 2 Story House for Sale in Piliyandala,Bedrooms: 4 | Bathrooms: 2,MEMBER,"Rs 29,500,000",6 days
https://ikman.lk/en/ad/super-luxury-3-storey-house-for-sale-in-homandara-north-thalawathugoda-for-sale-colombo-1,"Super Luxury 3 Storey House for Sale in Homandara North, Thalawathugoda",Bedrooms: 5 | Bathrooms: 5,MEMBER,"Rs 100,000,000",6 days
https://ikman.lk/en/ad/prmitimt-ati-nviin-demhl-nivsk-vikinniimtt-piliyndl-kaesbaaev-for-sale-colombo,ප්‍රමිතිමත් අති නවීන දෙමහල් නිවසක් විකිණීමට පිලියන්දල කැස්බෑව,Bedrooms: 5 | Bathrooms: 4,MEMBER,"Rs 39,000,000",6 days
https://ikman.lk/en/ad/house-with-office-rooftop-space-athurugiriya-for-sale-colombo,House with Office Rooftop Space – Athurugiriya,Bedrooms: 4 | Bathrooms: 2,MEMBER,"Rs 28,000,000",6 days
https://ikman.lk/en/ad/piliyndl-ngryehi-pihitti-alutm-temhl-nivsk-vikinniimtt-for-sale-colombo-1,පිලියන්දල නගරයෙහි පිහිටි අලුත්ම තෙමහල් නිවසක් විකිණීමට,Bedrooms: 5 | Bathrooms: 4,MEMBER,"Rs 60,000,000",6 days
https://ikman.lk/en/ad/2-story-brand-new-house-for-sale-in-kottawa-for-sale-colombo-1,2 Story Brand New House for Sale in Kottawa,Bedrooms: 4 | Bathrooms: 3,MEMBER,"Rs 47,000,000",6 days
https://ikman.lk/en/ad/single-story-modern-house-for-sale-in-piliyandala-kahathuduwa-for-sale-colombo-3,Single Story Modern House for sale in Piliyandala Kahathuduwa,Bedrooms: 3 | Bathrooms: 2,MEMBER,"Rs 26,000,000",6 days
https://ikman.lk/en/ad/almost-new-luxury-house-for-sale-in-kottawa-siddamulla-for-sale-colombo-9,Almost New Luxury House for sale in Kottawa Siddamulla,Bedrooms: 4 | Bathrooms: 3,MEMBER,"Rs 35,500,000",6 days
https://ikman.lk/en/ad/luxury-brand-new-house-for-sale-in-piliyandala-for-sale-colombo-131,Luxury Brand New House for Sale in Piliyandala,Bedrooms: 3 | Bathrooms: 2,MEMBER,"Rs 23,500,000",6 days
https://ikman.lk/en/ad/vg-kluagglin-agnaa-demhl-nivsk-kk-13080-for-sale-colombo,🏡✨ වග – කලුඅග්ගලින් අගනා දෙමහල් නිවසක් / KK 13080,Bedrooms: 5 | Bathrooms: 2,MEMBER,"Rs 11,200,000",6 days
https://ikman.lk/en/ad/pannipitiya-4-br-architecture-house-for-sale-in-thalawathugoda-for-sale-colombo-17,Pannipitiya 4 BR Architecture House For Sale in Thalawathugoda,Bedrooms: 4 | Bathrooms: 3,MEMBER,"Rs 78,000,000",6 days
https://ikman.lk/en/ad/nugegoda-award-winning-architect-designed-luxury-house-for-sale-for-sale-colombo-23,Nugegoda Award-Winning Architect Designed Luxury House for Sale,Bedrooms: 4 | Bathrooms: 3,MEMBER,"Rs 160,000,000",6 days
https://ikman.lk/en/ad/2-storied-house-sale-malabe-for-sale-colombo-7,2 Storied House Sale Malabe,Bedrooms: 3 | Bathrooms: 2,MEMBER,"Rs 35,000,000",6 days
https://ikman.lk/en/ad/modern-brand-new-swimming-pool-with-house-for-sale-in-piliyandala-town-for-sale-colombo,Modern brand new swimming pool with house for sale in piliyandala town,Bedrooms: 4 | Bathrooms: 4,MEMBER,"Rs 62,500,000",6 days
https://ikman.lk/en/ad/house-for-sale-athurugiriya-for-sale-colombo-1305,House for Sale Athurugiriya,Bedrooms: 3 | Bathrooms: 2,MEMBER,"Rs 38,500,000",6 days
https://ikman.lk/en/ad/move-in-ready-3-bedroom-house-millennium-city-for-sale-colombo,Move-In Ready 3 Bedroom House – Millennium City,Bedrooms: 3 | Bathrooms: 1,MEMBER,"Rs 20,000,000",6 days
https://ikman.lk/en/ad/brand-new-modern-house-in-piliyandala-makandana-for-sale-colombo-1,Brand new modern house in piliyandala - makandana,Bedrooms: 4 | Bathrooms: 3,MEMBER,"Rs 44,000,000",6 days
https://ikman.lk/en/ad/355-perch-land-with-house-for-sale-in-maharagama-value-dh124-for-sale-colombo,35.5 Perch Land with House for Sale in Maharagama - Value (DH124),Bedrooms: 3 | Bathrooms: 4,MEMBER,"Rs 100,000,000",6 days
https://ikman.lk/en/ad/sukhoopbhoogii-nivs-vikinniimtt-homagama-madulawa-for-sale-colombo-2,සුඛෝපභෝගී නිවස විකිණීමට - Homagama Madulawa,Bedrooms: 4 | Bathrooms: 2,MEMBER,"Rs 27,500,000",6 days
https://ikman.lk/en/ad/home-for-sale-kaduwela-for-sale-colombo,Home for Sale – Kaduwela,Bedrooms: 3 | Bathrooms: 2,MEMBER,"Rs 28,500,000",6 days
https://ikman.lk/en/ad/super-brand-new-house-sale-athurugiriya-for-sale-colombo-12,Super Brand New House Sale Athurugiriya,Bedrooms: 3 | Bathrooms: 2,MEMBER,"Rs 28,500,000",6 days
https://ikman.lk/en/ad/spacious-luxury-house-sale-talawatugoda-for-sale-colombo-1,Spacious Luxury House Sale Talawatugoda,Bedrooms: 4 | Bathrooms: 3,MEMBER,"Rs 135,000,000",6 days
https://ikman.lk/en/ad/4-bedroom-house-near-millennium-city-athurugiriya-for-sale-colombo-1,4 Bedroom House Near Millennium City Athurugiriya,Bedrooms: 4 | Bathrooms: 2,MEMBER,"Rs 38,500,000",6 days
https://ikman.lk/en/ad/spacious-brand-new-house-sale-athurugiriya-for-sale-colombo-17,Spacious Brand New House Sale Athurugiriya,Bedrooms: 6 | Bathrooms: 5,MEMBER,"Rs 55,000,000",6 days
https://ikman.lk/en/ad/two-storied-brand-new-house-sale-talawatugoda-for-sale-colombo-4,Two Storied Brand New House Sale Talawatugoda,Bedrooms: 4 | Bathrooms: 4,MEMBER,"Rs 48,000,000",6 days
https://ikman.lk/en/ad/immediately-sale-brand-new-house-in-thalaneha-for-sale-colombo,Immediately Sale Brand New House In Thalaneha,Bedrooms: 3 | Bathrooms: 3,MEMBER,"Rs 29,000,000",6 days
https://ikman.lk/en/ad/all-completed-brand-new-house-sale-athurugiriay-for-sale-colombo,All Completed Brand New House Sale Athurugiriay,Bedrooms: 4 | Bathrooms: 4,MEMBER,"Rs 45,000,000",6 days
https://ikman.lk/en/ad/115-p-with-two-storied-best-house-in-mattegoda-for-sale-colombo,11.5 P With Two Storied Best House In Mattegoda,Bedrooms: 4 | Bathrooms: 3,MEMBER,"Rs 31,500,000",6 days
https://ikman.lk/en/ad/ultra-modern-brand-new-house-sale-malabe-for-sale-colombo-42,Ultra Modern Brand New House Sale Malabe,Bedrooms: 4 | Bathrooms: 5,MEMBER,"Rs 59,500,000",6 days
https://ikman.lk/en/ad/all-completed-brand-new-house-sale-malabe-for-sale-colombo-19,All Completed Brand New House Sale Malabe,Bedrooms: 3 | Bathrooms: 2,MEMBER,"Rs 26,500,000",6 days
https://ikman.lk/en/ad/maalbee-ngryen-siylu-phsukm-shit-nv-nivs-vikinniimtt-for-sale-colombo-1,මාලබේ නගරයෙන් සියලු පහසුකම් සහිත නව නිවස විකිණීමට,Bedrooms: 3 | Bathrooms: 2,MEMBER,"Rs 28,500,000",6 days
https://ikman.lk/en/ad/good-condition-house-sale-athurugiriya-for-sale-colombo-11,Good Condition House Sale Athurugiriya,Bedrooms: 2 | Bathrooms: 2,MEMBER,"Rs 29,500,000",6 days
https://ikman.lk/en/ad/super-luxury-house-for-sale-in-mount-lavenia-for-sale-colombo,super luxury house for sale in mount lavenia,Bedrooms: 5 | Bathrooms: 6,MEMBER,"Rs 92,500,000",6 days
https://ikman.lk/en/ad/brand-new-3-bedrooms-house-for-sale-piliyandala-polgasowita-for-sale-colombo-3,BRAND NEW 3 BEDROOMS HOUSE FOR SALE PILIYANDALA POLGASOWITA,Bedrooms: 3 | Bathrooms: 2,MEMBER,"Rs 20,000,000",6 days
https://ikman.lk/en/ad/modern-house-with-beautiful-garden-polgasowita-piliyandala-kesbewa-for-sale-colombo,Modern House With Beautiful Garden Polgasowita Piliyandala Kesbewa,Bedrooms: 3 | Bathrooms: 2,MEMBER,"Rs 23,500,000",6 days
https://ikman.lk/en/ad/house-for-sale-in-dehiwala-hillstreet-for-sale-colombo-1,House for sale in Dehiwala - hillstreet,Bedrooms: 5 | Bathrooms: 3,MEMBER,"Rs 58,000,000",6 days
https://ikman.lk/en/ad/nh743-three-storey-house-for-sale-in-bambalapitiya-for-sale-colombo,(NH743) Three Storey House for Sale in Bambalapitiya,Bedrooms: 8 | Bathrooms: 7,MEMBER,"Rs 110,000,000",6 days
https://ikman.lk/en/ad/brand-new-luxury-house-from-athurugiriya-for-sale-for-sale-colombo,Brand New Luxury House From Athurugiriya For Sale,Bedrooms: 4 | Bathrooms: 4,MEMBER,"Rs 52,500,000",6 days
https://ikman.lk/en/ad/solid-architecturally-designed-house-from-piliyandala-off-swarapola-junc-for-sale-colombo,Solid Architecturally Designed House From Piliyandala Off Swarapola Junc,Bedrooms: 4 | Bathrooms: 3,MEMBER,"Rs 32,000,000",6 days
https://ikman.lk/en/ad/brand-new-luxury-house-in-a-gated-community-piliyandala-madapatha-for-sale-colombo,Brand-New Luxury House in a Gated Community - Piliyandala Madapatha,Bedrooms: 4 | Bathrooms: 3,MEMBER,"Rs 43,500,000",6 days
https://ikman.lk/en/ad/5-bed-house-for-sale-in-wellawatha-c7-9658-for-sale-colombo-1,5 Bed House for sale in Wellawatha (C7-9658),Bedrooms: 5 | Bathrooms: 5,MEMBER,"Rs 320,000,000",6 days
https://ikman.lk/en/ad/modern-luxury-elegant-house-for-sale-in-athurugiriya-for-sale-colombo,Modern Luxury Elegant House for Sale in Athurugiriya,Bedrooms: 3 | Bathrooms: 2,MEMBER,"Rs 28,500,000",6 days
https://ikman.lk/en/ad/quality-elegant-house-for-sale-in-athurugiriya-for-sale-colombo,Quality Elegant House for Sale in Athurugiriya,Bedrooms: 5 | Bathrooms: 3,MEMBER,"Rs 37,500,000",6 days
https://ikman.lk/en/ad/house-for-sale-in-colombo-05-c7-10377-for-sale-colombo,House for Sale in Colombo 05 (C7-10377),Bedrooms: 6 | Bathrooms: 4,MEMBER,"Rs 380,000,000",6 days
https://ikman.lk/en/ad/villa-type-luxury-house-in-talawathugoda-for-sale-with-jacuzzi-pool-for-sale-colombo,Villa Type Luxury House in Talawathugoda For Sale With Jacuzzi Pool,Bedrooms: 3 | Bathrooms: 2,MEMBER,"Rs 58,000,000",6 days
https://ikman.lk/en/ad/house-for-sale-in-colombo-05-c7-10375-for-sale-colombo,House for Sale in Colombo 05 (C7-10375),Bedrooms: 4 | Bathrooms: 4,MEMBER,"Rs 150,000,000",6 days
https://ikman.lk/en/ad/piliyandala-house-for-sale-ssph-430-for-sale-colombo,Piliyandala House for Sale (SSPH-430),Bedrooms: 2 | Bathrooms: 2,MEMBER,"Rs 17,000,000",6 days
https://ikman.lk/en/ad/rh375-single-storey-house-for-sale-in-moratuwa-for-sale-colombo,(RH375) Single Storey House for Sale in Moratuwa,Bedrooms: 4 | Bathrooms: 4,MEMBER,"Rs 80,000,000",6 days
https://ikman.lk/en/ad/dh1059-luxury-fully-furnished-solar-house-for-sale-in-kottawa-for-sale-colombo,(DH1059) Luxury Fully Furnished Solar House for Sale in Kottawa,Bedrooms: 4 | Bathrooms: 3,MEMBER,"Rs 95,000,000",6 days
https://ikman.lk/en/ad/house-for-sale-in-thalawatugoda-c7-10370-for-sale-colombo,House for Sale in Thalawatugoda (C7-10370),Bedrooms: 4 | Bathrooms: 4,MEMBER,"Rs 175,000,000",6 days
https://ikman.lk/en/ad/luxury-brand-new-house-for-sale-polgasowita-for-sale-colombo-1,Luxury Brand New House for Sale Polgasowita,Bedrooms: 4 | Bathrooms: 3,MEMBER,"Rs 36,000,000",6 days
https://ikman.lk/en/ad/luxury-new-house-for-sale-piliyandala-for-sale-colombo-2,Luxury New House for Sale Piliyandala,Bedrooms: 4 | Bathrooms: 2,MEMBER,"Rs 36,000,000",6 days
https://ikman.lk/en/ad/luxury-2-storey-house-for-sale-athurugiriya-for-sale-colombo-9,Luxury 2-Storey House for Sale – Athurugiriya,Bedrooms: 4 | Bathrooms: 3,MEMBER,"Rs 38,500,000",6 days
https://ikman.lk/en/ad/battaramulla-city-house-for-sale-for-sale-colombo,battaramulla city house for sale,Bedrooms: 4 | Bathrooms: 4,MEMBER,"Rs 255,000,000",6 days
https://ikman.lk/en/ad/house-for-sale-in-battaramulla-for-sale-colombo-1720,house for sale in battaramulla,Bedrooms: 3 | Bathrooms: 2,MEMBER,"Rs 29,000,000",6 days
https://ikman.lk/en/ad/old-house-for-sale-in-colombo-07-c7-10368-for-sale-colombo,Old House for Sale in Colombo 07 (C7-10368),Bedrooms: 6 | Bathrooms: 5,MEMBER,"Rs 264,700,000",6 days
https://ikman.lk/en/ad/a-brand-new-singale-story-house-in-pitipana-for-sale-colombo-2,A BRAND NEW SINGALE STORY HOUSE In PITIPANA,Bedrooms: 3 | Bathrooms: 2,,"Rs 16,500,000",6 days
https://ikman.lk/en/ad/a-brand-new-two-story-house-in-kottawa-for-sale-colombo-3,A BRAND NEW TWO STORY HOUSE In KOTTAWA,Bedrooms: 4 | Bathrooms: 4,,"Rs 36,500,000",6 days
https://ikman.lk/en/ad/2-stories-hours-for-sale-malebe-for-sale-colombo,2 STORIES HOURS for SALE MALEBE,Bedrooms: 4 | Bathrooms: 2,,"Rs 31,000,000",6 days
https://ikman.lk/en/ad/new-two-storied-house-for-sale-athurugiriya-for-sale-colombo-1,New Two-Storied House for Sale – Athurugiriya,Bedrooms: 4 | Bathrooms: 3,MEMBER,"Rs 37,500,000",6 days
https://ikman.lk/en/ad/super-luxury-2-storey-house-for-sale-in-polgasowita-kottawa-road-for-sale-colombo-1,"Super Luxury 2-Storey House – For Sale in Polgasowita, Kottawa Road",Bedrooms: 4 | Bathrooms: 3,MEMBER,"Rs 36,000,000",6 days
https://ikman.lk/en/ad/brand-new-2-storey-modern-luxury-house-for-sale-athurugiriya-for-sale-colombo-1,Brand-New 2-Storey Modern Luxury House for Sale – Athurugiriya,Bedrooms: 4 | Bathrooms: 3,MEMBER,"Rs 37,500,000",6 days
https://ikman.lk/en/ad/architecturally-designed-luxury-two-storey-house-athurugiriya-for-sale-colombo,Architecturally Designed Luxury Two-Storey House – Athurugiriya,Bedrooms: 5 | Bathrooms: 4,MEMBER,"Rs 55,000,000",6 days
https://ikman.lk/en/ad/brand-new-single-storey-house-for-sale-athurugiriya-for-sale-colombo-59,Brand-New Single-Storey House for Sale – Athurugiriya,Bedrooms: 3 | Bathrooms: 3,MEMBER,"Rs 32,500,000",6 days
https://ikman.lk/en/ad/2-stories-house-for-sale-in-weeramawatha-for-sale-colombo,2 STORIES HOUSE for SALE in Weeramawatha,Bedrooms: 3 | Bathrooms: 2,,"Rs 23,000,000",6 days
https://ikman.lk/en/ad/house-for-sale-piliyndl-for-sale-colombo-27,House for Sale පිලියන්දල,Bedrooms: 4 | Bathrooms: 4,MEMBER,"Rs 85,000,000",6 days
https://ikman.lk/en/ad/pdinci-novu-alutm-demhl-nivs-piliyndl-ngryee-for-sale-colombo,පදින්චි නොවු අලුත්ම දෙමහල් නිවස පිලියන්දල නගරයේ,Bedrooms: 5 | Bathrooms: 4,MEMBER,"Rs 65,000,000",6 days
https://ikman.lk/en/ad/beautiful-luxury-house-piliyandala-for-sale-colombo-2,Beautiful Luxury house Piliyandala,Bedrooms: 5 | Bathrooms: 4,MEMBER,"Rs 65,000,000",6 days
https://ikman.lk/en/ad/swimming-pool-with-luxury-house-piliyandala-for-sale-colombo-3,Swimming Pool with Luxury House Piliyandala,Bedrooms: 5 | Bathrooms: 4,MEMBER,"Rs 65,000,000",6 days
https://ikman.lk/en/ad/brick-wall-super-house-piliyandala-for-sale-colombo,Brick Wall Super House Piliyandala,Bedrooms: 4 | Bathrooms: 3,MEMBER,"Rs 55,000,000",6 days
https://ikman.lk/en/ad/new-luxury-house-piliyandala-for-sale-colombo,New Luxury House Piliyandala,Bedrooms: 4 | Bathrooms: 4,MEMBER,"Rs 44,000,000",6 days
https://ikman.lk/en/ad/brand-new-house-kaesbaev-h001-for-sale-colombo,Brand new house කැස්බැව (H001),Bedrooms: 5 | Bathrooms: 4,MEMBER,"Rs 69,500,000",6 days
https://ikman.lk/en/ad/piliyandala-pdinci-novu-alutm-demhl-nivs-for-sale-colombo,Piliyandala පදින්චි නොවු අලුත්ම දෙමහල් නිවස,Bedrooms: 4 | Bathrooms: 4,MEMBER,"Rs 46,000,000",
https://ikman.lk/en/ad/two-storied-house-for-sale-kolonnawa-ab2579-for-sale-colombo,TWO STORIED HOUSE FOR SALE KOLONNAWA AB2579,Bedrooms: 3 | Bathrooms: 3,MEMBER,"Rs 29,500,000",7 days
https://ikman.lk/en/ad/house-for-sale-kolonnawa-ab2578-for-sale-colombo,HOUSE FOR SALE KOLONNAWA AB2578,Bedrooms: 3 | Bathrooms: 3,MEMBER,"Rs 29,600,000",7 days
https://ikman.lk/en/ad/two-storied-spacious-house-for-sale-colombo-3-kollupitiya-chi2573-for-sale-colombo,TWO STORIED SPACIOUS HOUSE FOR SALE COLOMBO 3 KOLLUPITIYA CHI2573,Bedrooms: 4 | Bathrooms: 3,MEMBER,"Rs 125,500,000",7 days
https://ikman.lk/en/ad/spacious-two-storied-house-for-sale-colombo-3-chi2572-for-sale-colombo,SPACIOUS TWO STORIED HOUSE FOR SALE COLOMBO 3 CHI2572,Bedrooms: 4 | Bathrooms: 3,MEMBER,"Rs 125,000,000",7 days
https://ikman.lk/en/ad/land-with-house-for-sale-colombo-3-sen2560-for-sale-colombo,LAND WITH HOUSE FOR SALE COLOMBO 3 SEN2560,Bedrooms: 3 | Bathrooms: 2,MEMBER,"Rs 610,500,000",7 days
https://ikman.lk/en/ad/land-value-only-house-for-sale-kalubowila-dehiwala-ri2317-for-sale-colombo,LAND VALUE ONLY HOUSE FOR SALE KALUBOWILA DEHIWALA RI2317,Bedrooms: 4 | Bathrooms: 4,MEMBER,"Rs 81,000,000",7 days
https://ikman.lk/en/ad/property-for-sale-prime-residential-location-dehiwala-um2314-for-sale-colombo,PROPERTY FOR SALE PRIME RESIDENTIAL LOCATION DEHIWALA UM2314,Bedrooms: 4 | Bathrooms: 4,MEMBER,"Rs 110,000,000",7 days
https://ikman.lk/en/ad/house-for-sale-colombo-6-wellawatta-uw2290-for-sale-colombo,HOUSE FOR SALE COLOMBO 6 WELLAWATTA UW2290,Bedrooms: 7 | Bathrooms: 5,MEMBER,"Rs 264,000,000",7 days
https://ikman.lk/en/ad/house-for-sale-land-value-colombo-6-uw2289-for-sale-colombo,HOUSE FOR SALE LAND VALUE COLOMBO 6 UW2289,Bedrooms: 7 | Bathrooms: 5,MEMBER,"Rs 264,000,000",7 days
https://ikman.lk/en/ad/newly-build-luxury-house-for-sale-battaramulla-1945-for-sale-colombo,NEWlY BUILD LUXURY HOUSE FOR SALE BATTARAMULLA 1945,Bedrooms: 4 | Bathrooms: 3,MEMBER,"Rs 69,000,000",7 days
https://ikman.lk/en/ad/unfurnished-brand-new-house-for-sale-kalubowila-dehiwala-dh1938-for-sale-colombo,UNFURNISHED BRAND NEW HOUSE FOR SALE KALUBOWILA DEHIWALA DH1938,Bedrooms: 4 | Bathrooms: 3,MEMBER,"Rs 79,000,000",7 days
https://ikman.lk/en/ad/brand-new-3-story-house-for-sale-kalubowila-dehiwala-da1937-for-sale-colombo,BRAND NEW 3 STORY HOUSE FOR SALE KALUBOWILA DEHIWALA DA1937,Bedrooms: 4 | Bathrooms: 3,MEMBER,"Rs 76,000,000",7 days
https://ikman.lk/en/ad/three-storey-house-for-sale-dehiwala-sa1803-for-sale-colombo,Three Storey House For Sale Dehiwala SA1803,Bedrooms: 5 | Bathrooms: 7,MEMBER,"Rs 80,000,000",7 days
https://ikman.lk/en/ad/lake-front-villa-for-sale-bolgoda-piliyandala-mz1775-for-sale-colombo,Lake Front Villa For Sale Bolgoda Piliyandala MZ1775,Bedrooms: 5 | Bathrooms: 5,MEMBER,"Rs 70,000,000",7 days
https://ikman.lk/en/ad/3-unit-house-for-sale-colombo-04-ch-1752-for-sale-colombo,3 Unit House For Sale Colombo 04 CH 1752,Bedrooms: 8 | Bathrooms: 7,MEMBER,"Rs 350,500,000",7 days
https://ikman.lk/en/ad/house-for-sale-bambalapitiya-ch1751-for-sale-colombo,House For Sale Bambalapitiya CH1751,Bedrooms: 8 | Bathrooms: 7,MEMBER,"Rs 350,000,000",7 days
https://ikman.lk/en/ad/house-for-sale-don-carololis-rd-off-jawatta-ch1694-for-sale-colombo,House For Sale Don Carololis Rd Off Jawatta CH1694,Bedrooms: 10+ | Bathrooms: 9,MEMBER,"Rs 435,000,000",7 days
https://ikman.lk/en/ad/twin-house-for-sale-havelock-city-near-col-6-for-sale-colombo,Twin house for Sale Havelock City near Col 6,Bedrooms: 4 | Bathrooms: 4,MEMBER,"Rs 72,000,000",7 days
https://ikman.lk/en/ad/5-bedroom-house-for-sale-in-colombo-7-p-4-for-sale-colombo-3,5 bedroom House for Sale in Colombo 7 (p-4),Bedrooms: 5 | Bathrooms: 5,MEMBER,"Rs 750,000,000",7 days
https://ikman.lk/en/ad/large-two-story-house-for-sale-mount-lavinia-for-sale-colombo-1,Large Two-Story House for Sale – Mount Lavinia,Bedrooms: 6 | Bathrooms: 4,,"Rs 55,000,000",7 days
https://ikman.lk/en/ad/livable-house-for-sale-thelawala-ratmalana-for-sale-colombo-1,"livable House for Sale – Thelawala, Ratmalana",Bedrooms: 3 | Bathrooms: 1,,"Rs 16,500,000",7 days
https://ikman.lk/en/ad/4-bedrooms-house-for-sale-in-colombo-05-park-road-p-186-for-sale-colombo,4 Bedrooms House For sale in Colombo 05 Park Road (P-186),Bedrooms: 4 | Bathrooms: 2,MEMBER,"Rs 105,000,000",7 days
https://ikman.lk/en/ad/500m-to-maharagama-brand-new-three-storey-luxury-house-for-salej677i-for-sale-colombo,500m to Maharagama Brand New Three Storey Luxury House for Sale(j677i,Bedrooms: 4 | Bathrooms: 3,MEMBER,"Rs 69,500,000",7 days
https://ikman.lk/en/ad/brand-new-single-storey-house-for-sale-in-mattegoda-for-sale-colombo,Brand New Single Storey House for Sale in Mattegoda,Bedrooms: 3 | Bathrooms: 2,MEMBER,"Rs 23,500,000",7 days
https://ikman.lk/en/ad/brand-new-4-bedroom-house-for-sale-in-hokandara-thalawathugodagai8-for-sale-colombo,Brand New 4 bedroom House for Sale in Hokandara/Thalawathugoda(Gai8),Bedrooms: 4 | Bathrooms: 3,MEMBER,"Rs 53,500,000",7 days
https://ikman.lk/en/ad/newly-build-luxury-three-storey-house-for-sale-in-thalahena-for-sale-colombo,Newly Build Luxury Three Storey House for Sale in Thalahena,Bedrooms: 5 | Bathrooms: 3,MEMBER,"Rs 71,000,000",7 days
https://ikman.lk/en/ad/brand-new-luxury-3-storey-house-for-sale-in-pannipitiya-for-sale-colombo-1,Brand New Luxury 3 Storey House for Sale in Pannipitiya,Bedrooms: 5 | Bathrooms: 4,MEMBER,"Rs 50,000,000",7 days
https://ikman.lk/en/ad/elegant-designed-luxury-three-storey-house-for-sale-in-pita-kotte-for-sale-colombo,Elegant Designed Luxury Three Storey House for Sale in Pita Kotte,Bedrooms: 5 | Bathrooms: 5,MEMBER,"Rs 220,000,000",7 days
https://ikman.lk/en/ad/newly-built-luxury-3-storey-house-for-sale-in-thalawathugoda-for-sale-colombo-1,Newly Built Luxury 3 Storey House for Sale in Thalawathugoda,Bedrooms: 4 | Bathrooms: 4,MEMBER,"Rs 78,000,000",7 days
https://ikman.lk/en/ad/brand-new-single-storey-house-for-sale-in-kottawa-polgasowita-ap778-for-sale-colombo,Brand New Single Storey House for Sale in Kottawa Polgasowita (AP778),Bedrooms: 3 | Bathrooms: 2,MEMBER,"Rs 25,000,000",7 days
https://ikman.lk/en/ad/brand-new-single-storey-house-for-sale-in-kottawa-polgasowita-jaliyagama-for-sale-colombo,Brand New Single Storey House for Sale in Kottawa Polgasowita Jaliyagama,Bedrooms: 3 | Bathrooms: 2,MEMBER,"Rs 25,000,000",7 days
https://ikman.lk/en/ad/moratuwa-riverside-gardens-4-bedrooms-holiday-bungalow-on-15-perches-for-sale-colombo,"Moratuwa, Riverside Gardens, 4 bedrooms Holiday Bungalow on 15 Perches",Bedrooms: 4 | Bathrooms: 4,,"Rs 59,000,000",7 days
https://ikman.lk/en/ad/modern-3br-luxury-house-with-paddy-view-battaramulla-for-sale-colombo,Modern 3BR Luxury House with Paddy View – Battaramulla,Bedrooms: 3 | Bathrooms: 3,MEMBER,"Rs 68,500,000",7 days
https://ikman.lk/en/ad/house-for-sale-in-kolonnawa-for-sale-colombo-1427,House for Sale in Kolonnawa,Bedrooms: 4 | Bathrooms: 3,MEMBER,"Rs 75,000,000",7 days
https://ikman.lk/en/ad/house-for-sale-in-colombo-08-for-sale-colombo-65,House for Sale in Colombo 08,Bedrooms: 4 | Bathrooms: 4,MEMBER,"Rs 450,000,000",7 days
https://ikman.lk/en/ad/house-for-sale-in-rathmalana-for-sale-colombo-529,House for sale in Rathmalana,Bedrooms: 3 | Bathrooms: 2,MEMBER,"Rs 90,000,000",7 days
https://ikman.lk/en/ad/house-for-sale-in-kohuwala-for-sale-colombo-220,House for sale in Kohuwala,Bedrooms: 5 | Bathrooms: 4,MEMBER,"Rs 89,000,000",7 days
https://ikman.lk/en/ad/house-for-sale-in-rajagiriya-for-sale-colombo-1214,House for Sale in Rajagiriya,Bedrooms: 10+ | Bathrooms: 10+,MEMBER,"Rs 170,000,000",7 days
https://ikman.lk/en/ad/house-for-sale-in-colombo-05-for-sale-colombo-350,House for sale in Colombo 05,Bedrooms: 4 | Bathrooms: 2,MEMBER,"Rs 274,000,000",7 days
https://ikman.lk/en/ad/luxury-house-for-sale-in-nugegoda-for-sale-colombo-542,Luxury House for sale in Nugegoda,Bedrooms: 8 | Bathrooms: 6,MEMBER,"Rs 290,000,000",7 days
https://ikman.lk/en/ad/appartement-house-for-sale-in-rathmalana-for-sale-colombo,Appartement /House for sale in Rathmalana,Bedrooms: 10+ | Bathrooms: 6,MEMBER,"Rs 150,000,000",7 days
https://ikman.lk/en/ad/modern-house-for-sale-in-battaramulla-for-sale-colombo-288,Modern House for Sale in Battaramulla,Bedrooms: 7 | Bathrooms: 5,MEMBER,"Rs 47,000,000",7 days
https://ikman.lk/en/ad/luxury-villa-house-for-sale-in-canterbury-kahathuduwa-for-sale-colombo,Luxury Villa house for sale in Canterbury - kahathuduwa,Bedrooms: 3 | Bathrooms: 3,MEMBER,"Rs 47,000,000",7 days
https://ikman.lk/en/ad/moratuwa-3-br-1200-sqft-house-for-sale-for-sale-colombo,"MORATUWA : 3-BR (1,200 SQFT) HOUSE FOR SALE",Bedrooms: 3 | Bathrooms: 1,MEMBER,"Rs 13,000,000",7 days
https://ikman.lk/en/ad/best-land-value-deal-in-angulana-moratuwa-for-sale-colombo,Best Land Value Deal in Angulana - Moratuwa,Bedrooms: 5 | Bathrooms: 1,MEMBER,"Rs 16,000,000",7 days
https://ikman.lk/en/ad/spacious-house-for-sale-in-pitakotte-for-sale-colombo,Spacious House for Sale in Pitakotte,Bedrooms: 6 | Bathrooms: 3,MEMBER,"Rs 58,000,000",7 days
https://ikman.lk/en/ad/luxury-5-bedroom-villa-for-sale-nawala-em137aw-for-sale-colombo,Luxury 5 Bedroom Villa for Sale – Nawala (EM137AW),Bedrooms: 5 | Bathrooms: 5,MEMBER,"Rs 200,000,000",7 days
https://ikman.lk/en/ad/csb2603-006-modern-luxury-house-for-sale-in-boralesgamuwa-for-sale-colombo,(CSB2603-006) Modern Luxury House for Sale in Boralesgamuwa,Bedrooms: 7 | Bathrooms: 6,MEMBER,"Rs 135,000,000",7 days
https://ikman.lk/en/ad/income-generating-luxury-property-for-sale-for-sale-colombo,Income-Generating Luxury Property for Sale,Bedrooms: 5 | Bathrooms: 5,MEMBER,"Rs 125,000,000",7 days
https://ikman.lk/en/ad/brand-new-4-bedroom-house-for-sale-at-siddamulla-kottawa-em225rn-for-sale-colombo-1,"Brand New 4 Bedroom House for Sale at Siddamulla, Kottawa (EM225RN)",Bedrooms: 4 | Bathrooms: 3,MEMBER,"Rs 47,000,000",7 days
https://ikman.lk/en/ad/valuable-family-home-in-a-fast-growing-area-for-sale-colombo,Valuable Family Home in a Fast-Growing Area,Bedrooms: 3 | Bathrooms: 2,MEMBER,"Rs 23,000,000",7 days
https://ikman.lk/en/ad/modern-2-storey-house-for-sale-kahapola-piliyandala-for-sale-colombo,"Modern 2-Storey House for Sale – Kahapola, Piliyandala",Bedrooms: 3 | Bathrooms: 3,MEMBER,"Rs 44,000,000",7 days
https://ikman.lk/en/ad/house-for-sale-dehiwala-for-sale-colombo-1082,House for Sale – Dehiwala,Bedrooms: 6 | Bathrooms: 5,,"Rs 83,000,000",7 days
https://ikman.lk/en/ad/ultra-luxury-residence-for-sale-battaramulla-for-sale-colombo,Ultra-Luxury Residence for Sale – Battaramulla,Bedrooms: 6 | Bathrooms: 7,MEMBER,"Rs 450,000,000",7 days
https://ikman.lk/en/ad/brandnew-house-for-sale-in-rathmalana-for-sale-colombo,Brandnew House for sale in Rathmalana,Bedrooms: 5 | Bathrooms: 5,MEMBER,"Rs 90,000,000",7 days
https://ikman.lk/en/ad/house-for-sale-in-pannipitiya-for-sale-colombo-1264,House for sale in Pannipitiya,Bedrooms: 5 | Bathrooms: 5,MEMBER,"Rs 85,000,000",7 days
https://ikman.lk/en/ad/house-for-sale-in-kalubovila-for-sale-colombo-1,House for sale in Kalubovila,Bedrooms: 5 | Bathrooms: 5,MEMBER,"Rs 110,000,000",7 days
https://ikman.lk/en/ad/house-for-sale-in-nugegoda-for-sale-colombo-2096,House for sale in Nugegoda,Bedrooms: 5 | Bathrooms: 2,MEMBER,"Rs 41,000,000",7 days
https://ikman.lk/en/ad/house-for-sale-in-colombo-09-for-sale-colombo-144,House for sale in Colombo 09,Bedrooms: 4 | Bathrooms: 1,MEMBER,"Rs 135,000,000",7 days
https://ikman.lk/en/ad/modern-designed-luxury-two-story-house-for-sale-in-kesbewa-for-sale-colombo,Modern Designed Luxury Two Story House For Sale In Kesbewa,Bedrooms: 4 | Bathrooms: 3,MEMBER,"Rs 46,500,000",7 days
https://ikman.lk/en/ad/super-luxury-2-storey-house-with-rooftop-for-sale-boralesgamuwa-for-sale-colombo,Super Luxury 2-Storey House with Rooftop for Sale – Boralesgamuwa,Bedrooms: 4 | Bathrooms: 5,MEMBER,"Rs 109,500,000",7 days
https://ikman.lk/en/ad/luxury-house-for-sale-battaramulla-for-sale-colombo-218,Luxury House for Sale – Battaramulla,Bedrooms: 4 | Bathrooms: 4,,"Rs 290,000,000",7 days
https://ikman.lk/en/ad/battaramulla-house-for-sale-for-sale-colombo-125,battaramulla house for sale,Bedrooms: 4 | Bathrooms: 3,MEMBER,"Rs 68,500,000",7 days
https://ikman.lk/en/ad/one-story-house-with-land-sale-polgasowita-for-sale-colombo,One Story House with Land Sale Polgasowita,Bedrooms: 4 | Bathrooms: 2,,"Rs 22,500,000",7 days
https://ikman.lk/en/ad/house-for-sale-in-mount-lavinia-for-sale-colombo-1267,House for Sale in Mount Lavinia,Bedrooms: 3 | Bathrooms: 2,MEMBER,"Rs 50,000,000",7 days
https://ikman.lk/en/ad/modern-luxury-house-with-separate-unit-for-sale-papiliyana-for-sale-colombo,Modern Luxury House with Separate Unit for Sale – Papiliyana,Bedrooms: 6 | Bathrooms: 6,MEMBER,"Rs 85,000,000",7 days
https://ikman.lk/en/ad/2-storey-house-with-3rd-floor-annex-for-sale-dehiwala-for-sale-colombo,2-Storey House with 3rd Floor Annex for Sale – Dehiwala,Bedrooms: 5 | Bathrooms: 4,MEMBER,"Rs 88,000,000",7 days
https://ikman.lk/en/ad/house-for-sale-lkr-77-million-kalubowila-for-sale-colombo-1,House for Sale – LKR 77 Million Kalubowila,Bedrooms: 3 | Bathrooms: 3,MEMBER,"Rs 77,000,000",7 days
https://ikman.lk/en/ad/5-bedroom-luxury-home-mount-lavinia-for-sale-colombo,5 Bedroom Luxury Home – Mount Lavinia,Bedrooms: 5 | Bathrooms: 6,MEMBER,"Rs 85,000,000",7 days
https://ikman.lk/en/ad/luxury-5-bedroom-house-for-sale-in-nugegoda-for-sale-colombo-1,Luxury 5 Bedroom House for Sale in Nugegoda,Bedrooms: 5 | Bathrooms: 8,MEMBER,"Rs 270,000,000",7 days
https://ikman.lk/en/ad/5-bedroom-villa-for-sale-dehiwala-upananda-mawatha-for-sale-colombo,"5-Bedroom Villa for Sale – Dehiwala, Upananda Mawatha",Bedrooms: 5 | Bathrooms: 5,MEMBER,"Rs 180,000,000",7 days
https://ikman.lk/en/ad/maaetkdii-idikrn-ld-demhl-nivs-vikinniimtt-piliyandala-maviththara-for-sale-colombo,මෑතකදී ඉදිකරන ලද දෙමහල් නිවස විකිණීමට PILIYANDALA MAVITHTHARA,Bedrooms: 3 | Bathrooms: 2,MEMBER,"Rs 34,000,000",7 days
https://ikman.lk/en/ad/luxury-house-with-6-rental-units-for-sale-maharagama-50-perches-for-sale-colombo,Luxury House with 6 Rental Units for Sale – Maharagama (50 Perches),Bedrooms: 4 | Bathrooms: 4,MEMBER,"Rs 250,000,000",7 days
https://ikman.lk/en/ad/col-5-house-for-sale-3900sqft-85p-200m-for-sale-colombo,Col 5 house for sale 3900sqft 8.5p 200m,Bedrooms: 4 | Bathrooms: 3,MEMBER,"Rs 200,000,000",7 days
https://ikman.lk/en/ad/rajagiriya-luxury-property-for-sale-for-sale-colombo,Rajagiriya luxury property for sale,Bedrooms: 4 | Bathrooms: 3,MEMBER,"Rs 70,000,000",7 days
https://ikman.lk/en/ad/house-for-sale-in-galle-road-dehiwala-for-sale-colombo,House For Sale in Galle Road Dehiwala,Bedrooms: 10+ | Bathrooms: 10+,MEMBER,"Rs 130,000,000",7 days
https://ikman.lk/en/ad/two-storey-house-for-sale-in-mattegoda-for-sale-colombo-2,Two Storey House for Sale in Mattegoda,Bedrooms: 4 | Bathrooms: 2,,"Rs 27,500,000",7 days
https://ikman.lk/en/ad/house-for-sale-in-col-15-kalyani-mw-for-sale-colombo,House for sale in Col 15 Kalyani Mw,Bedrooms: 3 | Bathrooms: 2,MEMBER,"Rs 16,000,000",7 days
https://ikman.lk/en/ad/3-bedrooms-brand-new-house-for-sale-in-homagama-beruketiya-for-sale-colombo-3,3 Bedrooms Brand New House for sale in Homagama Beruketiya,Bedrooms: 3 | Bathrooms: 1,MEMBER,"Rs 16,500,000",7 days
https://ikman.lk/en/ad/brand-new-luxury-two-storey-family-home-in-athurugiriya-for-sale-colombo-51,Brand New Luxury Two-Storey Family Home in Athurugiriya,Bedrooms: 4 | Bathrooms: 2,MEMBER,"Rs 38,500,000",7 days
https://ikman.lk/en/ad/spacious-4-br-house-with-pool-and-scenic-green-views-in-malabe-sh15303-for-sale-colombo,Spacious 4-BR House with Pool & Scenic Green Views in Malabe | SH15303,Bedrooms: 4 | Bathrooms: 3,MEMBER,"Rs 250,000,000",7 days
https://ikman.lk/en/ad/refurbished-3-bedroom-two-story-residence-in-pitakotte-sh15298-for-sale-colombo,Refurbished 3-Bedroom Two-Story Residence in Pitakotte | SH15298,Bedrooms: 3 | Bathrooms: 3,MEMBER,"Rs 59,000,000",7 days
https://ikman.lk/en/ad/three-storey-house-for-sale-in-thalawathugoda-sh-14326-for-sale-colombo-1,Three-Storey House for Sale in Thalawathugoda | SH 14326,Bedrooms: 4 | Bathrooms: 4,MEMBER,"Rs 68,000,000",7 days
https://ikman.lk/en/ad/three-storey-house-for-sale-in-thalawathugoda-sh-15211-for-sale-colombo,Three-Storey House for Sale in Thalawathugoda (SH 15211),Bedrooms: 4 | Bathrooms: 4,MEMBER,"Rs 62,000,000",7 days
https://ikman.lk/en/ad/single-storey-elegant-house-in-battaramulla-for-sale-for-sale-colombo-1,Single Storey Elegant House in Battaramulla for Sale,Bedrooms: 3 | Bathrooms: 2,MEMBER,"Rs 31,000,000",7 days
https://ikman.lk/en/ad/three-storey-5br-house-for-sale-at-katuwawala-boralesgamuwa-sh-14516-for-sale-colombo,"Three Storey 5Br House for Sale at Katuwawala, Boralesgamuwa (Sh 14516)",Bedrooms: 5 | Bathrooms: 4,MEMBER,"Rs 69,500,000",7 days
https://ikman.lk/en/ad/brand-new-house-for-sale-battaramulla-for-sale-colombo-82,"Brand New House for Sale, Battaramulla",Bedrooms: 6 | Bathrooms: 7,MEMBER,"Rs 450,000,000",7 days
https://ikman.lk/en/ad/thalawathugoda-brand-new-3-storied-house-for-sale-colombo,Thalawathugoda – Brand New 3 Storied House,Bedrooms: 5 | Bathrooms: 4,MEMBER,"Rs 78,500,000",7 days
https://ikman.lk/en/ad/brand-new-house-with-slab-for-sale-in-wellampitiya-for-sale-colombo-134,Brand New House with Slab for Sale in Wellampitiya,Bedrooms: 3 | Bathrooms: 2,MEMBER,"Rs 29,000,000",7 days
https://ikman.lk/en/ad/luxury-house-for-sale-thalawathugoda-for-sale-colombo-469,Luxury House for Sale – Thalawathugoda,Bedrooms: 4 | Bathrooms: 4,MEMBER,"Rs 67,000,000",7 days
https://ikman.lk/en/ad/2-houses-for-sale-katubedda-near-university-of-moratuwa-em955-for-sale-colombo,2 Houses for Sale - Katubedda (Near University of Moratuwa) (EM955),Bedrooms: 8 | Bathrooms: 5,MEMBER,"Rs 42,500,000",7 days
https://ikman.lk/en/ad/house-for-sale-in-battaramulla-for-sale-colombo-1740,House for Sale in Battaramulla,Bedrooms: 4 | Bathrooms: 4,MEMBER,"Rs 59,000,000",7 days
https://ikman.lk/en/ad/luxury-modern-house-for-sale-in-athurugiriya-for-sale-colombo-71,Luxury Modern House for Sale in Athurugiriya ☀️,Bedrooms: 5 | Bathrooms: 3,MEMBER,"Rs 37,500,000",7 days
https://ikman.lk/en/ad/luxury-2-storey-house-for-sale-athurugiriya-for-sale-colombo-7,Luxury 2-Storey House for Sale – Athurugiriya,Bedrooms: 4 | Bathrooms: 4,MEMBER,"Rs 47,500,000",7 days
https://ikman.lk/en/ad/brand-new-house-for-sale-in-kotikawatta-for-sale-colombo-20,Brand New House for Sale in Kotikawatta,Bedrooms: 2 | Bathrooms: 2,MEMBER,"Rs 12,000,000",7 days
https://ikman.lk/en/ad/fully-furnished-luxury-apartment-sale-in-homagama-town-for-sale-colombo,Fully Furnished Luxury apartment sale in homagama town,Bedrooms: 2 | Bathrooms: 2,MEMBER,"Rs 35,000,000",7 days
https://ikman.lk/en/ad/single-storey-house-for-sale-in-wellampitiya-for-sale-colombo-860,Single Storey House for Sale in Wellampitiya,Bedrooms: 3 | Bathrooms: 1,MEMBER,"Rs 6,800,000",7 days
https://ikman.lk/en/ad/newly-renovated-single-storey-house-for-sale-in-wellampitiya-for-sale-colombo,Newly Renovated Single Storey House for Sale in Wellampitiya,Bedrooms: 2 | Bathrooms: 2,MEMBER,"Rs 7,800,000",7 days
https://ikman.lk/en/ad/brand-new-luxury-house-for-sale-piliyandala-kesbewa-for-sale-colombo-3,Brand-New Luxury House for Sale – Piliyandala Kesbewa,Bedrooms: 4 | Bathrooms: 3,MEMBER,"Rs 34,500,000",7 days
https://ikman.lk/en/ad/4br-kalubowila-modern-2-storey-house-for-sale-for-sale-colombo,4BR Kalubowila Modern 2-Storey House for Sale,Bedrooms: 4 | Bathrooms: 2,MEMBER,"Rs 52,000,000",7 days
https://ikman.lk/en/ad/brand-new-house-for-sale-in-kottawa-mattegoda-for-sale-colombo-3,Brand new House for sale in Kottawa Mattegoda,Bedrooms: 4 | Bathrooms: 3,MEMBER,"Rs 46,500,000",7 days
https://ikman.lk/en/ad/brand-new-4-bedrooms-house-for-sale-in-piliyandala-kesbawa-for-sale-colombo-1,Brand New 4 Bedrooms House for sale in Piliyandala Kesbawa,Bedrooms: 4 | Bathrooms: 2,MEMBER,"Rs 32,000,000",7 days
https://ikman.lk/en/ad/house-in-millennium-city-for-sale-colombo,House for Sale in Athurugiriya Millennium City,Bedrooms: 2 | Bathrooms: 1,,"Rs 18,000,000",7 days
https://ikman.lk/en/ad/brand-new-single-house-for-sale-kottawa-road-polgaswovita-for-sale-colombo-3,"Brand New Single House for Sale – Kottawa Road , Polgaswovita",Bedrooms: 3 | Bathrooms: 2,MEMBER,"Rs 25,000,000",7 days
https://ikman.lk/en/ad/two-interconnected-rustic-house-for-sale-in-battaramulla-for-sale-colombo-1,Two Interconnected Rustic House for Sale in Battaramulla,Bedrooms: 5 | Bathrooms: 4,,"Rs 27,500,000",5 days
https://ikman.lk/en/ad/piliyandala-4-bedroom-house-for-sale-for-sale-colombo,Piliyandala 4 Bedroom House for sale,Bedrooms: 4 | Bathrooms: 2,MEMBER,"Rs 44,000,000",7 days
https://ikman.lk/en/ad/rajagiriya-3-story-luxury-house-for-sale-for-sale-colombo-5,RAJAGIRIYA 3-STORY LUXURY HOUSE FOR SALE,Bedrooms: 5 | Bathrooms: 3,MEMBER,"Rs 300,000,000",7 days
https://ikman.lk/en/ad/nugegoda-architecture-designed-luxury-house-for-sale-for-sale-colombo,nugegoda architecture designed luxury house for sale,Bedrooms: 4 | Bathrooms: 4,MEMBER,"Rs 77,500,000",7 days
https://ikman.lk/en/ad/two-story-house-for-sale-in-wellampitiya-for-sale-colombo-1246,Two Story House for Sale in Wellampitiya,Bedrooms: 3 | Bathrooms: 2,MEMBER,"Rs 17,800,000",7 days
https://ikman.lk/en/ad/brand-new-single-house-for-sale-korathota-for-sale-colombo,"Brand New Single, House for Sale, Korathota",Bedrooms: 3 | Bathrooms: 3,MEMBER,"Rs 23,000,000",7 days
https://ikman.lk/en/ad/luxury-house-for-sale-in-kahanthota-malabe-eh440-for-sale-colombo,"Luxury House for Sale in Kahanthota, Malabe - EH440",Bedrooms: 5 | Bathrooms: 4,MEMBER,"Rs 82,000,000",7 days
https://ikman.lk/en/ad/architecture-desing-luxury-house-for-sale-in-nugegoda-for-sale-colombo-2,architecture desing luxury house for sale in nugegoda,Bedrooms: 4 | Bathrooms: 3,MEMBER,"Rs 75,000,000",7 days
https://ikman.lk/en/ad/battaramulla-newly-house-for-sale-for-sale-colombo-3,Battaramulla Newly House for Sale,Bedrooms: 5 | Bathrooms: 5,MEMBER,"Rs 175,000,000",7 days
https://ikman.lk/en/ad/luxury-house-for-immediate-sale-in-piliyandala-eh439-for-sale-colombo,Luxury House| for immediate Sale in Piliyandala - EH439,Bedrooms: 6 | Bathrooms: 2,MEMBER,"Rs 82,000,000",7 days
https://ikman.lk/en/ad/brand-new-luxury-two-storey-house-for-sale-piliyandala-for-sale-colombo-106,Brand-New Luxury Two-Storey House for Sale – Piliyandala,Bedrooms: 4 | Bathrooms: 4,MEMBER,"Rs 43,000,000",7 days
https://ikman.lk/en/ad/thalawathugoda-architecture-designed-luxury-house-for-sale-for-sale-colombo-2,thalawathugoda architecture designed luxury house for sale,Bedrooms: 4 | Bathrooms: 3,MEMBER,"Rs 53,500,000",7 days
https://ikman.lk/en/ad/4-br-newly-built-modern-house-for-sale-in-piliyandala-eh438-for-sale-colombo,4 Br | Newly Built Modern House For Sale in Piliyandala - EH438,Bedrooms: 4 | Bathrooms: 2,MEMBER,"Rs 33,000,000",7 days
https://ikman.lk/en/ad/fully-furnished-2-storey-house-for-sale-kaduwela-bomiriya-for-sale-colombo-1,"Fully Furnished 2-Storey House for Sale – Kaduwela, Bomiriya",Bedrooms: 4 | Bathrooms: 3,MEMBER,"Rs 43,000,000",7 days
https://ikman.lk/en/ad/house-for-sale-in-millennium-city-homagama-hs4833-for-sale-colombo,"House for Sale in Millennium City, Homagama (HS4833)",Bedrooms: 4 | Bathrooms: 2,MEMBER,"Rs 47,000,000",7 days
https://ikman.lk/en/ad/canterbury-golf-brand-new-3br-house-for-sale-in-piliyandala-eh437-for-sale-colombo-1,Canterbury Golf |Brand New 3BR House For Sale in Piliyandala - EH437,Bedrooms: 3 | Bathrooms: 2,MEMBER,"Rs 32,000,000",7 days
https://ikman.lk/en/ad/luxury-5-bedrooms-house-for-sale-in-malabe-eh435-for-sale-colombo-4,Luxury | 5 Bedrooms House For Sale in Malabe - EH435,Bedrooms: 5 | Bathrooms: 5,MEMBER,"Rs 175,000,000",7 days
https://ikman.lk/en/ad/battaramulla-colonial-style-house-for-sale-for-sale-colombo-18,Battaramulla Colonial Style House For sale,Bedrooms: 6 | Bathrooms: 4,MEMBER,"Rs 320,000,000",7 days
https://ikman.lk/en/ad/super-luxurious-nugegoda-house-for-sale-for-sale-colombo,Super Luxurious Nugegoda House For Sale.,Bedrooms: 5 | Bathrooms: 8,MEMBER,"Rs 270,000,000",7 days
https://ikman.lk/en/ad/luxurious-nawala-house-for-sale-in-prime-location-for-sale-colombo,Luxurious Nawala House For Sale in Prime Location,Bedrooms: 5 | Bathrooms: 3,MEMBER,"Rs 170,000,000",7 days
https://ikman.lk/en/ad/luxurious-3br-modern-two-story-house-for-sale-in-piliyandala-for-sale-colombo,Luxurious 3BR Modern Two-Story House for Sale in Piliyandala!,Bedrooms: 3 | Bathrooms: 4,MEMBER,"Rs 53,000,000",7 days
https://ikman.lk/en/ad/modern-luxury-house-for-sale-in-pannipitiya-kanvin-city-eh431-for-sale-colombo-3,Modern Luxury | House for Sale in Pannipitiya (Kanvin City) - EH431,Bedrooms: 4 | Bathrooms: 4,MEMBER,"Rs 52,000,000",7 days
https://ikman.lk/en/ad/super-luxurious-house-for-sale-in-gothatuwa-for-sale-colombo-3,Super Luxurious House for Sale in Gothatuwa,Bedrooms: 4 | Bathrooms: 4,MEMBER,"Rs 229,000,000",7 days
https://ikman.lk/en/ad/luxurious-modern-two-story-house-for-sale-in-piliyandala-for-sale-colombo,Luxurious Modern Two-Story House for Sale in Piliyandala!,Bedrooms: 3 | Bathrooms: 4,MEMBER,"Rs 53,000,000",7 days
https://ikman.lk/en/ad/architect-designed-luxury-house-for-sale-in-athurugiriya-eh430-for-sale-colombo-4,Architect-designed | Luxury House For Sale in Athurugiriya - EH430,Bedrooms: 4 | Bathrooms: 3,MEMBER,"Rs 43,000,000",7 days
https://ikman.lk/en/ad/brand-new-house-for-sale-pannipitiya-eh428-for-sale-colombo-4,Brand New | House for Sale Pannipitiya - EH428,Bedrooms: 5 | Bathrooms: 2,MEMBER,"Rs 45,000,000",7 days
https://ikman.lk/en/ad/2-storey-property-for-office-or-residential-use-in-nugegoda-eh427-for-sale-colombo-3,2-Storey Property for Office or Residential Use in Nugegoda - EH427,Bedrooms: 5 | Bathrooms: 4,MEMBER,"Rs 80,000,000",7 days
https://ikman.lk/en/ad/3-story-4-bedrooms-house-for-sale-in-pannipitiya-eh426-for-sale-colombo-4,3 Story | 4 Bedrooms House For Sale in Pannipitiya - EH426,Bedrooms: 4 | Bathrooms: 4,MEMBER,"Rs 51,500,000",7 days
https://ikman.lk/en/ad/valuable-two-story-house-for-sale-dehiwala-for-sale-colombo-3,Valuable Two Story House for Sale Dehiwala,Bedrooms: 3 | Bathrooms: 2,MEMBER,"Rs 28,500,000",7 days
https://ikman.lk/en/ad/3-story-modern-house-for-sale-moratuwa-eh425-for-sale-colombo-4,3-Story | Modern House For Sale Moratuwa -EH425,Bedrooms: 4 | Bathrooms: 3,MEMBER,"Rs 56,000,000",7 days
https://ikman.lk/en/ad/colombo-10-5-br-174p-house-for-sale-near-nalanda-collage-for-sale-colombo,Colombo 10 : 5 BR (17.4P) House for Sale near Nalanda Collage,Bedrooms: 5 | Bathrooms: 2,MEMBER,"Rs 227,000,000",7 days
https://ikman.lk/en/ad/homagama-brand-new-4-a-c-br-luxury-house-for-sale-for-sale-colombo,Homagama : Brand new 4 A/C BR Luxury House for Sale,Bedrooms: 4 | Bathrooms: 3,MEMBER,"Rs 53,500,000",7 days
https://ikman.lk/en/ad/pita-kotte-4br-235p-house-for-sale-at-beddagana-for-sale-colombo,Pita Kotte : 4BR (23.5P) House for Sale at Beddagana,Bedrooms: 4 | Bathrooms: 2,MEMBER,"Rs 114,000,000",7 days
https://ikman.lk/en/ad/panadura-bolgoda-lake-230perch-4-br-river-front-luxury-house-for-sale-for-sale-colombo,Panadura Bolgoda Lake : 230Perch 4 BR River front Luxury house for Sale,Bedrooms: 4 | Bathrooms: 5,MEMBER,"Rs 230,000,000",7 days
https://ikman.lk/en/ad/house-and-land-for-sale-in-nawala-hs4832-for-sale-colombo,House & Land for Sale in Nawala (HS4832),Bedrooms: 3 | Bathrooms: 2,MEMBER,"Rs 70,000,000",7 days
https://ikman.lk/en/ad/ethul-kotte-5br-1411p-house-for-sale-near-main-road-for-sale-colombo,Ethul kotte : 5BR (14.11P) House for Sale near Main Road,Bedrooms: 5 | Bathrooms: 3,,"Rs 60,000,000",7 days
https://ikman.lk/en/ad/super-luxury-modern-3-storey-new-house-for-sale-in-rajagiriya-for-sale-colombo-10,Super Luxury Modern 3 Storey New House for Sale in Rajagiriya,Bedrooms: 4 | Bathrooms: 4,MEMBER,"Rs 80,000,000",7 days
https://ikman.lk/en/ad/maharagama-2br-216p-house-for-sale-near-jayawardanapura-hospital-for-sale-colombo,Maharagama : 2BR (21.6P) House for Sale near Jayawardanapura Hospital,Bedrooms: 2 | Bathrooms: 1,,"Rs 46,000,000",7 days
https://ikman.lk/en/ad/two-storey-brand-new-house-for-sale-piliyandala-kesbawa-eh417-for-sale-colombo-3,Two Storey |Brand New House for Sale - Piliyandala Kesbawa EH417,Bedrooms: 4 | Bathrooms: 2,MEMBER,"Rs 45,000,000",7 days
https://ikman.lk/en/ad/nawala-4br-16p-house-for-sale-at-school-lane-for-sale-colombo,Nawala : 4BR (16P) House for Sale at School Lane,Bedrooms: 4 | Bathrooms: 2,,"Rs 75,200,000",7 days
https://ikman.lk/en/ad/super-luxury-stunning-5br-new-house-for-sale-in-malabe-town-for-sale-colombo-10,Super Luxury Stunning 5BR New House For Sale In Malabe Town,Bedrooms: 5 | Bathrooms: 4,MEMBER,"Rs 68,000,000",7 days
https://ikman.lk/en/ad/single-storied-brand-new-house-in-athurugiriya-for-sale-colombo-44,Single Storied Brand New House In Athurugiriya,Bedrooms: 3 | Bathrooms: 2,MEMBER,"Rs 27,500,000",7 days
https://ikman.lk/en/ad/modern-brand-new-house-for-sale-in-athurugiriya-for-sale-colombo-1,Modern Brand New House for Sale in Athurugiriya,Bedrooms: 3 | Bathrooms: 2,MEMBER,"Rs 28,500,000",7 days
https://ikman.lk/en/ad/brand-new-house-sale-malabe-for-sale-colombo-78,Brand New House Sale Malabe,Bedrooms: 3 | Bathrooms: 3,MEMBER,"Rs 34,000,000",7 days
https://ikman.lk/en/ad/architecture-designed-brand-new-house-in-malabe-for-sale-colombo-25,Architecture Designed Brand New House In Malabe,Bedrooms: 4 | Bathrooms: 5,MEMBER,"Rs 59,500,000",7 days
https://ikman.lk/en/ad/brand-new-house-for-sale-in-kalalgoda-thalawathugoda-for-sale-colombo-1,"Brand New House for Sale in Kalalgoda, Thalawathugoda!",Bedrooms: 5 | Bathrooms: 3,MEMBER,"Rs 40,000,000",7 days
https://ikman.lk/en/ad/well-build-brand-new-house-sale-malabe-for-sale-colombo-47,Well Build Brand New House Sale Malabe,Bedrooms: 4 | Bathrooms: 4,MEMBER,"Rs 49,000,000",7 days
https://ikman.lk/en/ad/thalawathugoda-3-br-luxurious-house-for-sale-in-kalalgoda-for-sale-colombo-14,Thalawathugoda 3 BR Luxurious House For Sale in Kalalgoda,Bedrooms: 3 | Bathrooms: 2,MEMBER,"Rs 51,000,000",7 days
https://ikman.lk/en/ad/brand-new-house-for-sale-in-athurugiriya-for-sale-colombo-2342,Brand New House for Sale in Athurugiriya,Bedrooms: 3 | Bathrooms: 2,MEMBER,"Rs 31,500,000",7 days
https://ikman.lk/en/ad/pepiliyana-modern-3-storey-house-for-sale-dehiwala-for-sale-colombo-34,Pepiliyana Modern 3-Storey House for Sale Dehiwala,Bedrooms: 6 | Bathrooms: 6,MEMBER,"Rs 85,000,000",7 days
https://ikman.lk/en/ad/attidiya-dehiwala-5br-modern-house-for-sale-for-sale-colombo-19,Attidiya Dehiwala 5BR Modern House For Sale,Bedrooms: 5 | Bathrooms: 2,MEMBER,"Rs 125,000,000",7 days
https://ikman.lk/en/ad/mh508-brand-new-luxury-two-storey-house-for-sale-in-hokandara-for-sale-colombo,(MH508) Brand New Luxury Two Storey House for Sale in Hokandara,Bedrooms: 4 | Bathrooms: 3,MEMBER,"Rs 53,500,000",7 days
https://ikman.lk/en/ad/valuable-single-story-house-for-sale-thalapathpitiya-for-sale-colombo,Valuable Single Story House for Sale Thalapathpitiya,Bedrooms: 2 | Bathrooms: 1,MEMBER,"Rs 28,500,000",7 days
https://ikman.lk/en/ad/newly-built-luxury-house-with-shop-space-for-sale-in-maharagama-arawwala-for-sale-colombo-28,Newly Built Luxury House With Shop Space For Sale In Maharagama Arawwala,Bedrooms: 4 | Bathrooms: 2,MEMBER,"Rs 49,000,000",7 days
https://ikman.lk/en/ad/two-storey-house-for-sale-in-colombo-05-for-sale-colombo-12,Two-Storey House for Sale in Colombo 05,Bedrooms: 5 | Bathrooms: 3,MEMBER,"Rs 105,000,000",7 days
https://ikman.lk/en/ad/brand-new-house-for-sale-in-piliyandala-makandana-for-sale-colombo-1,Brand New House for Sale in Piliyandala Makandana,Bedrooms: 3 | Bathrooms: 2,MEMBER,"Rs 25,000,000",7 days
https://ikman.lk/en/ad/ah170-single-storey-house-for-sale-in-meegoda-for-sale-colombo,(AH170) Single Storey House for Sale in Meegoda,Bedrooms: 3 | Bathrooms: 1,MEMBER,"Rs 15,000,000",7 days
https://ikman.lk/en/ad/ah168-brand-new-single-storey-house-for-sale-in-godagama-for-sale-colombo,(AH168) Brand New Single Storey House for Sale in Godagama,Bedrooms: 3 | Bathrooms: 2,MEMBER,"Rs 21,000,000",7 days
https://ikman.lk/en/ad/house-for-sale-colombo-10-for-sale-colombo-115,House for Sale – Colombo 10,Bedrooms: 3 | Bathrooms: 1,,"Rs 19,500,000",6 days
https://ikman.lk/en/ad/spacious-luxury-house-for-sale-at-boralesgamuwa-hs111-for-sale-colombo-1,Spacious Luxury House for Sale – at Boralesgamuwa [hs111],Bedrooms: 4 | Bathrooms: 4,MEMBER,"Rs 60,000,000",7 days
https://ikman.lk/en/ad/luxury-house-for-sale-in-moratuwa-ish085h-for-sale-colombo,Luxury House for Sale in Moratuwa (ISH085H),Bedrooms: 4 | Bathrooms: 4,MEMBER,"Rs 58,000,000",7 days
https://ikman.lk/en/ad/two-story-house-for-sale-in-kolonnawa-meethotamulla-for-sale-colombo-2,"Two Story House for Sale in Kolonnawa, Meethotamulla",Bedrooms: 3 | Bathrooms: 2,MEMBER,"Rs 22,500,000",7 days
https://ikman.lk/en/ad/newly-renovated-house-for-sale-in-wellampitiya-for-sale-colombo-5,Newly Renovated House for Sale in Wellampitiya,Bedrooms: 2 | Bathrooms: 2,MEMBER,"Rs 7,800,000",7 days
https://ikman.lk/en/ad/temhl-nivs-vikinniimtt-for-sale-colombo,තෙමහල් නිවස විකිණීමට Mirihana,Bedrooms: 5 | Bathrooms: 3,,"Rs 29,000,000",7 days
https://ikman.lk/en/ad/fully-furnished-4br-super-luxury-house-sale-in-ratmalana-for-sale-colombo,fully furnished 4BR super luxury house sale in ratmalana,Bedrooms: 4 | Bathrooms: 4,MEMBER,"Rs 75,000,000",7 days
https://ikman.lk/en/ad/colombo-05-luxurious-house-for-sale-for-sale-colombo-15,Colombo 05 Luxurious House for Sale.,Bedrooms: 4 | Bathrooms: 3,MEMBER,"Rs 250,000,000",7 days
https://ikman.lk/en/ad/luxury-two-story-house-for-sale-in-gothatuwa-for-sale-colombo-1,Luxury Two Story House for Sale in Gothatuwa,Bedrooms: 4 | Bathrooms: 2,MEMBER,"Rs 48,500,000",7 days
https://ikman.lk/en/ad/3-storey-separate-2-unit-house-for-rent-in-dehiwala-attidia-for-sale-colombo,3 storey separate 2 unit house for rent in dehiwala attidia,Bedrooms: 5 | Bathrooms: 2,MEMBER,"Rs 45,000,000",7 days
https://ikman.lk/en/ad/premium-brand-new-house-for-sale-thalagala-for-sale-colombo-3,Premium Brand New House for Sale Thalagala,Bedrooms: 3 | Bathrooms: 3,MEMBER,"Rs 17,000,000",7 days
https://ikman.lk/en/ad/premium-brand-new-house-for-sale-thalagala-for-sale-colombo-2,Premium Brand New House for Sale Thalagala,Bedrooms: 3 | Bathrooms: 3,MEMBER,"Rs 17,000,000",7 days
https://ikman.lk/en/ad/single-story-house-for-sale-in-wellampitiya-for-sale-colombo-863,Single Story House for Sale in Wellampitiya,Bedrooms: 2 | Bathrooms: 2,MEMBER,"Rs 14,000,000",7 days
https://ikman.lk/en/ad/super-house-for-sale-boralasgamuwa-for-sale-colombo-47,Super House for Sale Boralasgamuwa,Bedrooms: 10 | Bathrooms: 4,MEMBER,"Rs 75,000,000",7 days
https://ikman.lk/en/ad/super-house-sale-talawatugoda-for-sale-colombo,Super House Sale Talawatugoda,Bedrooms: 5 | Bathrooms: 4,MEMBER,"Rs 145,000,000",7 days
https://ikman.lk/en/ad/brand-new-beautiful-house-for-sale-in-piliyandala-for-sale-colombo-17,Brand New Beautiful House for Sale in Piliyandala,Bedrooms: 5 | Bathrooms: 3,MEMBER,"Rs 44,000,000",7 days
https://ikman.lk/en/ad/super-two-storied-house-for-sale-for-sale-colombo-1,Super Two Storied House For Sale,Bedrooms: 4 | Bathrooms: 3,MEMBER,"Rs 53,500,000",7 days
https://ikman.lk/en/ad/house-for-sale-in-kohuwala-for-sale-colombo-227,House for Sale in Kohuwala,Bedrooms: 4 | Bathrooms: 5,,"Rs 150,000,000",7 days
https://ikman.lk/en/ad/brand-new-house-for-sale-wataraka-homagama-for-sale-colombo-1,Brand New House For Sale Wataraka- Homagama,Bedrooms: 3 | Bathrooms: 2,MEMBER,"Rs 16,700,000",7 days
https://ikman.lk/en/ad/super-single-storied-house-sale-homagama-for-sale-colombo-3,Super Single Storied House Sale Homagama,Bedrooms: 4 | Bathrooms: 2,MEMBER,"Rs 19,200,000",7 days
https://ikman.lk/en/ad/brand-new-single-story-house-for-sale-in-gothatuwa-for-sale-colombo-2,Brand New Single Story House for Sale in Gothatuwa,Bedrooms: 3 | Bathrooms: 3,MEMBER,"Rs 35,000,000",7 days
https://ikman.lk/en/ad/brand-new-house-for-sale-in-heart-of-malabe-for-sale-colombo-1,Brand New House for Sale in Heart of Malabe,Bedrooms: 4 | Bathrooms: 3,MEMBER,"Rs 60,000,000",7 days
https://ikman.lk/en/ad/colombo-07-super-location-luxury-house-for-sale-for-sale-colombo-53,Colombo 07 Super Location Luxury House For Sale,Bedrooms: 4 | Bathrooms: 3,MEMBER,"Rs 230,000,000",7 days
https://ikman.lk/en/ad/maalbee-arngl-sukhoopbhoogii-nivs-vikinniimtt-for-sale-colombo,මාලබේ - අරංගල සුඛෝපභෝගී නිවස විකිණීමට,Bedrooms: 3 | Bathrooms: 3,MEMBER,"Rs 27,000,000",7 days
https://ikman.lk/en/ad/house-for-sale-olympus-millennium-city-athurugiriya-for-sale-colombo-1,"House for Sale – Olympus, Millennium City, Athurugiriya.",Bedrooms: 3 | Bathrooms: 3,MEMBER,"Rs 29,000,000",7 days
https://ikman.lk/en/ad/new-designed-single-storied-house-in-athurugiriya-for-sale-colombo,New Designed Single Storied House In Athurugiriya,Bedrooms: 3 | Bathrooms: 2,MEMBER,"Rs 26,000,000",7 days
https://ikman.lk/en/ad/single-house-for-sale-athurugiriya-for-sale-colombo-9,Single House For Sale Athurugiriya,Bedrooms: 3 | Bathrooms: 2,MEMBER,"Rs 18,000,000",7 days
https://ikman.lk/en/ad/full-fill-brand-new-house-sale-athurugiriya-for-sale-colombo-39,Full Fill Brand New House Sale Athurugiriya,Bedrooms: 3 | Bathrooms: 2,MEMBER,"Rs 32,000,000",7 days
https://ikman.lk/en/ad/modern-designed-luxury-three-story-house-for-sale-in-nawala-for-sale-colombo-2,Modern Designed Luxury Three Story House For Sale In Nawala,Bedrooms: 4 | Bathrooms: 4,MEMBER,"Rs 102,000,000",7 days
https://ikman.lk/en/ad/luxury-3-storey-house-with-modern-facilities-himbutana-for-sale-colombo,Luxury 3-Storey House with Modern Facilities – Himbutana,Bedrooms: 5 | Bathrooms: 5,,"Rs 57,500,000",7 days
https://ikman.lk/en/ad/10-p-4-bed-with-brand-new-house-sale-athurugiriya-for-sale-colombo,10 P 4 Bed With Brand new House Sale Athurugiriya,Bedrooms: 4 | Bathrooms: 3,MEMBER,"Rs 47,500,000",7 days
https://ikman.lk/en/ad/modern-3-story-house-for-sale-malabe-for-sale-colombo,Modern 3-Story House for Sale Malabe,Bedrooms: 4 | Bathrooms: 3,MEMBER,"Rs 45,000,000",7 days
https://ikman.lk/en/ad/strong-structure-brand-new-house-for-sale-for-sale-colombo-71,Strong Structure Brand New House For Sale,Bedrooms: 3 | Bathrooms: 3,MEMBER,"Rs 34,000,000",7 days
https://ikman.lk/en/ad/luxury-upstair-house-for-sale-in-nugegoda-for-sale-colombo-3,Luxury Upstair House for Sale in Nugegoda.,Bedrooms: 4 | Bathrooms: 4,MEMBER,"Rs 75,000,000",7 days
https://ikman.lk/en/ad/completed-brand-new-house-sale-malabe-for-sale-colombo-10,Completed Brand New House Sale Malabe,Bedrooms: 3 | Bathrooms: 3,MEMBER,"Rs 32,500,000",7 days
https://ikman.lk/en/ad/good-condition-house-sale-with-furniture-for-sale-colombo-1,Good Condition House Sale With Furniture,Bedrooms: 3 | Bathrooms: 2,MEMBER,"Rs 35,000,000",7 days
https://ikman.lk/en/ad/house-for-sale-in-bauddhaloka-mawatha-colombo-07-for-sale-colombo,"House for Sale in Bauddhaloka Mawatha, Colombo 07",Bedrooms: 4 | Bathrooms: 3,,"Rs 250,000,000",7 days
https://ikman.lk/en/ad/kaamr-3k-nv-nivsk-vikinniimtt-aet-piliyandala-for-sale-colombo-1,කාමර 3ක නව නිවසක් විකිණීමට ඇත - Piliyandala,Bedrooms: 3 | Bathrooms: 1,MEMBER,"Rs 17,000,000",7 days
https://ikman.lk/en/ad/battaramulla-architect-designed-super-luxury-house-for-sale-for-sale-colombo-8,Battaramulla Architect-Designed Super Luxury House for Sale,Bedrooms: 3 | Bathrooms: 3,MEMBER,"Rs 67,500,000",7 days
https://ikman.lk/en/ad/battaramulla-architecture-designed-brand-new-house-for-sale-for-sale-colombo-2,Battaramulla Architecture-Designed Brand New House for Sale,Bedrooms: 5 | Bathrooms: 5,MEMBER,"Rs 175,000,000",7 days
https://ikman.lk/en/ad/luxury-box-type-modern-house-for-sale-talawathugoda-hokandara-border-for-sale-colombo,Luxury Box-Type Modern House for Sale – Talawathugoda / Hokandara Border,Bedrooms: 4 | Bathrooms: 3,MEMBER,"Rs 67,500,000",7 days
https://ikman.lk/en/ad/khtudduv-pihitti-alnkaar-alutm-demhl-nivs-vikiniimtt-for-sale-colombo,කහතුඩුව පිහිටි අලංකාර අලුත්ම දෙමහල් නිවස විකිනීමට,Bedrooms: 4 | Bathrooms: 3,MEMBER,"Rs 36,000,000",7 days
https://ikman.lk/en/ad/ratmalana-attidiya-road-9bed-rooms-three-story-luxury-house-for-sale-for-sale-colombo,Ratmalana Attidiya Road 9Bed Rooms Three Story Luxury House For Sale,Bedrooms: 9 | Bathrooms: 6,MEMBER,"Rs 120,000,000",7 days
https://ikman.lk/en/ad/house-for-sale-in-mount-lavinia-for-sale-colombo-1234,House for Sale in Mount Lavinia,Bedrooms: 5 | Bathrooms: 3,MEMBER,"Rs 98,000,000",7 days
https://ikman.lk/en/ad/single-storied-house-for-sale-thunandahena-road-malabe-for-sale-colombo,"Single Storied House For Sale Thunandahena Road , Malabe",Bedrooms: 3 | Bathrooms: 2,MEMBER,"Rs 28,500,000",7 days
https://ikman.lk/en/ad/three-storied-house-for-sale-koshene-road-for-sale-colombo,Three Storied House for Sale – Koshene Road,Bedrooms: 5 | Bathrooms: 3,MEMBER,"Rs 37,500,000",7 days
https://ikman.lk/en/ad/two-storied-box-type-house-for-sale-off-kahanthota-road-malabe-for-sale-colombo,"Two-storied Box-type House for Sale – Off Kahanthota Road, Malabe.",Bedrooms: 4 | Bathrooms: 3,MEMBER,"Rs 45,000,000",7 days
https://ikman.lk/en/ad/brand-new-house-for-sale-kottawa-horahena-for-sale-colombo-4,Brand New House for Sale - Kottawa ( Horahena ),Bedrooms: 3 | Bathrooms: 2,MEMBER,"Rs 42,500,000",7 days
https://ikman.lk/en/ad/04-br-brand-new-house-for-sale-in-pannipitiya-for-sale-colombo,04 BR Brand New House for Sale in Pannipitiya.,Bedrooms: 4 | Bathrooms: 3,MEMBER,"Rs 51,500,000",7 days
https://ikman.lk/en/ad/two-storey-house-for-sale-in-maharagama-for-sale-colombo-93,Two Storey House for Sale in Maharagama,Bedrooms: 4 | Bathrooms: 3,MEMBER,"Rs 52,000,000",7 days
https://ikman.lk/en/ad/colombo-07-higly-residential-location-super-luxury-house-for-sale-for-sale-colombo-14,Colombo 07 Higly Residential Location Super Luxury House For Sale,Bedrooms: 4 | Bathrooms: 3,MEMBER,"Rs 230,000,000",7 days
https://ikman.lk/en/ad/single-story-solid-house-for-sale-in-piliyandala-dampe-for-sale-colombo-9,Single Story Solid House for sale in Piliyandala Dampe,Bedrooms: 3 | Bathrooms: 2,MEMBER,"Rs 28,000,000",7 days
https://ikman.lk/en/ad/sukhoopbhoogii-nviintm-nivs-vikinniimtt-piliyandala-madapatha-road-for-sale-colombo-1,සුඛෝපභෝගී නවීනතම නිවස විකිණීමට Piliyandala Madapatha Road,Bedrooms: 4 | Bathrooms: 3,MEMBER,"Rs 42,000,000",7 days
https://ikman.lk/en/ad/single-storey-house-for-sale-in-piliyandala-for-sale-colombo-30,Single Storey House for Sale in Piliyandala,Bedrooms: 3 | Bathrooms: 2,MEMBER,"Rs 20,000,000",7 days
https://ikman.lk/en/ad/two-storey-house-for-sale-in-piliyandala-for-sale-colombo-169,Two Storey House for Sale in Piliyandala,Bedrooms: 8 | Bathrooms: 8,MEMBER,"Rs 24,500,000",7 days
https://ikman.lk/en/ad/single-storey-house-for-sale-in-maharagama-for-sale-colombo-3,Single Storey House for Sale in Maharagama,Bedrooms: 3 | Bathrooms: 2,MEMBER,"Rs 47,000,000",7 days
https://ikman.lk/en/ad/spacious-luxury-house-in-talawatugoda-for-sale-colombo-1,Spacious Luxury House In Talawatugoda,Bedrooms: 4 | Bathrooms: 3,MEMBER,"Rs 135,000,000",7 days
https://ikman.lk/en/ad/single-storied-brand-new-house-in-malabe-for-sale-colombo-15,Single Storied Brand New House In Malabe,Bedrooms: 3 | Bathrooms: 2,MEMBER,"Rs 26,500,000",7 days
https://ikman.lk/en/ad/valuable-property-for-sale-in-rathmalana-for-sale-colombo,Valuable property for sale in rathmalana,Bedrooms: 2 | Bathrooms: 2,MEMBER,"Rs 27,500,000",7 days
https://ikman.lk/en/ad/aturugiriy-ngryen-vttinaa-alutm-nivsk-vikinniimtt-for-sale-colombo,අතුරුගිරිය නගරයෙන් වටිනා අලුත්ම නිවසක් විකිණීමට,Bedrooms: 3 | Bathrooms: 3,MEMBER,"Rs 28,500,000",7 days
https://ikman.lk/en/ad/two-story-house-for-sale-in-kesbewa-for-sale-colombo-20,Two Story House for Sale in Kesbewa,Bedrooms: 4 | Bathrooms: 3,MEMBER,"Rs 33,500,000",7 days
https://ikman.lk/en/ad/luxury-brand-new-2-story-house-for-sale-in-kottawa-for-sale-colombo-1,Luxury Brand New 2 Story House for Sale in Kottawa,Bedrooms: 4 | Bathrooms: 3,MEMBER,"Rs 47,000,000",7 days
https://ikman.lk/en/ad/brand-new-4-bed-with-house-sale-athurugiriya-for-sale-colombo,Brand New 4 Bed With House Sale Athurugiriya,Bedrooms: 4 | Bathrooms: 2,MEMBER,"Rs 38,500,000",7 days
https://ikman.lk/en/ad/supiri-nivsk-bttrmullen-for-sale-colombo-2,සුපිරි නිවසක් බත්තරමුල්ලෙන්,Bedrooms: 3 | Bathrooms: 3,MEMBER,"Rs 29,000,000",7 days
https://ikman.lk/en/ad/brand-new-2-story-luxury-house-for-sale-in-piliyandala-for-sale-colombo-10,Brand New 2 Story Luxury House for Sale in Piliyandala,Bedrooms: 4 | Bathrooms: 3,MEMBER,"Rs 36,500,000",7 days
https://ikman.lk/en/ad/battaramulla-wickramasinghapura-luxury-house-for-sale-in-prime-location-for-sale-colombo,Battaramulla Wickramasinghapura Luxury House for Sale in Prime Location,Bedrooms: 4 | Bathrooms: 3,MEMBER,"Rs 67,500,000",7 days
https://ikman.lk/en/ad/luxury-family-home-for-sale-sri-jayawardenepura-kotte-for-sale-colombo-1,Luxury Family Home for Sale – Sri Jayawardenepura Kotte,Bedrooms: 4 | Bathrooms: 4,MEMBER,"Rs 110,000,000",7 days
https://ikman.lk/en/ad/fantastic-two-story-house-for-sale-borelasgamuwa-for-sale-colombo,Fantastic Two story house for sale Borelasgamuwa,Bedrooms: 3 | Bathrooms: 3,MEMBER,"Rs 47,000,000",7 days
https://ikman.lk/en/ad/two-storey-house-for-sale-in-himbutana-road-idh-for-sale-colombo-2,Two Storey House For Sale in Himbutana Road (IDH),Bedrooms: 5 | Bathrooms: 3,MEMBER,"Rs 37,000,000",7 days
https://ikman.lk/en/ad/modern-brand-new-house-for-sale-in-piliyandala-for-sale-colombo-38,Modern Brand New House for Sale in Piliyandala,Bedrooms: 4 | Bathrooms: 3,MEMBER,"Rs 47,000,000",7 days
https://ikman.lk/en/ad/super-luxury-single-story-house-for-sale-in-piliyandala-for-sale-colombo-7,Super Luxury Single Story House for Sale in Piliyandala,Bedrooms: 3 | Bathrooms: 2,MEMBER,"Rs 25,000,000",7 days
https://ikman.lk/en/ad/elegance-brand-new-house-for-sale-kottawa-for-sale-colombo-1,Elegance Brand New House for Sale Kottawa,Bedrooms: 4 | Bathrooms: 3,MEMBER,"Rs 85,000,000",7 days
https://ikman.lk/en/ad/high-residential-house-for-sale-nugegoda-for-sale-colombo-32,High Residential House for Sale Nugegoda,Bedrooms: 4 | Bathrooms: 3,MEMBER,"Rs 75,000,000",7 days
https://ikman.lk/en/ad/dehiwala-attidiya-fully-tiled-house-available-for-sale-for-sale-colombo,Dehiwala Attidiya Fully Tiled House Available For Sale,Bedrooms: 3 | Bathrooms: 2,MEMBER,"Rs 36,000,000",7 days
https://ikman.lk/en/ad/3-bedroom-house-for-sale-peaceful-residential-area-in-athurugiriya-for-sale-colombo,3 Bedroom House for Sale – Peaceful Residential Area in Athurugiriya,Bedrooms: 3 | Bathrooms: 2,MEMBER,"Rs 38,500,000",7 days
https://ikman.lk/en/ad/home-for-sale-athurugiriya-for-sale-colombo,Home for Sale – Athurugiriya,Bedrooms: 3 | Bathrooms: 3,MEMBER,"Rs 34,000,000",7 days
https://ikman.lk/en/ad/house-for-sale-in-kotte-prime-location-for-sale-colombo-1,house for sale in kotte prime location,Bedrooms: 4 | Bathrooms: 3,MEMBER,"Rs 110,000,000",7 days
https://ikman.lk/en/ad/brand-new-luxury-house-for-sale-in-piliyandala-for-sale-colombo-1120,Brand New Luxury House for Sale in Piliyandala,Bedrooms: 3 | Bathrooms: 2,MEMBER,"Rs 23,500,000",7 days
https://ikman.lk/en/ad/high-quality-house-for-sale-piliyandala-for-sale-colombo-2,High Quality House for Sale Piliyandala,Bedrooms: 4 | Bathrooms: 3,MEMBER,"Rs 44,000,000",7 days
https://ikman.lk/en/ad/modern-2story-house-for-sale-in-thalawathugoda-for-sale-colombo,modern 2story house for sale in thalawathugoda,Bedrooms: 4 | Bathrooms: 4,MEMBER,"Rs 50,000,000",7 days
https://ikman.lk/en/ad/2-story-brand-new-luxury-house-for-sale-in-piliyandala-for-sale-colombo-4,2 Story Brand New Luxury House for Sale in Piliyandala,Bedrooms: 4 | Bathrooms: 2,MEMBER,"Rs 36,000,000",7 days
https://ikman.lk/en/ad/brand-new-modern-house-for-sale-in-piliyandala-for-sale-colombo-60,Brand new modern house for sale in piliyandala,Bedrooms: 5 | Bathrooms: 4,MEMBER,"Rs 44,000,000",7 days
https://ikman.lk/en/ad/three-storey-house-for-sale-in-homagama-for-sale-colombo-1,Three Storey House for Sale in Homagama,Bedrooms: 4 | Bathrooms: 2,MEMBER,"Rs 16,500,000",7 days
https://ikman.lk/en/ad/brand-new-luxury-three-storey-house-for-sale-in-homagama-for-sale-colombo-2,Brand New Luxury Three Storey House for Sale in Homagama,Bedrooms: 4 | Bathrooms: 3,MEMBER,"Rs 85,000,000",7 days
https://ikman.lk/en/ad/super-luxury-brand-new-house-for-sale-in-piliyandala-for-sale-colombo-64,Super Luxury Brand New House for Sale in Piliyandala,Bedrooms: 4 | Bathrooms: 5,MEMBER,"Rs 109,000,000",7 days
https://ikman.lk/en/ad/brand-new-luxury-house-for-sale-in-nawala-hs4827-for-sale-colombo,Brand New Luxury House for Sale in Nawala (HS4827),Bedrooms: 3 | Bathrooms: 3,MEMBER,"Rs 250,000,000",7 days
https://ikman.lk/en/ad/brand-new-7-bedroom-house-for-sale-boralasgamuwa-for-sale-colombo-4,Brand New 7-Bedroom House for Sale – Boralasgamuwa,Bedrooms: 7 | Bathrooms: 6,MEMBER,"Rs 79,000,000",7 days
https://ikman.lk/en/ad/newly-build-single-story-house-for-sale-in-piliyandala-for-sale-colombo-15,Newly Build Single Story House for Sale in Piliyandala,Bedrooms: 3 | Bathrooms: 1,MEMBER,"Rs 22,000,000",7 days
https://ikman.lk/en/ad/spacious-luxury-house-with-private-pool-pelawatte-for-sale-colombo,Spacious Luxury House with Private Pool – Pelawatte,Bedrooms: 5 | Bathrooms: 4,MEMBER,"Rs 149,000,000",7 days
https://ikman.lk/en/ad/4-bedroom-luxury-home-for-sale-hokandara-road-for-sale-colombo-1,4 Bedroom Luxury Home for Sale – Hokandara Road,Bedrooms: 4 | Bathrooms: 4,MEMBER,"Rs 90,000,000",7 days
https://ikman.lk/en/ad/modern-two-storey-house-for-sale-in-rajagiriya-for-sale-colombo-3,Modern Two-Storey House for Sale in Rajagiriya,Bedrooms: 4 | Bathrooms: 3,MEMBER,"Rs 77,000,000",7 days
https://ikman.lk/en/ad/two-storey-house-for-sale-in-ratmalana-for-sale-colombo-19,Two Storey House for Sale in Ratmalana,Bedrooms: 5 | Bathrooms: 4,,"Rs 72,000,000",7 days
https://ikman.lk/en/ad/house-for-sale-in-pannipitiya-for-sale-colombo-1154,House for Sale in Pannipitiya,Bedrooms: 5 | Bathrooms: 7,MEMBER,"Rs 95,000,000",7 days
https://ikman.lk/en/ad/exclusive-house-for-sale-pannipitiya-for-sale-colombo-2,Exclusive House for Sale Pannipitiya,Bedrooms: 5 | Bathrooms: 3,MEMBER,"Rs 65,000,000",7 days
https://ikman.lk/en/ad/house-for-sale-in-maharagama-sa4235-for-sale-colombo,House For Sale In Maharagama ( SA4235),Bedrooms: 4 | Bathrooms: 3,,"Rs 40,000,000",7 days
https://ikman.lk/en/ad/5br-house-for-sale-in-nawala-for-sale-colombo,5BR House for Sale in Nawala,Bedrooms: 5 | Bathrooms: 5,MEMBER,"Rs 290,000,000",7 days
https://ikman.lk/en/ad/brand-new-2-story-house-for-sale-in-piliyandala-for-sale-colombo-179,Brand New 2 Story House for Sale in Piliyandala,Bedrooms: 4 | Bathrooms: 2,MEMBER,"Rs 29,500,000",7 days
https://ikman.lk/en/ad/3-bedroom-house-for-sale-in-moratuwa-pdh178-for-sale-colombo-11,3 Bedroom House For Sale in Moratuwa - PDH178,Bedrooms: 3 | Bathrooms: 3,MEMBER,"Rs 27,000,000",7 days
https://ikman.lk/en/ad/luxurious-valuable-modern-house-for-sale-in-kadawatha-for-sale-colombo,Luxurious Valuable Modern House for Sale in Kadawatha,Bedrooms: 3 | Bathrooms: 3,MEMBER,"Rs 74,500,000",7 days
https://ikman.lk/en/ad/nviin-nidn-kaamr-3k-nivs-vikiniimtt-piliyandala-madapatha-for-sale-colombo-5,නවීන නිදන කාමර 3ක නිවස විකිනීමට Piliyandala Madapatha,Bedrooms: 3 | Bathrooms: 2,MEMBER,"Rs 23,500,000",7 days
https://ikman.lk/en/ad/vaannij-deeplk-smgin-nivs-vikiniimtt-moratuwa-for-sale-colombo,වාණිජ දේපලක් සමගින් නිවස විකිනීමට MORATUWA,Bedrooms: 2 | Bathrooms: 2,MEMBER,"Rs 34,500,000",7 days
https://ikman.lk/en/ad/ph956-two-storey-house-for-sale-in-boralesgamuwa-for-sale-colombo-1,(PH956) Two Storey House for Sale in Boralesgamuwa,Bedrooms: 6 | Bathrooms: 5,MEMBER,"Rs 79,000,000",7 days
https://ikman.lk/en/ad/ph777-two-storey-4br-house-for-sale-in-maharagama-mahayayawatta-for-sale-colombo-2,(PH777) Two Storey 4BR House for Sale in Maharagama Mahayayawatta,Bedrooms: 4 | Bathrooms: 2,MEMBER,"Rs 32,000,000",7 days
https://ikman.lk/en/ad/ph163-luxury-two-storey-house-for-sale-in-maharagama-for-sale-colombo-3,(PH163) Luxury Two Storey House for Sale in Maharagama,Bedrooms: 3 | Bathrooms: 3,MEMBER,"Rs 250,000,000",7 days
https://ikman.lk/en/ad/ph705-brand-new-three-storey-house-for-sale-in-boralesgamiwa-for-sale-colombo-7,(PH705) Brand New Three Storey House for Sale in Boralesgamiwa,Bedrooms: 5 | Bathrooms: 5,MEMBER,"Rs 105,000,000",7 days
https://ikman.lk/en/ad/ph369-3-storey-modern-house-for-sale-in-boralesgamuwa-for-sale-colombo-5,(PH369) 3 Storey Modern House for Sale in Boralesgamuwa,Bedrooms: 7 | Bathrooms: 4,MEMBER,"Rs 85,000,000",7 days
https://ikman.lk/en/ad/ph848-single-storey-house-for-sale-in-nugegoda-for-sale-colombo-5,(PH848) Single Storey House for Sale in Nugegoda,Bedrooms: 3 | Bathrooms: 1,MEMBER,"Rs 21,000,000",7 days
https://ikman.lk/en/ad/ph935-two-storey-house-for-sale-in-nugegoda-for-sale-colombo-1,(PH935) Two Storey House for Sale in Nugegoda,Bedrooms: 3 | Bathrooms: 3,MEMBER,"Rs 85,000,000",7 days
https://ikman.lk/en/ad/luxury-5br-family-home-in-pangiriwatte-mw-mirihana-nugegoda-for-sale-colombo-69,"Luxury 5BR Family Home in Pangiriwatte Mw, Mirihana Nugegoda",Bedrooms: 5 | Bathrooms: 4,MEMBER,"Rs 107,000,000",7 days
https://ikman.lk/en/ad/20p-land-and-two-story-house-for-sale-in-nawala-for-sale-colombo,20P Land & Two Story House For Sale In Nawala,Bedrooms: 5 | Bathrooms: 4,MEMBER,"Rs 128,000,000",7 days
https://ikman.lk/en/ad/luxury-house-for-sale-in-mattegoda-with-168-perch-for-sale-colombo,Luxury House For Sale in Mattegoda with 16.8 Perch,Bedrooms: 5 | Bathrooms: 2,MEMBER,"Rs 37,500,000",7 days
https://ikman.lk/en/ad/gddol-bitti-prcs-15-k-angsmpuurnn-alutm-nivs-vikiniimtt-kaesbaaev-for-sale-colombo,ගඩොල් බිත්ති - පර්චස් 15 ක අංගසම්පූර්ණ අලුත්ම නිවස විකිනීමට කැස්බෑව,Bedrooms: 5 | Bathrooms: 4,MEMBER,"Rs 45,000,000",7 days
https://ikman.lk/en/ad/luxury-brand-new-modern-house-for-sale-malabe-for-sale-colombo-1,Luxury Brand-New Modern House for Sale – Malabe,Bedrooms: 4 | Bathrooms: 3,MEMBER,"Rs 53,500,000",7 days
https://ikman.lk/en/ad/sukhoopbhoogii-nviintm-nivs-vikinniimtt-piliyandala-kesbawa-junction-for-sale-colombo,සුඛෝපභෝගී නවීනතම නිවස විකිණීමට PILIYANDALA KESBAWA JUNCTION,Bedrooms: 4 | Bathrooms: 3,MEMBER,"Rs 46,500,000",7 days
https://ikman.lk/en/ad/house-for-sale-in-kalubowila-dehiwala-pdh174-for-sale-colombo-2,"🏡 House For Sale In Kalubowila ,Dehiwala -PDH174",Bedrooms: 4 | Bathrooms: 1,MEMBER,"Rs 30,000,000",7 days
https://ikman.lk/en/ad/super-luxury-2-storey-house-with-rooftop-for-sale-in-polgasowita-for-sale-colombo-1,"Super Luxury 2-Storey House with Rooftop – For Sale in Polgasowita,",Bedrooms: 4 | Bathrooms: 3,MEMBER,"Rs 36,000,000",7 days
https://ikman.lk/en/ad/alutm-tnimhl-sukhoopbhoogii-nivsk-vikinniimtt-piliyandala-for-sale-colombo-1,අලුත්ම තනිමහල් සුඛෝපභෝගී නිවසක් විකිණීමට - Piliyandala,Bedrooms: 3 | Bathrooms: 1,MEMBER,"Rs 21,500,000",7 days
https://ikman.lk/en/ad/mttegodd-pihitti-sukoopboogii-alutm-demhl-nivs-vikiniimtt-for-sale-colombo,මත්තෙගොඩ පිහිටි සුකෝපබෝගී අලුත්ම දෙමහල් නිවස විකිනීමට,Bedrooms: 4 | Bathrooms: 3,MEMBER,"Rs 36,000,000",7 days
https://ikman.lk/en/ad/bttuvndr-hndiytt-nudurin-sukhoopbhoogii-nivsk-vikinniimtt-piliyandala-for-sale-colombo-1,බටුවන්දර හන්දියට නුදුරින් සුඛෝපභෝගී නිවසක් විකිණීමට - Piliyandala,Bedrooms: 3 | Bathrooms: 2,MEMBER,"Rs 22,500,000",7 days
https://ikman.lk/en/ad/architect-designed-family-home-kahathuduwa-for-sale-colombo,Architect-Designed Family Home | Kahathuduwa,Bedrooms: 4 | Bathrooms: 4,MEMBER,"Rs 43,000,000",7 days
https://ikman.lk/en/ad/3-storied-6-bedrooms-house-sale-in-kotte-pdh171-for-sale-colombo-10,3 Storied 6 Bedrooms House Sale in Kotte - PDH171,Bedrooms: 6 | Bathrooms: 7,MEMBER,"Rs 120,000,000",7 days
https://ikman.lk/en/ad/modern-luxury-house-for-sale-in-athurugiriya-for-sale-colombo-63,modern luxury house for sale in athurugiriya,Bedrooms: 4 | Bathrooms: 3,MEMBER,"Rs 43,000,000",7 days
https://ikman.lk/en/ad/modern-single-story-house-for-sale-prime-piliyandala-for-sale-colombo-9,Modern Single-Story House for Sale – Prime Piliyandala,Bedrooms: 3 | Bathrooms: 2,MEMBER,"Rs 28,500,000",7 days
https://ikman.lk/en/ad/3-bed-villa-for-sale-at-canterbury-golf-piliyandala-for-sale-colombo,3 Bed Villa for Sale at Canterbury Golf Piliyandala,Bedrooms: 3 | Bathrooms: 2,MEMBER,"Rs 47,500,000",7 days
https://ikman.lk/en/ad/best-quality-material-house-for-sale-in-battaramulla-for-sale-colombo,Best quality material house for sale in Battaramulla,Bedrooms: 4 | Bathrooms: 4,MEMBER,"Rs 255,000,000",7 days
https://ikman.lk/en/ad/super-luxury-house-for-sale-in-kotte-for-sale-colombo-62,super luxury house for sale in kotte,Bedrooms: 5 | Bathrooms: 5,MEMBER,"Rs 220,000,000",7 days
https://ikman.lk/en/ad/super-house-for-sale-in-mount-lavenia-for-sale-colombo,super house for sale in mount lavenia,Bedrooms: 4 | Bathrooms: 4,MEMBER,"Rs 87,000,000",7 days
https://ikman.lk/en/ad/5-bedrooms-house-sale-in-colombo-7-pdh170-for-sale-colombo-10,5 Bedrooms House Sale in Colombo 7- PDH170,Bedrooms: 5 | Bathrooms: 4,MEMBER,"Rs 405,000,000",7 days
https://ikman.lk/en/ad/luxury-house-in-baddagana-kotte-facing-to-a-30-feet-wide-road-for-sale-colombo,Luxury House in Baddagana Kotte - Facing to a 30 Feet Wide Road,Bedrooms: 3 | Bathrooms: 3,MEMBER,"Rs 79,000,000",7 days
https://ikman.lk/en/ad/brand-new-mordern-single-storied-house-in-piliyandala-for-sale-colombo,Brand New Mordern Single Storied House in Piliyandala,Bedrooms: 3 | Bathrooms: 3,MEMBER,"Rs 28,500,000",7 days
https://ikman.lk/en/ad/luxury-house-for-sale-from-pelawatta-battaramulla-for-sale-colombo,Luxury House For Sale From Pelawatta Battaramulla,Bedrooms: 3 | Bathrooms: 3,MEMBER,"Rs 37,500,000",7 days
https://ikman.lk/en/ad/brand-new-box-type-modern-luxury-two-storied-house-for-sale-malabe-for-sale-colombo-3,Brand New Box-Type Modern Luxury Two-Storied House for Sale – Malabe,Bedrooms: 4 | Bathrooms: 4,MEMBER,"Rs 47,500,000",7 days
https://ikman.lk/en/ad/3-storey-family-home-modern-living-with-rooftop-terrace-kesbewa-for-sale-colombo,3-Storey Family Home – Modern Living with Rooftop Terrace Kesbewa,Bedrooms: 4 | Bathrooms: 3,MEMBER,"Rs 59,000,000",7 days
https://ikman.lk/en/ad/5-bedrooms-house-for-sale-in-pelawatte-pdh169-for-sale-colombo-10,5 Bedrooms House for Sale in Pelawatte - PDH169,Bedrooms: 5 | Bathrooms: 4,MEMBER,"Rs 150,000,000",7 days
https://ikman.lk/en/ad/modern-2-storey-house-for-sale-polgasowita-kesbewa-for-sale-colombo,"Modern 2-Storey House for Sale – Polgasowita, Kesbewa",Bedrooms: 4 | Bathrooms: 3,MEMBER,"Rs 36,500,000",7 days
https://ikman.lk/en/ad/500m-to-maharagama-brand-new-three-storey-luxury-house-for-salejsiow9i-for-sale-colombo,500m to Maharagama Brand New Three Storey Luxury House for Sale(jsiow9i,Bedrooms: 4 | Bathrooms: 3,MEMBER,"Rs 69,500,000",7 days
https://ikman.lk/en/ad/brand-new-two-storey-luxury-house-for-sale-in-kottawa-for-sale-colombo-1,Brand New Two Storey Luxury House for Sale In Kottawa,Bedrooms: 4 | Bathrooms: 3,MEMBER,"Rs 42,500,000",7 days
https://ikman.lk/en/ad/modern-newly-built-house-for-sale-athurugiriya-kongahawatta-road-for-sale-colombo-1,Modern Newly–Built House for Sale – Athurugiriya (Kongahawatta Road),Bedrooms: 3 | Bathrooms: 1,MEMBER,"Rs 19,500,000",7 days
https://ikman.lk/en/ad/commercial-valued-old-house-3-units-with-annex-nugegoda-junction-for-sale-colombo,Commercial Valued Old House - 3 units With Annex Nugegoda Junction,Bedrooms: 6 | Bathrooms: 4,MEMBER,"Rs 73,000,000",7 days
https://ikman.lk/en/ad/rh596-two-storey-house-for-sale-in-ratmalana-for-sale-colombo-1,(RH596) Two Storey House for Sale in Ratmalana,Bedrooms: 7 | Bathrooms: 3,MEMBER,"Rs 224,000,000",7 days
https://ikman.lk/en/ad/luxury-modern-house-for-sale-nugegoda-mirihana-pagiriwatta-mawatha-for-sale-colombo,"Luxury Modern House for Sale Nugegoda Mirihana, Pagiriwatta Mawatha",Bedrooms: 4 | Bathrooms: 5,,"Rs 105,000,000",7 days
https://ikman.lk/en/ad/dh60-newly-built-two-storey-house-for-sale-in-kahathuduwa-for-sale-colombo-1,(DH60) Newly Built Two Storey House for Sale in Kahathuduwa,Bedrooms: 4 | Bathrooms: 4,MEMBER,"Rs 22,500,000",7 days
https://ikman.lk/en/ad/sh1474-luxury-two-storey-house-for-sale-in-piliyandala-for-sale-colombo-2,(SH1474) Luxury Two Storey House for Sale in Piliyandala,Bedrooms: 3 | Bathrooms: 2,MEMBER,"Rs 42,000,000",7 days
https://ikman.lk/en/ad/sh1424-brand-new-luxury-house-for-sale-in-dehiwala-for-sale-colombo-36,(SH1424) Brand New Luxury House for Sale in Dehiwala,Bedrooms: 3 | Bathrooms: 3,MEMBER,"Rs 89,000,000",7 days
https://ikman.lk/en/ad/sh821-super-luxury-two-storey-house-for-sale-in-battaramulla-for-sale-colombo-14,(SH821) Super Luxury Two Storey House for Sale in Battaramulla,Bedrooms: 4 | Bathrooms: 4,MEMBER,"Rs 95,000,000",7 days
https://ikman.lk/en/ad/paddy-field-facing-luxury-2-story-house-for-sale-in-kottawa-for-sale-colombo-3,Paddy Field Facing Luxury 2 Story House For Sale In Kottawa,Bedrooms: 4 | Bathrooms: 4,MEMBER,"Rs 56,000,000",7 days
https://ikman.lk/en/ad/luxury-brand-new-three-storey-house-for-sale-in-maharagama-temple-for-sale-colombo,LUXURY BRAND NEW THREE STOREY HOUSE FOR SALE IN MAHARAGAMA TEMPLE,Bedrooms: 4 | Bathrooms: 4,MEMBER,"Rs 72,500,000",7 days
https://ikman.lk/en/ad/luxury-2-storey-house-with-rooftop-for-sale-pannipitiya-for-sale-colombo-2,Luxury 2-Storey House with Rooftop for Sale – Pannipitiya,Bedrooms: 5 | Bathrooms: 3,MEMBER,"Rs 48,000,000",7 days
https://ikman.lk/en/ad/brand-new-2-storey-modern-luxury-house-for-sale-kahathuduwa-for-sale-colombo-1,Brand-New 2-Storey Modern Luxury House for Sale – Kahathuduwa,Bedrooms: 4 | Bathrooms: 3,MEMBER,"Rs 36,000,000",7 days
https://ikman.lk/en/ad/two-storey-house-for-sale-in-kotte-for-sale-colombo-3,Two storey house for sale in kotte,Bedrooms: 4 | Bathrooms: 3,,"Rs 42,500,000",7 days
https://ikman.lk/en/ad/house-for-sale-in-thalawathugoda-for-sale-colombo-2653,House for sale in Thalawathugoda,Bedrooms: 3 | Bathrooms: 2,MEMBER,"Rs 24,000,000",7 days
https://ikman.lk/en/ad/house-for-sale-in-boralesgamuva-for-sale-colombo-30,House for sale in Boralesgamuva,Bedrooms: 5 | Bathrooms: 4,MEMBER,"Rs 58,000,000",7 days
https://ikman.lk/en/ad/house-for-sale-in-moratuwa-katubedda-for-sale-colombo,House for sale in Moratuwa ( Katubedda ),Bedrooms: 3 | Bathrooms: 3,MEMBER,"Rs 42,000,000",7 days
https://ikman.lk/en/ad/brand-new-luxury-house-for-sale-battaramulla-for-sale-colombo-111,Brand-New Luxury House for Sale – Battaramulla,Bedrooms: 4 | Bathrooms: 4,MEMBER,"Rs 120,000,000",7 days
https://ikman.lk/en/ad/brand-new-2-storey-house-for-sale-athurugiriya-for-sale-colombo-14,Brand New 2-Storey House for Sale - Athurugiriya,Bedrooms: 4 | Bathrooms: 3,MEMBER,"Rs 34,000,000",7 days
https://ikman.lk/en/ad/architecturally-designed-luxury-3-storey-residence-for-sale-kesbewa-for-sale-colombo,Architecturally Designed Luxury 3-Storey Residence for Sale – Kesbewa,Bedrooms: 3 | Bathrooms: 4,MEMBER,"Rs 43,000,000",7 days
https://ikman.lk/en/ad/super-luxury-2-storey-house-with-rooftop-for-sale-in-boralesgamuwa-for-sale-colombo-1,Super Luxury 2-Storey House with Rooftop – For Sale in Boralesgamuwa,Bedrooms: 4 | Bathrooms: 5,MEMBER,"Rs 109,500,000",7 days
https://ikman.lk/en/ad/house-for-sale-prime-residential-location-arangala-for-sale-colombo-1,"House for Sale – Prime Residential Location, Arangala",Bedrooms: 3 | Bathrooms: 2,MEMBER,"Rs 25,000,000",7 days
https://ikman.lk/en/ad/brand-new-luxury-2-storied-house-for-sale-piliyandala-city-for-sale-colombo-1,Brand-New Luxury 2-Storied House for Sale – Piliyandala City,Bedrooms: 4 | Bathrooms: 4,MEMBER,"Rs 72,500,000",7 days
https://ikman.lk/en/ad/rh661-architect-designed-three-storey-house-for-sale-in-moratuwa-for-sale-colombo,(RH661) Architect Designed Three Storey House for Sale in Moratuwa,Bedrooms: 3 | Bathrooms: 2,MEMBER,"Rs 56,000,000",7 days
https://ikman.lk/en/ad/ah163-two-storey-house-for-sale-in-homagama-for-sale-colombo,(AH163) Two Storey House for Sale in Homagama,Bedrooms: 3 | Bathrooms: 2,MEMBER,"Rs 22,000,000",7 days
https://ikman.lk/en/ad/house-for-sale-in-rajagiriya-c7-10366-for-sale-colombo,House for sale in Rajagiriya (C7-10366),Bedrooms: 2 | Bathrooms: 1,MEMBER,"Rs 47,000,000",7 days
https://ikman.lk/en/ad/5b-house-for-sale-in-beddagana-pitakotte-c7-10362-for-sale-colombo,"5B House for sale in Beddagana, Pitakotte (C7-10362)",Bedrooms: 5 | Bathrooms: 5,MEMBER,"Rs 210,000,000",7 days
https://ikman.lk/en/ad/brand-new-single-house-for-sale-kottawa-road-polgaswovita-for-sale-colombo-1,"Brand New Single House for Sale – Kottawa Road , Polgaswovita",Bedrooms: 3 | Bathrooms: 2,MEMBER,"Rs 20,000,000",7 days
https://ikman.lk/en/ad/luxury-2-storey-house-for-sale-athurugiriya-for-sale-colombo-5,Luxury 2-Storey House for Sale – Athurugiriya,Bedrooms: 4 | Bathrooms: 4,MEMBER,"Rs 47,500,000",7 days
https://ikman.lk/en/ad/modern-brand-new-super-luxury-2-storey-house-for-sale-piliyandala-for-sale-colombo-2,Modern Brand New Super Luxury 2 Storey House for Sale Piliyandala,Bedrooms: 4 | Bathrooms: 4,MEMBER,"Rs 62,500,000",7 days
https://ikman.lk/en/ad/ati-sukhoopbhoogii-nviintm-suvisl-demhl-nivs-vikinniimtt-piliyandala-town-for-sale-colombo-51,අති සුඛෝපභෝගී නවීනතම සුවිසල් දෙමහල් නිවස විකිණීමට Piliyandala Town,Bedrooms: 5 | Bathrooms: 5,MEMBER,"Rs 45,000,000",7 days
https://ikman.lk/en/ad/brand-new-super-house-in-piliyandala-kahathuduwa-for-sale-colombo-1,Brand New Super House in Piliyandala Kahathuduwa,Bedrooms: 3 | Bathrooms: 2,MEMBER,"Rs 21,000,000",7 days
https://ikman.lk/en/ad/brand-new-solid-modern-super-luxury-2-story-house-piliyandala-for-sale-colombo-182,Brand New Solid Modern Super Luxury 2 Story House Piliyandala,Bedrooms: 4 | Bathrooms: 4,MEMBER,"Rs 44,000,000",7 days
https://ikman.lk/en/ad/modern-super-luxury-house-piliyandala-for-sale-colombo-153,Modern super luxury House-piliyandala,Bedrooms: 3 | Bathrooms: 3,MEMBER,"Rs 25,000,000",7 days
https://ikman.lk/en/ad/ati-sukhoopbhoogii-alnkaar-nviintm-nivs-vikinniimtt-piliyandala-for-sale-colombo-713,අති සුඛෝපභෝගී අලංකාර නවීනතම නිවස විකිණීමට piliyandala,Bedrooms: 4 | Bathrooms: 4,MEMBER,"Rs 47,500,000",7 days
https://ikman.lk/en/ad/alnkaar-ati-sukhoopbhoogii-nviintm-suvisl-nivs-piliyandala-for-sale-colombo-2,අලංකාර අති සුඛෝපභෝගී නවීනතම සුවිසල් නිවස piliyandala,Bedrooms: 3 | Bathrooms: 2,MEMBER,"Rs 25,000,000",7 days
https://ikman.lk/en/ad/brand-new-solid-super-luxury-house-piliyandala-for-sale-colombo-191,Brand New solid super luxury House-piliyandala,Bedrooms: 4 | Bathrooms: 3,MEMBER,"Rs 36,500,000",7 days
https://ikman.lk/en/ad/solid-brand-new-modern-super-luxury-2-story-house-piliyandala-for-sale-colombo-148,Solid Brand New Modern super luxury 2 Story House-piliyandala,Bedrooms: 5 | Bathrooms: 4,MEMBER,"Rs 55,000,000",7 days
https://ikman.lk/en/ad/piliyandala-polgsoovitt-sukhoopbhoogii-tni-mhl-nivsk-vikinniimtt-for-sale-colombo,piliyandala පොල්ගස්ඕවිට සුඛෝපභෝගී තනි මහල් නිවසක් විකිණීමට,Bedrooms: 3 | Bathrooms: 2,MEMBER,"Rs 22,500,000",7 days
https://ikman.lk/en/ad/architect-designed-house-for-sale-thalawathugoda-hs112-for-sale-colombo-2,Architect-Designed House for Sale Thalawathugoda [HS112],Bedrooms: 3 | Bathrooms: 2,MEMBER,"Rs 54,000,000",7 days
https://ikman.lk/en/ad/brand-new-3bed-villa-house-for-lease-at-parakumba-mawatha-kolonnawa-for-sale-colombo,BRAND NEW 3BED VILLA HOUSE FOR LEASE AT PARAKUMBA MAWATHA KOLONNAWA,Bedrooms: 3 | Bathrooms: 2,,"Rs 7,500,000",7 days
https://ikman.lk/en/ad/luxury-house-for-sale-in-off-dutugamunu-mw-kohuwala-colombo-6-for-sale-colombo,Luxury House For Sale in Off Dutugamunu Mw Kohuwala Colombo 6,Bedrooms: 4 | Bathrooms: 4,MEMBER,"Rs 150,000,000",7 days
https://ikman.lk/en/ad/brand-new-modern-house-for-sale-thalawathugoda-road-hokandara-for-sale-colombo,Brand-New Modern House for Sale – Thalawathugoda Road Hokandara,Bedrooms: 4 | Bathrooms: 3,MEMBER,"Rs 53,500,000",7 days
https://ikman.lk/en/ad/battaramulla-brand-new-luxury-residence-for-sale-colombo-1,"Battaramulla, Brand New Luxury Residence",Bedrooms: 6 | Bathrooms: 7,MEMBER,"Rs 450,000,000",7 days
https://ikman.lk/en/ad/brand-new-single-storied-house-for-cash-sale-homagama-beruketiya-for-sale-colombo,Brand-New Single Storied House For CASH Sale Homagama Beruketiya,Bedrooms: 3 | Bathrooms: 2,MEMBER,"Rs 18,500,000",7 days
https://ikman.lk/en/ad/house-for-sale-near-itn-battaramulla-for-sale-colombo,House for Sale near ITN Battaramulla,Bedrooms: 4 | Bathrooms: 3,MEMBER,"Rs 54,000,000",7 days
https://ikman.lk/en/ad/brand-new-box-type-modern-luxury-two-storey-house-for-sale-malabe-for-sale-colombo-1,Brand New Box-Type Modern Luxury Two-Storey House for Sale – Malabe,Bedrooms: 4 | Bathrooms: 4,MEMBER,"Rs 62,500,000",8 days
https://ikman.lk/en/ad/brand-new-box-type-modern-luxury-two-storied-house-for-sale-malabe-for-sale-colombo-1,Brand New Box-Type Modern Luxury Two-Storied House for Sale – Malabe,Bedrooms: 4 | Bathrooms: 4,MEMBER,"Rs 59,500,000",8 days
https://ikman.lk/en/ad/brand-new-single-storey-house-for-sale-kesbewa-batuwandara-for-sale-colombo,"Brand-New Single-Storey House for Sale – Kesbewa, Batuwandara",Bedrooms: 3 | Bathrooms: 3,MEMBER,"Rs 28,500,000",8 days
https://ikman.lk/en/ad/brand-new-3-storied-house-for-sale-piliyandala-for-sale-colombo-6,Brand New 3-Storied House for Sale – Piliyandala,Bedrooms: 5 | Bathrooms: 4,MEMBER,"Rs 45,000,000",8 days
https://ikman.lk/en/ad/house-for-sale-in-boralesgamuwa-for-sale-colombo-1304,House for Sale in Boralesgamuwa,Bedrooms: 4 | Bathrooms: 4,MEMBER,"Rs 85,000,000",8 days
https://ikman.lk/en/ad/brand-new-single-storey-house-for-sale-athurugiriya-korathota-for-sale-colombo-1,"Brand-New Single-Storey House for Sale – Athurugiriya, Korathota",Bedrooms: 3 | Bathrooms: 2,MEMBER,"Rs 23,000,000",8 days
https://ikman.lk/en/ad/architect-designed-luxury-residence-for-sale-battaramulla-for-sale-colombo-1,Architect-Designed Luxury Residence for Sale – Battaramulla,Bedrooms: 5 | Bathrooms: 6,MEMBER,"Rs 175,000,000",8 days
https://ikman.lk/en/ad/house-for-sale-moratuwa-for-sale-colombo-648,House for Sale Moratuwa,Bedrooms: 5 | Bathrooms: 3,,"Rs 16,500,000",8 days
https://ikman.lk/en/ad/brand-new-modern-luxury-2-story-house-for-sale-hokandara-for-sale-colombo-1,Brand New Modern Luxury 2-Story House for Sale – Hokandara,Bedrooms: 5 | Bathrooms: 4,MEMBER,"Rs 60,000,000",8 days
https://ikman.lk/en/ad/luxury-2-storey-house-for-sale-athurugiriya-for-sale-colombo-3,Luxury 2-Storey House for Sale – Athurugiriya,Bedrooms: 3 | Bathrooms: 3,MEMBER,"Rs 38,000,000",8 days
https://ikman.lk/en/ad/two-storey-luxury-home-in-prime-battaramulla-for-sale-colombo-1,Two-Storey Luxury Home in Prime Battaramulla,Bedrooms: 3 | Bathrooms: 3,MEMBER,"Rs 68,500,000",8 days
https://ikman.lk/en/ad/talawatugoda-luxury-spacious-house-for-sale-for-sale-colombo,Talawatugoda - Luxury Spacious House for sale,Bedrooms: 6 | Bathrooms: 5,MEMBER,"Rs 100,000,000",8 days
https://ikman.lk/en/ad/boralesgmuwa-brand-new-house-for-sale-for-sale-colombo,Boralesgmuwa - Brand New House For Sale,Bedrooms: 7 | Bathrooms: 6,MEMBER,"Rs 68,000,000",8 days
https://ikman.lk/en/ad/nugegoda-two-houses-for-sale-for-sale-colombo-1,Nugegoda - Two Houses for sale,Bedrooms: 9 | Bathrooms: 5,MEMBER,"Rs 95,000,000",8 days
https://ikman.lk/en/ad/moratuwa-luxury-house-for-sale-for-sale-colombo,Moratuwa - Luxury House for sale,Bedrooms: 5 | Bathrooms: 5,MEMBER,"Rs 70,000,000",8 days
https://ikman.lk/en/ad/talawatugoda-architect-designed-solid-build-house-for-sale-for-sale-colombo,Talawatugoda - Architect Designed Solid Build House for sale,Bedrooms: 3 | Bathrooms: 2,MEMBER,"Rs 54,000,000",8 days
https://ikman.lk/en/ad/04br-luxury-two-story-house-for-sale-in-rajagiriya-for-sale-colombo,04BR Luxury Two Story House For Sale In Rajagiriya,Bedrooms: 4 | Bathrooms: 3,MEMBER,"Rs 77,000,000",8 days
https://ikman.lk/en/ad/homagama-new-house-for-sale-for-sale-colombo,Homagama - New House for sale,Bedrooms: 4 | Bathrooms: 2,MEMBER,"Rs 57,500,000",8 days
https://ikman.lk/en/ad/alutm-nviin-pnnyee-demhl-nivsk-vikinniimtt-piliyndl-for-sale-colombo,අලුත්ම නවීන පන්නයේ දෙමහල් නිවසක් විකිණීමට පිලියන්දල,Bedrooms: 4 | Bathrooms: 2,MEMBER,"Rs 34,500,000",8 days
https://ikman.lk/en/ad/prcs-95-k-idivuu-alutm-demhl-nivsk-vikinniimtt-polgsoovitt-for-sale-colombo,පර්චස් 9.5 ක ඉදිවූ අලුත්ම දෙමහල් නිවසක් විකිණීමට පොල්ගස්ඕවිට,Bedrooms: 4 | Bathrooms: 3,MEMBER,"Rs 36,000,000",8 days
https://ikman.lk/en/ad/new-single-storey-solid-house-for-sale-in-piliyandala-jaburaliya-for-sale-colombo,New Single Storey Solid House For Sale In Piliyandala Jaburaliya,Bedrooms: 3 | Bathrooms: 3,MEMBER,"Rs 26,000,000",8 days
https://ikman.lk/en/ad/nawala-prime-location-house-for-sale-for-sale-colombo,Nawala Prime Location House for Sale,Bedrooms: 6 | Bathrooms: 5,MEMBER,"Rs 110,000,000",8 days
https://ikman.lk/en/ad/kottawa-house-for-sale-for-sale-colombo-152,Kottawa House for Sale,Bedrooms: 2 | Bathrooms: 1,,"Rs 25,000,000",8 days
https://ikman.lk/en/ad/2st-luxury-house-for-sale-in-piliyandala-for-sale-colombo,2st luxury house for sale in piliyandala,Bedrooms: 4 | Bathrooms: 3,MEMBER,"Rs 33,500,000",8 days
https://ikman.lk/en/ad/beautiful-house-for-sale-pannipitiya-for-sale-colombo-29,Beautiful House for Sale Pannipitiya,Bedrooms: 5 | Bathrooms: 3,MEMBER,"Rs 65,000,000",8 days
https://ikman.lk/en/ad/two-storied-spacious-house-with-annex-close-to-thalawathugoda-junction-for-sale-colombo,Two Storied Spacious House with Annex Close to Thalawathugoda Junction,Bedrooms: 5 | Bathrooms: 4,MEMBER,"Rs 85,000,000",8 days
https://ikman.lk/en/ad/prestigious-house-for-sale-nugegoda-vijerama-for-sale-colombo-1,Prestigious House for Sale Nugegoda Vijerama,Bedrooms: 6 | Bathrooms: 4,MEMBER,"Rs 65,000,000",8 days
https://ikman.lk/en/ad/valuable-single-story-house-for-sale-homagama-for-sale-colombo-1,Valuable Single Story House for Sale Homagama,Bedrooms: 3 | Bathrooms: 1,MEMBER,"Rs 11,500,000",8 days
https://ikman.lk/en/ad/top-house-for-sale-dehiwala-for-sale-colombo-26,Top House for Sale Dehiwala,Bedrooms: 3 | Bathrooms: 2,MEMBER,"Rs 42,000,000",8 days
https://ikman.lk/en/ad/structure-completed-3-story-house-for-sale-boralasgamuwa-for-sale-colombo-1,Structure Completed 3 Story House for Sale Boralasgamuwa,Bedrooms: 4 | Bathrooms: 3,MEMBER,"Rs 25,500,000",8 days
https://ikman.lk/en/ad/house-for-sale-piliyandala-for-sale-colombo-3596,House for Sale Piliyandala,Bedrooms: 3 | Bathrooms: 2,MEMBER,"Rs 19,500,000",8 days
https://ikman.lk/en/ad/modern-house-for-sale-pannipitiya-for-sale-colombo-11,Modern House for sale Pannipitiya,Bedrooms: 4 | Bathrooms: 3,MEMBER,"Rs 85,000,000",8 days
https://ikman.lk/en/ad/2-unit-house-for-sale-in-mount-lavinia-sa-4147-for-sale-colombo,2 Unit House For Sale In Mount Lavinia (SA-4147),Bedrooms: 6 | Bathrooms: 5,,"Rs 75,000,000",8 days
https://ikman.lk/en/ad/luxury-house-for-sale-in-negombo-mellawagedara-y-05-for-sale-colombo,Luxury House for Sale in Negombo Mellawagedara Y 05,Bedrooms: 3 | Bathrooms: 2,MEMBER,"Rs 27,500,000",8 days
https://ikman.lk/en/ad/sds-436luxury-two-storey-house-with-furniture-sale-in-thalawathugoda-for-sale-colombo,(SDS - 436)Luxury Two Storey House With Furniture Sale in Thalawathugoda,Bedrooms: 4 | Bathrooms: 4,MEMBER,"Rs 125,000,000",8 days
https://ikman.lk/en/ad/brand-new-2-storied-modern-house-for-sale-malabe-for-sale-colombo,Brand New 2 Storied Modern House for Sale Malabe,Bedrooms: 4 | Bathrooms: 3,MEMBER,"Rs 53,500,000",8 days
https://ikman.lk/en/ad/luxury-4-bedroom-house-for-sale-at-old-kesbewa-road-nugegoda-em210rn-for-sale-colombo-1,"Luxury 4 Bedroom House for Sale at Old Kesbewa Road, Nugegoda (EM210RN)",Bedrooms: 4 | Bathrooms: 3,MEMBER,"Rs 88,000,000",8 days
https://ikman.lk/en/ad/single-story-high-roof-house-for-sale-in-athurugiriya-for-sale-colombo,Single Story High Roof House for Sale in Athurugiriya,Bedrooms: 2 | Bathrooms: 2,MEMBER,"Rs 29,500,000",8 days
https://ikman.lk/en/ad/aturugiriyen-alutm-demhl-nivsk-vikinniimtt-for-sale-colombo,අතුරුගිරියෙන් අලුත්ම දෙමහල් නිවසක් විකිණීමට,Bedrooms: 3 | Bathrooms: 3,MEMBER,"Rs 33,000,000",8 days
https://ikman.lk/en/ad/luxury-2-storey-house-with-rooftop-for-sale-pannipitiya-for-sale-colombo-1,Luxury 2-Storey House with Rooftop for Sale – Pannipitiya,Bedrooms: 5 | Bathrooms: 3,MEMBER,"Rs 48,000,000",8 days
https://ikman.lk/en/ad/brand-new-house-sale-malabe-for-sale-colombo-77,Brand New House Sale Malabe,Bedrooms: 4 | Bathrooms: 3,MEMBER,"Rs 59,500,000",8 days
https://ikman.lk/en/ad/two-storey-luxury-home-at-gorakapitiya-pannipitiya-for-sale-colombo,"Two Storey Luxury Home at Gorakapitiya, Pannipitiya",Bedrooms: 4 | Bathrooms: 3,MEMBER,"Rs 42,500,000",8 days
https://ikman.lk/en/ad/modern-designed-luxury-home-with-rooftop-terrace-malabe-for-sale-colombo-2,Modern Designed Luxury Home with Rooftop Terrace – Malabe,Bedrooms: 5 | Bathrooms: 3,MEMBER,"Rs 71,000,000",8 days
https://ikman.lk/en/ad/brand-new-2-storied-modern-luxury-house-piliyandala-for-sale-colombo,Brand New 2 Storied Modern Luxury House Piliyandala,Bedrooms: 4 | Bathrooms: 3,MEMBER,"Rs 39,000,000",8 days
https://ikman.lk/en/ad/house-for-sale-in-thalawathugoda-for-sale-colombo-2651,House for sale in Thalawathugoda,Bedrooms: 4 | Bathrooms: 3,MEMBER,"Rs 75,000,000",8 days
https://ikman.lk/en/ad/house-for-sale-in-rathmalana-for-sale-colombo-554,House for sale in Rathmalana,Bedrooms: 2 | Bathrooms: 1,MEMBER,"Rs 37,000,000",8 days
https://ikman.lk/en/ad/house-for-sale-in-malabe-for-sale-colombo-3833,House for sale in Malabe,Bedrooms: 4 | Bathrooms: 4,MEMBER,"Rs 42,000,000",8 days
https://ikman.lk/en/ad/brand-new-2-storied-modern-luxury-house-for-sale-polgasowita-for-sale-colombo,Brand New 2 Storied Modern Luxury House for Sale Polgasowita,Bedrooms: 4 | Bathrooms: 3,MEMBER,"Rs 36,000,000",8 days
https://ikman.lk/en/ad/house-for-sale-in-rajagiriya-for-sale-colombo-1272,House For Sale in Rajagiriya,Bedrooms: 4 | Bathrooms: 4,MEMBER,"Rs 135,000,000",8 days
https://ikman.lk/en/ad/house-for-sale-colombo-6-for-sale-colombo-37,House for Sale Colombo 6,Bedrooms: 1 | Bathrooms: 1,,"Rs 6,000,000",8 days
https://ikman.lk/en/ad/17-p-overlooking-parliament-house-for-sale-in-palawatta-battaramulla-for-sale-colombo-6,17 P Overlooking Parliament - House For Sale In Palawatta Battaramulla,Bedrooms: 4 | Bathrooms: 3,MEMBER,"Rs 95,000,000",8 days
https://ikman.lk/en/ad/brand-new-house-for-sale-in-piliyandala-kesbewa-for-sale-colombo-11,Brand New House for sale in Piliyandala Kesbewa,Bedrooms: 4 | Bathrooms: 3,MEMBER,"Rs 44,000,000",8 days
https://ikman.lk/en/ad/16-perch-2-storey-house-for-sale-in-wattegedara-maharagama-pccc-a1-for-sale-colombo-1,"16 Perch 2 Storey House for Sale in Wattegedara , Maharagama PCCC – A1",Bedrooms: 3 | Bathrooms: 3,MEMBER,"Rs 67,500,000",8 days
https://ikman.lk/en/ad/single-storey-house-for-sale-in-wellampitiya-for-sale-colombo-859,Single Storey House for Sale in Wellampitiya,Bedrooms: 3 | Bathrooms: 2,MEMBER,"Rs 15,500,000",8 days
https://ikman.lk/en/ad/two-storied-house-for-sale-colombo-5-swarna-road-ja2534-for-sale-colombo,TWO STORIED HOUSE FOR SALE COLOMBO 5 SWARNA ROAD JA2534,Bedrooms: 5 | Bathrooms: 4,MEMBER,"Rs 72,500,000",8 days
https://ikman.lk/en/ad/2-storied-house-for-sale-colombo-5-havelock-city-near-ja2533-for-sale-colombo,2 STORIED HOUSE FOR SALE COLOMBO 5 HAVELOCK CITY NEAR JA2533,Bedrooms: 5 | Bathrooms: 4,MEMBER,"Rs 72,500,000",8 days
https://ikman.lk/en/ad/house-for-sale-in-pelawatta-for-sale-colombo-173,House for Sale in Pelawatta,Bedrooms: 5 | Bathrooms: 6,MEMBER,"Rs 350,000,000",8 days
https://ikman.lk/en/ad/12-perch-2-storey-brand-new-house-for-sale-in-kesbewa-pccc-a1-for-sale-colombo,12 Perch 2 Storey Brand New House for Sale in Kesbewa PCCC – A1,Bedrooms: 4 | Bathrooms: 2,MEMBER,"Rs 32,500,000",8 days
https://ikman.lk/en/ad/15-perch-2-storey-house-for-sale-in-maharagama-pccc-a3-for-sale-colombo,15 Perch 2 Storey House for Sale in Maharagama PCCC – A3,Bedrooms: 4 | Bathrooms: 3,MEMBER,"Rs 57,500,000",8 days
https://ikman.lk/en/ad/house-for-sale-in-rathmalana-for-sale-colombo-550,House for sale in Rathmalana,Bedrooms: 2 | Bathrooms: 2,MEMBER,"Rs 28,000,000",8 days
https://ikman.lk/en/ad/house-for-sale-in-rathmalana-for-sale-colombo-553,House for sale in Rathmalana,Bedrooms: 5 | Bathrooms: 2,MEMBER,"Rs 95,000,000",8 days
https://ikman.lk/en/ad/house-for-sale-in-battaramulla-for-sale-colombo-1719,House for sale in Battaramulla,Bedrooms: 6 | Bathrooms: 4,MEMBER,"Rs 52,000,000",8 days
https://ikman.lk/en/ad/brand-new-modern-single-storey-house-for-sale-athuurgiriya-for-sale-colombo,Brand New Modern Single Storey House For Sale Athuurgiriya,Bedrooms: 3 | Bathrooms: 2,MEMBER,"Rs 19,850,000",8 days
https://ikman.lk/en/ad/super-luxury-house-for-sale-in-battaramulla-ds12103-for-sale-colombo,super luxury house for sale in battaramulla Ds12103,Bedrooms: 4 | Bathrooms: 3,MEMBER,"Rs 120,000,000",8 days
https://ikman.lk/en/ad/house-for-sale-in-kotte-for-sale-colombo-698,House for Sale in Kotte,Bedrooms: 4 | Bathrooms: 3,MEMBER,"Rs 80,000,000",8 days
https://ikman.lk/en/ad/4-bedroom-home-close-to-cinec-and-horizon-malabe-for-sale-colombo,4-Bedroom Home Close to CINEC & Horizon – Malabe,Bedrooms: 4 | Bathrooms: 2,,"Rs 26,500,000",8 days
https://ikman.lk/en/ad/fully-furnished-luxury-house-for-sale-dehiwala-2788-for-sale-colombo,FULLY FURNISHED LUXURY HOUSE FOR SALE DEHIWALA 2788,Bedrooms: 5 | Bathrooms: 3,MEMBER,"Rs 95,000,000",8 days
https://ikman.lk/en/ad/b-new-super-luxury-villa-for-sale-in-canterbury-golf-resort-piliyandala-for-sale-colombo-25,B/new Super Luxury Villa For Sale In Canterbury Golf Resort Piliyandala,Bedrooms: 3 | Bathrooms: 3,MEMBER,"Rs 47,500,000",8 days
https://ikman.lk/en/ad/luxury-house-for-sale-in-malabe-for-sale-colombo-556,Luxury House for Sale in Malabe,Bedrooms: 4 | Bathrooms: 3,MEMBER,"Rs 44,000,000",8 days
https://ikman.lk/en/ad/elegance-house-for-sale-borelesgamuwa-for-sale-colombo-1,Elegance House for Sale Borelesgamuwa,Bedrooms: 3 | Bathrooms: 3,MEMBER,"Rs 47,000,000",8 days
https://ikman.lk/en/ad/prime-23-perch-land-with-old-house-himbutana-for-sale-colombo,PRIME 23-PERCH LAND WITH OLD HOUSE – HIMBUTANA,Bedrooms: 3 | Bathrooms: 1,,"Rs 35,000,000",8 days
https://ikman.lk/en/ad/house-for-sale-in-akuregoda-road-battaramulla-for-sale-colombo-10,"House For Sale in Akuregoda Road, Battaramulla",Bedrooms: 2 | Bathrooms: 2,MEMBER,"Rs 46,000,000",8 days
https://ikman.lk/en/ad/nugegoda-jambugasmulla-road-two-story-house-for-sale-for-sale-colombo-2,Nugegoda Jambugasmulla Road Two Story House For sale,Bedrooms: 3 | Bathrooms: 2,MEMBER,"Rs 50,000,000",8 days
https://ikman.lk/en/ad/super-luxury-3-storey-house-for-sale-in-thalawathugoda-for-sale-colombo-10,Super Luxury 3 Storey House For Sale In Thalawathugoda,Bedrooms: 5 | Bathrooms: 5,MEMBER,"Rs 100,000,000",8 days
https://ikman.lk/en/ad/brand-new-house-for-sale-piliyandala-for-sale-colombo-933,Brand New House for Sale Piliyandala,Bedrooms: 3 | Bathrooms: 2,MEMBER,"Rs 25,000,000",8 days
https://ikman.lk/en/ad/two-story-luxury-house-for-sale-piliyandala-polgasowita-for-sale-colombo-3,Two Story luxury House for sale Piliyandala Polgasowita,Bedrooms: 4 | Bathrooms: 2,MEMBER,"Rs 33,000,000",8 days
https://ikman.lk/en/ad/house-for-sale-borupana-ratmalana-for-sale-colombo-1,"House for Sale – Borupana, Ratmalana",Bedrooms: 3 | Bathrooms: 2,,"Rs 28,000,000",8 days
https://ikman.lk/en/ad/4-br-luxury-house-for-sale-in-pelawatta-pdh168-for-sale-colombo-10,4 BR Luxury House For Sale in Pelawatta - PDH168,Bedrooms: 4 | Bathrooms: 4,MEMBER,"Rs 75,000,000",8 days
https://ikman.lk/en/ad/brand-new-beautiful-modern-house-for-sale-in-piliyandala-for-sale-colombo-1,Brand New Beautiful Modern House for Sale in Piliyandala,Bedrooms: 5 | Bathrooms: 3,MEMBER,"Rs 44,000,000",8 days
https://ikman.lk/en/ad/house-for-sale-in-maharagama-tha-73h-for-sale-colombo,House For Sale In Maharagama THA 73H,Bedrooms: 4 | Bathrooms: 3,MEMBER,"Rs 75,000,000",8 days
https://ikman.lk/en/ad/two-story-house-for-sale-with-3rd-floor-slab-for-sale-colombo-1,Two Story House for Sale with 3rd Floor Slab,Bedrooms: 3 | Bathrooms: 2,,"Rs 21,000,000",8 days
https://ikman.lk/en/ad/brand-new-house-for-sale-in-kesbewa-for-sale-colombo-154,Brand New House for Sale in Kesbewa,Bedrooms: 4 | Bathrooms: 3,MEMBER,"Rs 33,500,000",8 days
https://ikman.lk/en/ad/brand-new-luxury-two-storey-house-for-sale-in-piliyandala-for-sale-colombo-3,Brand New Luxury Two Storey House for Sale in Piliyandala,Bedrooms: 4 | Bathrooms: 3,MEMBER,"Rs 33,500,000",8 days
https://ikman.lk/en/ad/pita-kotte-architecture-designed-super-luxury-house-for-sale-for-sale-colombo-8,Pita Kotte Architecture Designed Super Luxury House For Sale,Bedrooms: 5 | Bathrooms: 5,MEMBER,"Rs 220,000,000",8 days
https://ikman.lk/en/ad/brand-new-house-for-sale-in-boralesgamuwa-bokundara-for-sale-colombo-1,Brand new House for Sale in Boralesgamuwa Bokundara,Bedrooms: 4 | Bathrooms: 3,MEMBER,"Rs 58,000,000",8 days
https://ikman.lk/en/ad/spacious-7-bedroom-two-storey-house-for-sale-nugegoda-for-sale-colombo,Spacious 7-Bedroom Two-Storey House for Sale – Nugegoda,Bedrooms: 7 | Bathrooms: 4,MEMBER,"Rs 85,000,000",8 days
https://ikman.lk/en/ad/battaramulla-koswaththa-super-luxury-brand-new-house-for-sale-for-sale-colombo-7,Battaramulla Koswaththa Super Luxury Brand New House For Sale,Bedrooms: 5 | Bathrooms: 3,MEMBER,"Rs 160,000,000",8 days
https://ikman.lk/en/ad/valuable-single-story-house-for-sale-dehiwala-for-sale-colombo-1,Valuable Single Story House for Sale Dehiwala,Bedrooms: 3 | Bathrooms: 2,MEMBER,"Rs 27,500,000",8 days
https://ikman.lk/en/ad/luxury-furnished-house-for-sale-lake-road-battaramulla-for-sale-colombo-1,"Luxury Furnished House for Sale – Lake Road, Battaramulla",Bedrooms: 3 | Bathrooms: 3,MEMBER,"Rs 93,000,000",8 days
https://ikman.lk/en/ad/house-for-sale-in-colombo-14-file-no-136e-for-sale-colombo-2,House for Sale in Colombo 14 (File NO 136E),Bedrooms: 8 | Bathrooms: 3,MEMBER,"Rs 28,000,000",8 days
https://ikman.lk/en/ad/battaramulla-5-br-luxury-house-for-sale-for-sale-colombo-16,Battaramulla 5 BR Luxury House For Sale,Bedrooms: 5 | Bathrooms: 5,MEMBER,"Rs 105,000,000",8 days
https://ikman.lk/en/ad/brand-new-house-for-sale-in-pannipitiya-moraketiya-for-sale-colombo-4,Brand New House For Sale in Pannipitiya Moraketiya,Bedrooms: 5 | Bathrooms: 3,MEMBER,"Rs 45,000,000",8 days
https://ikman.lk/en/ad/house-for-sale-in-borupana-rathmalana-for-sale-colombo,House for sale in borupana rathmalana,Bedrooms: 4 | Bathrooms: 4,,"Rs 45,000,000",8 days
https://ikman.lk/en/ad/house-for-sale-in-colombo-15-for-sale-colombo-407,House for Sale in Colombo 15,Bedrooms: 3 | Bathrooms: 2,MEMBER,"Rs 60,000,000",8 days
https://ikman.lk/en/ad/modern-luxury-home-with-rooftop-terrace-malabe-for-sale-colombo,Modern Luxury Home with Rooftop Terrace – Malabe,Bedrooms: 5 | Bathrooms: 3,MEMBER,"Rs 71,000,000",8 days
https://ikman.lk/en/ad/fully-furnished-house-sale-in-kosgama-for-sale-colombo,Fully Furnished House sale in kosgama,Bedrooms: 4 | Bathrooms: 2,MEMBER,"Rs 42,000,000",8 days
https://ikman.lk/en/ad/super-house-for-sale-in-boralasgamuwa-for-sale-colombo,super house for sale in boralasgamuwa,Bedrooms: 4 | Bathrooms: 3,MEMBER,"Rs 109,000,000",8 days
https://ikman.lk/en/ad/two-storey-5-bedrooms-house-for-sale-in-piliyandala-kesbewa-for-sale-colombo-12,Two Storey 5 Bedrooms House for Sale in Piliyandala Kesbewa,Bedrooms: 5 | Bathrooms: 4,MEMBER,"Rs 39,500,000",8 days
https://ikman.lk/en/ad/with-pool-piliyandala-town-super-quality-mordern-3-storied-house-for-sale-colombo,With Pool - Piliyandala Town Super Quality Mordern 3 Storied House,Bedrooms: 4 | Bathrooms: 4,MEMBER,"Rs 65,000,000",8 days
https://ikman.lk/en/ad/uncommon-mordern-single-storied-house-in-kahatuduwa-for-sale-colombo,Uncommon Mordern Single Storied House in Kahatuduwa,Bedrooms: 3 | Bathrooms: 2,MEMBER,"Rs 24,500,000",8 days
https://ikman.lk/en/ad/modern-architecture-design-single-storey-house-for-sale-in-kahathuduwa-for-sale-colombo,Modern Architecture Design Single Storey House For Sale In Kahathuduwa,Bedrooms: 3 | Bathrooms: 2,MEMBER,"Rs 26,000,000",8 days
https://ikman.lk/en/ad/bttuvndr-pihitti-nviin-pnnyee-alutm-tnimhl-nivs-ikmnin-vikiniimtt-for-sale-colombo,බටුවන්දර පිහිටි නවීන පන්නයේ අලුත්ම තනිමහල් නිවස ඉක්මනින් විකිනීමට -,Bedrooms: 3 | Bathrooms: 3,MEMBER,"Rs 28,500,000",8 days
https://ikman.lk/en/ad/prcs-168-k-alnkaar-tnimhl-nivs-vikiniimtt-mttegodd-for-sale-colombo-1,පර්චස් 16.8 ක අලංකාර තනිමහල් නිවස විකිනීමට - මත්තෙගොඩ,Bedrooms: 5 | Bathrooms: 2,MEMBER,"Rs 37,500,000",8 days
https://ikman.lk/en/ad/13-perches-super-quality-mordern-3-storied-house-in-mattegoda-for-sale-colombo,13 Perches - Super Quality Mordern 3 Storied House in Mattegoda,Bedrooms: 4 | Bathrooms: 3,MEMBER,"Rs 45,000,000",8 days
https://ikman.lk/en/ad/prcs-15-k-sukoopboogii-alutm-temhl-nivs-vikiniimtt-kaesbaaev-for-sale-colombo,පර්චස් 15 ක සුකෝපබෝගී අලුත්ම තෙමහල් නිවස විකිනීමට - කැස්බෑව,Bedrooms: 5 | Bathrooms: 4,MEMBER,"Rs 45,000,000",8 days
https://ikman.lk/en/ad/facing-main-road-175-perches-two-storied-house-in-walpola-for-sale-colombo,Facing Main Road / 17.5 Perches Two Storied House in Walpola,Bedrooms: 4 | Bathrooms: 2,MEMBER,"Rs 59,000,000",8 days
https://ikman.lk/en/ad/72p-land-and-house-for-sale-in-lowlevel-road-artigala-junction-for-sale-colombo,72P Land And House for sale in Lowlevel Road Artigala junction,Bedrooms: 3 | Bathrooms: 1,,"Rs 14,500,000",8 days
https://ikman.lk/en/ad/for-sale-prime-house-in-colombo-05-park-road-for-sale-colombo-3,For Sale | Prime House in Colombo 05 – Park Road,Bedrooms: 4 | Bathrooms: 3,MEMBER,"Rs 115,000,000",8 days
https://ikman.lk/en/ad/two-storey-house-for-sale-in-wellampitiya-for-sale-colombo-1064,Two Storey House for Sale in Wellampitiya,Bedrooms: 5 | Bathrooms: 2,MEMBER,"Rs 32,000,000",8 days
https://ikman.lk/en/ad/luxury-two-storey-house-for-sale-in-malabe-pdh165-for-sale-colombo-2,🏡 Luxury Two-Storey House For Sale In Malabe - PDH165,Bedrooms: 4 | Bathrooms: 5,MEMBER,"Rs 72,000,000",8 days
https://ikman.lk/en/ad/brand-new-luxury-2-storey-house-for-sale-piliyandala-kesbawa-for-sale-colombo-1,brand New Luxury 2-Storey House for Sale – Piliyandala Kesbawa,Bedrooms: 4 | Bathrooms: 3,MEMBER,"Rs 33,500,000",8 days
https://ikman.lk/en/ad/three-storey-house-for-sale-in-wellampitiya-for-sale-colombo-123,Three-Storey House for Sale in Wellampitiya,Bedrooms: 3 | Bathrooms: 4,MEMBER,"Rs 25,000,000",8 days
https://ikman.lk/en/ad/four-bedrooms-house-for-sale-in-malabe-jothipala-mawatha-for-sale-colombo,"Four Bedrooms House for Sale in Malabe, Jothipala Mawatha",Bedrooms: 4 | Bathrooms: 3,MEMBER,"Rs 35,000,000",8 days
https://ikman.lk/en/ad/nugegoda-award-winning-architect-designed-luxury-house-for-sale-for-sale-colombo-22,Nugegoda Award-Winning Architect Designed Luxury House for Sale,Bedrooms: 4 | Bathrooms: 3,MEMBER,"Rs 160,000,000",8 days
https://ikman.lk/en/ad/piliyndltt-aasnnv-iddmk-vikinniimtt-aet-piliyandala-for-sale-colombo-2,පිලියන්දලට ආසන්නව ඉඩමක් විකිණීමට ඇත - Piliyandala,Bedrooms: 3 | Bathrooms: 1,MEMBER,"Rs 17,000,000",8 days
https://ikman.lk/en/ad/two-storey-house-for-sale-in-wellampitiya-for-sale-colombo-1063,Two Storey House for Sale in Wellampitiya,Bedrooms: 4 | Bathrooms: 1,MEMBER,"Rs 30,000,000",8 days
https://ikman.lk/en/ad/prime-land-with-house-for-sale-in-kottawa-for-sale-colombo,Prime Land with House for Sale in Kottawa,Bedrooms: 3 | Bathrooms: 1,MEMBER,"Rs 13,000,000",8 days
https://ikman.lk/en/ad/luxury-house-for-sale-in-hokandara-for-sale-colombo-87,Luxury House for Sale in Hokandara,Bedrooms: 5 | Bathrooms: 4,MEMBER,"Rs 55,000,000",8 days
https://ikman.lk/en/ad/three-storey-house-for-sale-in-wellampitiya-for-sale-colombo-122,Three-Storey House for Sale in Wellampitiya,Bedrooms: 5 | Bathrooms: 4,MEMBER,"Rs 33,000,000",8 days
https://ikman.lk/en/ad/5-br-battaramulla-thalahena-luxury-house-for-sale-for-sale-colombo,5 BR Battaramulla Thalahena Luxury House For Sale,Bedrooms: 5 | Bathrooms: 3,MEMBER,"Rs 71,000,000",8 days
https://ikman.lk/en/ad/thalawathugoda-luxury-house-for-sale-for-sale-colombo-73,thalawathugoda luxury house for sale,Bedrooms: 4 | Bathrooms: 3,MEMBER,"Rs 53,500,008",8 days
https://ikman.lk/en/ad/06-perches-unfurnished-house-for-sale-hl53435-for-sale-colombo-3,06 Perches - Unfurnished House for Sale HL53435,Bedrooms: 7 | Bathrooms: 4,MEMBER,"Rs 120,000,000",8 days
https://ikman.lk/en/ad/13-perches-house-for-sale-hl33877-hokandara-for-sale-colombo,13 Perches - House for Sale HL33877 Hokandara,Bedrooms: 3 | Bathrooms: 4,MEMBER,"Rs 200,000,000",8 days
https://ikman.lk/en/ad/newly-luxury-house-for-sale-in-battaramulla-for-sale-colombo,Newly Luxury House for Sale in Battaramulla,Bedrooms: 6 | Bathrooms: 6,MEMBER,"Rs 450,000,000",8 days
https://ikman.lk/en/ad/rajagirya-gated-community-highly-residental-location-house-for-sale-for-sale-colombo-21,Rajagirya Gated Community Highly Residental Location House For Sale,Bedrooms: 4 | Bathrooms: 3,MEMBER,"Rs 93,000,000",8 days
https://ikman.lk/en/ad/luxury-house-for-sale-in-nugegoda-for-sale-colombo-597,Luxury House for Sale in Nugegoda,Bedrooms: 4 | Bathrooms: 3,MEMBER,"Rs 77,500,000",8 days
https://ikman.lk/en/ad/house-for-sale-in-battaramulla-for-sale-colombo-1717,House for Sale in Battaramulla,Bedrooms: 3 | Bathrooms: 2,MEMBER,"Rs 29,000,000",8 days
https://ikman.lk/en/ad/brand-new-super-luxury-house-for-sale-in-kotte-for-sale-colombo-1,Brand New Super Luxury House for Sale in Kotte,Bedrooms: 5 | Bathrooms: 5,MEMBER,"Rs 220,000,000",8 days
https://ikman.lk/en/ad/with-fully-furnitured-luxury-house-for-sale-in-battaramulla-for-sale-colombo,with fully furnitured luxury house for sale in Battaramulla,Bedrooms: 4 | Bathrooms: 4,MEMBER,"Rs 255,000,000",8 days
https://ikman.lk/en/ad/luxury-house-for-sale-in-rathmalana-for-sale-colombo-6,luxury house for sale in Rathmalana,Bedrooms: 4 | Bathrooms: 4,MEMBER,"Rs 87,000,000",8 days
https://ikman.lk/en/ad/mount-lavinia-5-br-brand-new-house-for-sale-for-sale-colombo-2,Mount Lavinia 5 BR Brand New House for Sale,Bedrooms: 5 | Bathrooms: 6,MEMBER,"Rs 85,000,000",8 days
https://ikman.lk/en/ad/1625-perches-house-for-sale-hl48046-kalubowila-for-sale-colombo-1,16.25 Perches - House for Sale HL48046 Kalubowila,Bedrooms: 6 | Bathrooms: 5,MEMBER,"Rs 165,000,000",8 days
https://ikman.lk/en/ad/35-perches-house-for-sale-hl49519-nawala-for-sale-colombo-2,35 Perches House for Sale - HL49519 Nawala,Bedrooms: 4 | Bathrooms: 3,MEMBER,"Rs 250,000,000",8 days
https://ikman.lk/en/ad/house-for-sale-padukka-new-for-sale-colombo-1,House for Sale Padukka - New,Bedrooms: 3 | Bathrooms: 2,,"Rs 14,500,000",8 days
https://ikman.lk/en/ad/house-for-sale-in-homagama-for-sale-colombo-2809,House For Sale in Homagama,Bedrooms: 3 | Bathrooms: 1,,"Rs 11,000,000",8 days
https://ikman.lk/en/ad/4-bedrooms-house-for-sale-in-thalawathugoda-pdh106-for-sale-colombo-11,4 Bedrooms House For Sale in Thalawathugoda - PDH106,Bedrooms: 4 | Bathrooms: 3,MEMBER,"Rs 70,000,000",8 days
https://ikman.lk/en/ad/3-storey-house-for-sale-in-malabe-hs4825-for-sale-colombo,3-Storey House for Sale in Malabe (HS4825),Bedrooms: 6 | Bathrooms: 3,MEMBER,"Rs 65,000,000",8 days
https://ikman.lk/en/ad/single-story-brand-new-luxury-house-for-sale-in-piliyandala-for-sale-colombo-8,Single Story Brand New Luxury House for Sale in Piliyandala,Bedrooms: 4 | Bathrooms: 3,MEMBER,"Rs 36,500,000",8 days
https://ikman.lk/en/ad/single-story-brand-new-house-for-sale-in-piliyandala-for-sale-colombo-34,Single Story Brand New House for Sale in Piliyandala,Bedrooms: 3 | Bathrooms: 2,MEMBER,"Rs 25,000,000",8 days
https://ikman.lk/en/ad/apartment-for-sale-milan-square-colombo-06-pda153-for-sale-colombo-1,"🏢 Apartment for Sale – Milan Square, Colombo 06 - PDA153",Bedrooms: 2 | Bathrooms: 2,MEMBER,"Rs 31,000,000",8 days
https://ikman.lk/en/ad/two-story-house-for-sale-in-angoda-for-sale-colombo-126,Two Story House for Sale in Angoda,Bedrooms: 5 | Bathrooms: 2,MEMBER,"Rs 37,500,000",8 days
https://ikman.lk/en/ad/kaebli-kr-vikinnuu-ihl-neevaasik-prisrykin-nivsk-vikinniimtt-aet-piliyandala-for-sale-colombo-1,කැබලි කර විකිණූ ඉහල නේවාසික පරිසරයකින් නිවසක් විකිණීමට ඇත - Piliyandala,Bedrooms: 3 | Bathrooms: 2,MEMBER,"Rs 23,500,000",8 days
https://ikman.lk/en/ad/luxury-brand-new-house-for-sale-in-hokandara-town-for-sale-colombo-1,Luxury Brand-New House for Sale in Hokandara town,Bedrooms: 4 | Bathrooms: 3,MEMBER,"Rs 53,000,000",8 days
https://ikman.lk/en/ad/brand-new-super-luxury-house-for-sale-in-piliyandala-for-sale-colombo-222,Brand New Super Luxury House for Sale in Piliyandala,Bedrooms: 4 | Bathrooms: 2,MEMBER,"Rs 35,000,000",8 days
https://ikman.lk/en/ad/two-story-house-for-sale-in-gothatuwa-for-sale-colombo-292,Two Story House for Sale in Gothatuwa,Bedrooms: 3 | Bathrooms: 5,MEMBER,"Rs 22,000,000",8 days
https://ikman.lk/en/ad/3-bedroom-house-athurugiriya-for-sale-colombo,3 Bedroom House – Athurugiriya,Bedrooms: 3 | Bathrooms: 2,MEMBER,"Rs 27,000,000",8 days
https://ikman.lk/en/ad/super-luxury-brand-new-house-for-sale-in-boralesgamuwa-for-sale-colombo-2,Super Luxury Brand New House for Sale in Boralesgamuwa,Bedrooms: 4 | Bathrooms: 5,MEMBER,"Rs 109,000,000",8 days
https://ikman.lk/en/ad/glkiss-ngraasnnyee-pihitti-demhl-nivsk-vikinniimtt-aet-id-mou003s-for-sale-colombo,ගල්කිස්ස නගරාසන්නයේ පිහිටි දෙමහල් නිවසක් විකිණීමට ඇත. (ID: MOU003S),Bedrooms: 5 | Bathrooms: 4,MEMBER,"Rs 65,000,000",8 days
https://ikman.lk/en/ad/two-story-house-for-sale-casia-avenue-mount-lavinia-id-mou003-for-sale-colombo,"Two story House for sale Casia Avenue, Mount Lavinia (ID: MOU003)",Bedrooms: 5 | Bathrooms: 4,MEMBER,"Rs 65,000,000",8 days
https://ikman.lk/en/ad/aturugiriyee-pihitti-sukhoopbhoogii-nviin-demhl-nivsk-vikinniimtt-idathu037s-for-sale-colombo,අතුරුගිරියේ පිහිටි සුඛෝපභෝගී නවීන දෙමහල් නිවසක් විකිණීමට. (ID:ATHU037S),Bedrooms: 3 | Bathrooms: 3,MEMBER,"Rs 38,500,000",8 days
https://ikman.lk/en/ad/modern-luxury-two-storey-house-for-sale-athurugiriya-id-athu037-for-sale-colombo,Modern Luxury Two Storey House for Sale Athurugiriya (ID : ATHU037),Bedrooms: 3 | Bathrooms: 3,MEMBER,"Rs 38,500,000",8 days
https://ikman.lk/en/ad/house-for-sale-katubedda-moratuwa-for-sale-colombo-5,"House for Sale – Katubedda, Moratuwa",Bedrooms: 3 | Bathrooms: 3,,"Rs 28,000,000",8 days
https://ikman.lk/en/ad/bttrmullee-sukhoopbhoogii-ang-smpuurnn-nivsk-vikinniimtt-aet-id-bth03s-for-sale-colombo,බත්තරමුල්ලේ සුඛෝපභෝගී අංග සම්පූර්ණ නිවසක් විකිණීමට ඇත. (ID: BTH03S),Bedrooms: 5 | Bathrooms: 5,MEMBER,"Rs 57,500,000",8 days
https://ikman.lk/en/ad/luxurious-fully-furnished-house-for-sale-battaramulla-id-bth03-for-sale-colombo,Luxurious Fully Furnished House for Sale Battaramulla. ( ID : BTH03 ),Bedrooms: 5 | Bathrooms: 5,MEMBER,"Rs 57,500,000",8 days
https://ikman.lk/en/ad/2-unit-two-story-house-for-sale-maharagama-for-sale-colombo-1,2 Unit Two Story House for Sale Maharagama,Bedrooms: 4 | Bathrooms: 2,MEMBER,"Rs 19,500,000",8 days
https://ikman.lk/en/ad/luxury-rooftop-house-for-sale-piliyandala-near-kesbewa-junction-for-sale-colombo,Luxury Rooftop House for Sale – Piliyandala (Near Kesbewa Junction),Bedrooms: 4 | Bathrooms: 3,MEMBER,"Rs 46,500,000",8 days
https://ikman.lk/en/ad/nidn-kaamr-5k-demhl-nivsk-vikinniimtt-kottawa-mattegoda-for-sale-colombo-18,නිදන කාමර 5ක දෙමහල් නිවසක් විකිණීමට Kottawa Mattegoda,Bedrooms: 5 | Bathrooms: 3,MEMBER,"Rs 45,000,000",8 days
https://ikman.lk/en/ad/brand-new-two-story-house-for-sale-in-wellampitiya-for-sale-colombo-4,Brand New Two-Story House for Sale in Wellampitiya,Bedrooms: 2 | Bathrooms: 2,MEMBER,"Rs 22,500,000",8 days
https://ikman.lk/en/ad/single-storey-house-for-sale-in-thalawathugoda-for-sale-colombo-11,Single Storey House for Sale in Thalawathugoda,Bedrooms: 3 | Bathrooms: 2,MEMBER,"Rs 34,000,000",8 days
https://ikman.lk/en/ad/2-story-house-for-sale-madivela-for-sale-colombo-1,2 Story House for Sale Madivela,Bedrooms: 5 | Bathrooms: 3,,"Rs 56,000,000",8 days
https://ikman.lk/en/ad/brend-new-single-story-house-athurugiriya-for-sale-colombo,Brend New Single Story House Athurugiriya,Bedrooms: 3 | Bathrooms: 1,,"Rs 23,000,000",8 days
